form_id,move_id,usage_rate,source_url,scraped_at
3,earth-power,78.5,https://op.gg/pokemon-champions/pokedex/venusaur,2026-09-23T08:35:14.730Z
3,giga-drain,63.9,https://op.gg/pokemon-champions/pokedex/venusaur,2026-09-23T08:35:14.730Z
3,sludge-bomb,55.9,https://op.gg/pokemon-champions/pokedex/venusaur,2026-09-23T08:35:14.730Z
3,synthesis,54.6,https://op.gg/pokemon-champions/pokedex/venusaur,2026-09-23T08:35:14.730Z
3,leech-seed,44.1,https://op.gg/pokemon-champions/pokedex/venusaur,2026-09-23T08:35:14.730Z
3,sludge-wave,26,https://op.gg/pokemon-champions/pokedex/venusaur,2026-09-23T08:35:14.730Z
3,weather-ball,16.4,https://op.gg/pokemon-champions/pokedex/venusaur,2026-09-23T08:35:14.730Z
3,sleep-powder,11.6,https://op.gg/pokemon-champions/pokedex/venusaur,2026-09-23T08:35:14.730Z
3,toxic,10.9,https://op.gg/pokemon-champions/pokedex/venusaur,2026-09-23T08:35:14.730Z
3,growth,9.8,https://op.gg/pokemon-champions/pokedex/venusaur,2026-09-23T08:35:14.730Z
6,solar-beam,71.8,https://op.gg/pokemon-champions/pokedex/charizard,2026-09-23T08:35:14.730Z
6,flamethrower,52.9,https://op.gg/pokemon-champions/pokedex/charizard,2026-09-23T08:35:14.730Z
6,air-slash,37,https://op.gg/pokemon-champions/pokedex/charizard,2026-09-23T08:35:14.730Z
6,dragon-pulse,33.5,https://op.gg/pokemon-champions/pokedex/charizard,2026-09-23T08:35:14.730Z
6,roost,28.8,https://op.gg/pokemon-champions/pokedex/charizard,2026-09-23T08:35:14.730Z
6,flare-blitz,23.6,https://op.gg/pokemon-champions/pokedex/charizard,2026-09-23T08:35:14.730Z
6,flame-charge,21.5,https://op.gg/pokemon-champions/pokedex/charizard,2026-09-23T08:35:14.730Z
6,weather-ball,17.9,https://op.gg/pokemon-champions/pokedex/charizard,2026-09-23T08:35:14.730Z
6,overheat,16.8,https://op.gg/pokemon-champions/pokedex/charizard,2026-09-23T08:35:14.730Z
6,dragon-dance,16.7,https://op.gg/pokemon-champions/pokedex/charizard,2026-09-23T08:35:14.730Z
9,shell-smash,90.9,https://op.gg/pokemon-champions/pokedex/blastoise,2026-09-23T08:35:14.730Z
9,aura-sphere,86.6,https://op.gg/pokemon-champions/pokedex/blastoise,2026-09-23T08:35:14.730Z
9,dark-pulse,82.3,https://op.gg/pokemon-champions/pokedex/blastoise,2026-09-23T08:35:14.730Z
9,terrain-pulse,74.9,https://op.gg/pokemon-champions/pokedex/blastoise,2026-09-23T08:35:14.730Z
9,water-pulse,22.8,https://op.gg/pokemon-champions/pokedex/blastoise,2026-09-23T08:35:14.730Z
9,ice-beam,20.9,https://op.gg/pokemon-champions/pokedex/blastoise,2026-09-23T08:35:14.730Z
9,dragon-pulse,5.4,https://op.gg/pokemon-champions/pokedex/blastoise,2026-09-23T08:35:14.730Z
9,water-spout,4.1,https://op.gg/pokemon-champions/pokedex/blastoise,2026-09-23T08:35:14.730Z
9,surf,2.8,https://op.gg/pokemon-champions/pokedex/blastoise,2026-09-23T08:35:14.730Z
9,aqua-jet,2.3,https://op.gg/pokemon-champions/pokedex/blastoise,2026-09-23T08:35:14.730Z
15,poison-jab,93.9,https://op.gg/pokemon-champions/pokedex/beedrill,2026-09-23T08:35:14.730Z
15,u-turn,75.4,https://op.gg/pokemon-champions/pokedex/beedrill,2026-09-23T08:35:14.730Z
15,drill-run,74.7,https://op.gg/pokemon-champions/pokedex/beedrill,2026-09-23T08:35:14.730Z
15,fell-stinger,56.8,https://op.gg/pokemon-champions/pokedex/beedrill,2026-09-23T08:35:14.730Z
15,knock-off,36.2,https://op.gg/pokemon-champions/pokedex/beedrill,2026-09-23T08:35:14.730Z
15,lunge,11.7,https://op.gg/pokemon-champions/pokedex/beedrill,2026-09-23T08:35:14.730Z
15,swords-dance,6.8,https://op.gg/pokemon-champions/pokedex/beedrill,2026-09-23T08:35:14.730Z
15,pin-missile,5.6,https://op.gg/pokemon-champions/pokedex/beedrill,2026-09-23T08:35:14.730Z
15,brick-break,5.3,https://op.gg/pokemon-champions/pokedex/beedrill,2026-09-23T08:35:14.730Z
15,protect,5.3,https://op.gg/pokemon-champions/pokedex/beedrill,2026-09-23T08:35:14.730Z
18,hurricane,98.4,https://op.gg/pokemon-champions/pokedex/pidgeot,2026-09-23T08:35:14.730Z
18,heat-wave,97.7,https://op.gg/pokemon-champions/pokedex/pidgeot,2026-09-23T08:35:14.730Z
18,substitute,46.8,https://op.gg/pokemon-champions/pokedex/pidgeot,2026-09-23T08:35:14.730Z
18,hyper-beam,45.8,https://op.gg/pokemon-champions/pokedex/pidgeot,2026-09-23T08:35:14.730Z
18,roost,44,https://op.gg/pokemon-champions/pokedex/pidgeot,2026-09-23T08:35:14.730Z
18,quick-attack,19.2,https://op.gg/pokemon-champions/pokedex/pidgeot,2026-09-23T08:35:14.730Z
18,u-turn,12.5,https://op.gg/pokemon-champions/pokedex/pidgeot,2026-09-23T08:35:14.730Z
18,tailwind,7.7,https://op.gg/pokemon-champions/pokedex/pidgeot,2026-09-23T08:35:14.730Z
18,whirlwind,6.3,https://op.gg/pokemon-champions/pokedex/pidgeot,2026-09-23T08:35:14.730Z
18,feather-dance,5.7,https://op.gg/pokemon-champions/pokedex/pidgeot,2026-09-23T08:35:14.730Z
24,glare,69.3,https://op.gg/pokemon-champions/pokedex/arbok,2026-09-23T08:35:14.730Z
24,toxic-spikes,54.4,https://op.gg/pokemon-champions/pokedex/arbok,2026-09-23T08:35:14.730Z
24,dragon-tail,45.9,https://op.gg/pokemon-champions/pokedex/arbok,2026-09-23T08:35:14.730Z
24,gunk-shot,36.4,https://op.gg/pokemon-champions/pokedex/arbok,2026-09-23T08:35:14.730Z
24,knock-off,26.6,https://op.gg/pokemon-champions/pokedex/arbok,2026-09-23T08:35:14.730Z
24,pain-split,22.1,https://op.gg/pokemon-champions/pokedex/arbok,2026-09-23T08:35:14.730Z
24,earthquake,16.1,https://op.gg/pokemon-champions/pokedex/arbok,2026-09-23T08:35:14.730Z
24,toxic,11.4,https://op.gg/pokemon-champions/pokedex/arbok,2026-09-23T08:35:14.730Z
24,coil,11.1,https://op.gg/pokemon-champions/pokedex/arbok,2026-09-23T08:35:14.730Z
24,sucker-punch,9.8,https://op.gg/pokemon-champions/pokedex/arbok,2026-09-23T08:35:14.730Z
25,quick-attack,42,https://op.gg/pokemon-champions/pokedex/pikachu,2026-09-23T08:35:14.730Z
25,volt-tackle,35.6,https://op.gg/pokemon-champions/pokedex/pikachu,2026-09-23T08:35:14.730Z
25,grass-knot,34.4,https://op.gg/pokemon-champions/pokedex/pikachu,2026-09-23T08:35:14.730Z
25,surf,32.8,https://op.gg/pokemon-champions/pokedex/pikachu,2026-09-23T08:35:14.730Z
25,thunderbolt,29.8,https://op.gg/pokemon-champions/pokedex/pikachu,2026-09-23T08:35:14.730Z
25,fake-out,25.9,https://op.gg/pokemon-champions/pokedex/pikachu,2026-09-23T08:35:14.730Z
25,endeavor,25.8,https://op.gg/pokemon-champions/pokedex/pikachu,2026-09-23T08:35:14.730Z
25,thunder,19.8,https://op.gg/pokemon-champions/pokedex/pikachu,2026-09-23T08:35:14.730Z
25,encore,19,https://op.gg/pokemon-champions/pokedex/pikachu,2026-09-23T08:35:14.730Z
25,nuzzle,16.2,https://op.gg/pokemon-champions/pokedex/pikachu,2026-09-23T08:35:14.730Z
26,zap-cannon,92.5,https://op.gg/pokemon-champions/pokedex/raichu,2026-09-23T08:35:14.730Z
26,focus-blast,92.1,https://op.gg/pokemon-champions/pokedex/raichu,2026-09-23T08:35:14.730Z
26,grass-knot,62.6,https://op.gg/pokemon-champions/pokedex/raichu,2026-09-23T08:35:14.730Z
26,substitute,24.8,https://op.gg/pokemon-champions/pokedex/raichu,2026-09-23T08:35:14.730Z
26,volt-switch,21.1,https://op.gg/pokemon-champions/pokedex/raichu,2026-09-23T08:35:14.730Z
26,nasty-plot,18.8,https://op.gg/pokemon-champions/pokedex/raichu,2026-09-23T08:35:14.730Z
26,fake-out,16.3,https://op.gg/pokemon-champions/pokedex/raichu,2026-09-23T08:35:14.730Z
26,encore,14.5,https://op.gg/pokemon-champions/pokedex/raichu,2026-09-23T08:35:14.730Z
26,alluring-voice,12.3,https://op.gg/pokemon-champions/pokedex/raichu,2026-09-23T08:35:14.730Z
26,protect,5.2,https://op.gg/pokemon-champions/pokedex/raichu,2026-09-23T08:35:14.730Z
36,moonlight,81.3,https://op.gg/pokemon-champions/pokedex/clefable,2026-09-23T08:35:14.730Z
36,moonblast,80.5,https://op.gg/pokemon-champions/pokedex/clefable,2026-09-23T08:35:14.730Z
36,cosmic-power,51.3,https://op.gg/pokemon-champions/pokedex/clefable,2026-09-23T08:35:14.730Z
36,flamethrower,47.1,https://op.gg/pokemon-champions/pokedex/clefable,2026-09-23T08:35:14.730Z
36,calm-mind,33.4,https://op.gg/pokemon-champions/pokedex/clefable,2026-09-23T08:35:14.730Z
36,stored-power,29.8,https://op.gg/pokemon-champions/pokedex/clefable,2026-09-23T08:35:14.730Z
36,baton-pass,9.8,https://op.gg/pokemon-champions/pokedex/clefable,2026-09-23T08:35:14.730Z
36,mystical-fire,9.8,https://op.gg/pokemon-champions/pokedex/clefable,2026-09-23T08:35:14.730Z
36,stealth-rock,8.7,https://op.gg/pokemon-champions/pokedex/clefable,2026-09-23T08:35:14.730Z
36,encore,6,https://op.gg/pokemon-champions/pokedex/clefable,2026-09-23T08:35:14.730Z
38,encore,53,https://op.gg/pokemon-champions/pokedex/ninetales,2026-09-23T08:35:14.730Z
38,solar-beam,51,https://op.gg/pokemon-champions/pokedex/ninetales,2026-09-23T08:35:14.730Z
38,will-o-wisp,43.1,https://op.gg/pokemon-champions/pokedex/ninetales,2026-09-23T08:35:14.730Z
38,flamethrower,36.4,https://op.gg/pokemon-champions/pokedex/ninetales,2026-09-23T08:35:14.730Z
38,memento,23.5,https://op.gg/pokemon-champions/pokedex/ninetales,2026-09-23T08:35:14.730Z
38,mystical-fire,22.4,https://op.gg/pokemon-champions/pokedex/ninetales,2026-09-23T08:35:14.730Z
38,overheat,19.2,https://op.gg/pokemon-champions/pokedex/ninetales,2026-09-23T08:35:14.730Z
38,weather-ball,18.5,https://op.gg/pokemon-champions/pokedex/ninetales,2026-09-23T08:35:14.730Z
38,nasty-plot,18.4,https://op.gg/pokemon-champions/pokedex/ninetales,2026-09-23T08:35:14.730Z
38,baton-pass,18.1,https://op.gg/pokemon-champions/pokedex/ninetales,2026-09-23T08:35:14.730Z
40,moonblast,69.2,https://op.gg/pokemon-champions/pokedex/wigglytuff,2026-09-23T08:35:14.730Z
40,stealth-rock,53.5,https://op.gg/pokemon-champions/pokedex/wigglytuff,2026-09-23T08:35:14.730Z
40,flamethrower,35.6,https://op.gg/pokemon-champions/pokedex/wigglytuff,2026-09-23T08:35:14.730Z
40,ice-beam,28.9,https://op.gg/pokemon-champions/pokedex/wigglytuff,2026-09-23T08:35:14.730Z
40,encore,25.8,https://op.gg/pokemon-champions/pokedex/wigglytuff,2026-09-23T08:35:14.730Z
40,fire-blast,19.1,https://op.gg/pokemon-champions/pokedex/wigglytuff,2026-09-23T08:35:14.730Z
40,thunder-wave,16.9,https://op.gg/pokemon-champions/pokedex/wigglytuff,2026-09-23T08:35:14.730Z
40,thunderbolt,15.5,https://op.gg/pokemon-champions/pokedex/wigglytuff,2026-09-23T08:35:14.730Z
40,taunt,12.2,https://op.gg/pokemon-champions/pokedex/wigglytuff,2026-09-23T08:35:14.730Z
40,wish,11.1,https://op.gg/pokemon-champions/pokedex/wigglytuff,2026-09-23T08:35:14.730Z
45,strength-sap,92.7,https://op.gg/pokemon-champions/pokedex/vileplume,2026-09-23T08:35:14.730Z
45,leech-seed,80.8,https://op.gg/pokemon-champions/pokedex/vileplume,2026-09-23T08:35:14.730Z
45,giga-drain,58.3,https://op.gg/pokemon-champions/pokedex/vileplume,2026-09-23T08:35:14.730Z
45,toxic,39.5,https://op.gg/pokemon-champions/pokedex/vileplume,2026-09-23T08:35:14.730Z
45,sludge-bomb,29.6,https://op.gg/pokemon-champions/pokedex/vileplume,2026-09-23T08:35:14.730Z
45,sludge-wave,21.3,https://op.gg/pokemon-champions/pokedex/vileplume,2026-09-23T08:35:14.730Z
45,moonblast,18.8,https://op.gg/pokemon-champions/pokedex/vileplume,2026-09-23T08:35:14.730Z
45,acid-spray,15.3,https://op.gg/pokemon-champions/pokedex/vileplume,2026-09-23T08:35:14.730Z
45,sleep-powder,10.1,https://op.gg/pokemon-champions/pokedex/vileplume,2026-09-23T08:35:14.730Z
45,protect,6.4,https://op.gg/pokemon-champions/pokedex/vileplume,2026-09-23T08:35:14.730Z
53,fake-out,68,https://op.gg/pokemon-champions/pokedex/persian,2026-09-23T08:35:14.730Z
53,feint,45,https://op.gg/pokemon-champions/pokedex/persian,2026-09-23T08:35:14.730Z
53,endeavor,39.9,https://op.gg/pokemon-champions/pokedex/persian,2026-09-23T08:35:14.730Z
53,bite,27.8,https://op.gg/pokemon-champions/pokedex/persian,2026-09-23T08:35:14.730Z
53,taunt,27.4,https://op.gg/pokemon-champions/pokedex/persian,2026-09-23T08:35:14.730Z
53,covet,23.8,https://op.gg/pokemon-champions/pokedex/persian,2026-09-23T08:35:14.730Z
53,u-turn,18.7,https://op.gg/pokemon-champions/pokedex/persian,2026-09-23T08:35:14.730Z
53,icy-wind,15.2,https://op.gg/pokemon-champions/pokedex/persian,2026-09-23T08:35:14.730Z
53,aerial-ace,14.1,https://op.gg/pokemon-champions/pokedex/persian,2026-09-23T08:35:14.730Z
53,trailblaze,13.3,https://op.gg/pokemon-champions/pokedex/persian,2026-09-23T08:35:14.730Z
59,will-o-wisp,73.2,https://op.gg/pokemon-champions/pokedex/arcanine,2026-09-23T08:35:14.730Z
59,morning-sun,73.1,https://op.gg/pokemon-champions/pokedex/arcanine,2026-09-23T08:35:14.730Z
59,flamethrower,39,https://op.gg/pokemon-champions/pokedex/arcanine,2026-09-23T08:35:14.730Z
59,extreme-speed,38.5,https://op.gg/pokemon-champions/pokedex/arcanine,2026-09-23T08:35:14.730Z
59,flare-blitz,37.9,https://op.gg/pokemon-champions/pokedex/arcanine,2026-09-23T08:35:14.730Z
59,snarl,27.7,https://op.gg/pokemon-champions/pokedex/arcanine,2026-09-23T08:35:14.730Z
59,play-rough,15.7,https://op.gg/pokemon-champions/pokedex/arcanine,2026-09-23T08:35:14.730Z
59,burn-up,14.2,https://op.gg/pokemon-champions/pokedex/arcanine,2026-09-23T08:35:14.730Z
59,roar,13.2,https://op.gg/pokemon-champions/pokedex/arcanine,2026-09-23T08:35:14.730Z
59,wild-charge,12.8,https://op.gg/pokemon-champions/pokedex/arcanine,2026-09-23T08:35:14.730Z
65,expanding-force,80.2,https://op.gg/pokemon-champions/pokedex/alakazam,2026-09-23T08:35:14.730Z
65,shadow-ball,79.3,https://op.gg/pokemon-champions/pokedex/alakazam,2026-09-23T08:35:14.730Z
65,focus-blast,61.7,https://op.gg/pokemon-champions/pokedex/alakazam,2026-09-23T08:35:14.730Z
65,dazzling-gleam,45.8,https://op.gg/pokemon-champions/pokedex/alakazam,2026-09-23T08:35:14.730Z
65,encore,28.3,https://op.gg/pokemon-champions/pokedex/alakazam,2026-09-23T08:35:14.730Z
65,nasty-plot,26.9,https://op.gg/pokemon-champions/pokedex/alakazam,2026-09-23T08:35:14.730Z
65,psychic,19.4,https://op.gg/pokemon-champions/pokedex/alakazam,2026-09-23T08:35:14.730Z
65,calm-mind,17,https://op.gg/pokemon-champions/pokedex/alakazam,2026-09-23T08:35:14.730Z
65,energy-ball,12.8,https://op.gg/pokemon-champions/pokedex/alakazam,2026-09-23T08:35:14.730Z
65,substitute,5.3,https://op.gg/pokemon-champions/pokedex/alakazam,2026-09-23T08:35:14.730Z
68,dynamic-punch,76.8,https://op.gg/pokemon-champions/pokedex/machamp,2026-09-23T08:35:14.730Z
68,stone-edge,64.8,https://op.gg/pokemon-champions/pokedex/machamp,2026-09-23T08:35:14.730Z
68,bullet-punch,60.5,https://op.gg/pokemon-champions/pokedex/machamp,2026-09-23T08:35:14.730Z
68,ice-punch,53,https://op.gg/pokemon-champions/pokedex/machamp,2026-09-23T08:35:14.730Z
68,knock-off,19.8,https://op.gg/pokemon-champions/pokedex/machamp,2026-09-23T08:35:14.730Z
68,earthquake,15.9,https://op.gg/pokemon-champions/pokedex/machamp,2026-09-23T08:35:14.730Z
68,darkest-lariat,11,https://op.gg/pokemon-champions/pokedex/machamp,2026-09-23T08:35:14.730Z
68,fire-punch,9.4,https://op.gg/pokemon-champions/pokedex/machamp,2026-09-23T08:35:14.730Z
68,encore,9,https://op.gg/pokemon-champions/pokedex/machamp,2026-09-23T08:35:14.730Z
68,cross-chop,7.8,https://op.gg/pokemon-champions/pokedex/machamp,2026-09-23T08:35:14.730Z
71,strength-sap,93.9,https://op.gg/pokemon-champions/pokedex/victreebel,2026-09-23T08:35:14.730Z
71,giga-drain,75.2,https://op.gg/pokemon-champions/pokedex/victreebel,2026-09-23T08:35:14.730Z
71,sucker-punch,75,https://op.gg/pokemon-champions/pokedex/victreebel,2026-09-23T08:35:14.730Z
71,sludge-bomb,55.6,https://op.gg/pokemon-champions/pokedex/victreebel,2026-09-23T08:35:14.730Z
71,sludge-wave,20.1,https://op.gg/pokemon-champions/pokedex/victreebel,2026-09-23T08:35:14.730Z
71,encore,13.5,https://op.gg/pokemon-champions/pokedex/victreebel,2026-09-23T08:35:14.730Z
71,knock-off,11.8,https://op.gg/pokemon-champions/pokedex/victreebel,2026-09-23T08:35:14.730Z
71,leaf-storm,9.9,https://op.gg/pokemon-champions/pokedex/victreebel,2026-09-23T08:35:14.730Z
71,poison-jab,9.9,https://op.gg/pokemon-champions/pokedex/victreebel,2026-09-23T08:35:14.730Z
71,toxic,5.9,https://op.gg/pokemon-champions/pokedex/victreebel,2026-09-23T08:35:14.730Z
80,slack-off,84.3,https://op.gg/pokemon-champions/pokedex/slowbro,2026-09-23T08:35:14.730Z
80,scald,78.7,https://op.gg/pokemon-champions/pokedex/slowbro,2026-09-23T08:35:14.730Z
80,iron-defense,56.8,https://op.gg/pokemon-champions/pokedex/slowbro,2026-09-23T08:35:14.730Z
80,ice-beam,42.9,https://op.gg/pokemon-champions/pokedex/slowbro,2026-09-23T08:35:14.730Z
80,body-press,34.2,https://op.gg/pokemon-champions/pokedex/slowbro,2026-09-23T08:35:14.730Z
80,calm-mind,19.5,https://op.gg/pokemon-champions/pokedex/slowbro,2026-09-23T08:35:14.730Z
80,flamethrower,13.6,https://op.gg/pokemon-champions/pokedex/slowbro,2026-09-23T08:35:14.730Z
80,psychic,9.1,https://op.gg/pokemon-champions/pokedex/slowbro,2026-09-23T08:35:14.730Z
80,trick-room,8.3,https://op.gg/pokemon-champions/pokedex/slowbro,2026-09-23T08:35:14.730Z
80,yawn,8.1,https://op.gg/pokemon-champions/pokedex/slowbro,2026-09-23T08:35:14.730Z
83,brave-bird,56.4,https://op.gg/pokemon-champions/pokedex/farfetchd,2026-09-23T08:35:14.730Z
83,leaf-blade,41.9,https://op.gg/pokemon-champions/pokedex/farfetchd,2026-09-23T08:35:14.730Z
83,first-impression,35.2,https://op.gg/pokemon-champions/pokedex/farfetchd,2026-09-23T08:35:14.730Z
83,night-slash,33.8,https://op.gg/pokemon-champions/pokedex/farfetchd,2026-09-23T08:35:14.730Z
83,slash,30.8,https://op.gg/pokemon-champions/pokedex/farfetchd,2026-09-23T08:35:14.730Z
83,quick-attack,22.4,https://op.gg/pokemon-champions/pokedex/farfetchd,2026-09-23T08:35:14.730Z
83,swords-dance,21.3,https://op.gg/pokemon-champions/pokedex/farfetchd,2026-09-23T08:35:14.730Z
83,close-combat,20,https://op.gg/pokemon-champions/pokedex/farfetchd,2026-09-23T08:35:14.730Z
83,flail,19.8,https://op.gg/pokemon-champions/pokedex/farfetchd,2026-09-23T08:35:14.730Z
83,final-gambit,13.1,https://op.gg/pokemon-champions/pokedex/farfetchd,2026-09-23T08:35:14.730Z
94,shadow-ball,85.6,https://op.gg/pokemon-champions/pokedex/gengar,2026-09-23T08:35:14.730Z
94,sludge-wave,68.9,https://op.gg/pokemon-champions/pokedex/gengar,2026-09-23T08:35:14.730Z
94,destiny-bond,62.3,https://op.gg/pokemon-champions/pokedex/gengar,2026-09-23T08:35:14.730Z
94,protect,42.3,https://op.gg/pokemon-champions/pokedex/gengar,2026-09-23T08:35:14.730Z
94,icy-wind,30.6,https://op.gg/pokemon-champions/pokedex/gengar,2026-09-23T08:35:14.730Z
94,perish-song,25.2,https://op.gg/pokemon-champions/pokedex/gengar,2026-09-23T08:35:14.730Z
94,hex,10.3,https://op.gg/pokemon-champions/pokedex/gengar,2026-09-23T08:35:14.730Z
94,focus-blast,9.9,https://op.gg/pokemon-champions/pokedex/gengar,2026-09-23T08:35:14.730Z
94,will-o-wisp,9.1,https://op.gg/pokemon-champions/pokedex/gengar,2026-09-23T08:35:14.730Z
94,sludge-bomb,9,https://op.gg/pokemon-champions/pokedex/gengar,2026-09-23T08:35:14.730Z
115,ice-punch,65.5,https://op.gg/pokemon-champions/pokedex/kangaskhan,2026-09-23T08:35:14.730Z
115,earthquake,58.1,https://op.gg/pokemon-champions/pokedex/kangaskhan,2026-09-23T08:35:14.730Z
115,sucker-punch,54.6,https://op.gg/pokemon-champions/pokedex/kangaskhan,2026-09-23T08:35:14.730Z
115,fake-out,54.1,https://op.gg/pokemon-champions/pokedex/kangaskhan,2026-09-23T08:35:14.730Z
115,double-edge,30,https://op.gg/pokemon-champions/pokedex/kangaskhan,2026-09-23T08:35:14.730Z
115,body-slam,28.5,https://op.gg/pokemon-champions/pokedex/kangaskhan,2026-09-23T08:35:14.730Z
115,fire-punch,27.9,https://op.gg/pokemon-champions/pokedex/kangaskhan,2026-09-23T08:35:14.730Z
115,drain-punch,14.6,https://op.gg/pokemon-champions/pokedex/kangaskhan,2026-09-23T08:35:14.730Z
115,last-resort,11.3,https://op.gg/pokemon-champions/pokedex/kangaskhan,2026-09-23T08:35:14.730Z
115,thunder-punch,6.9,https://op.gg/pokemon-champions/pokedex/kangaskhan,2026-09-23T08:35:14.730Z
121,aqua-jet,80,https://op.gg/pokemon-champions/pokedex/starmie,2026-09-23T08:35:14.730Z
121,ice-spinner,77,https://op.gg/pokemon-champions/pokedex/starmie,2026-09-23T08:35:14.730Z
121,liquidation,75.3,https://op.gg/pokemon-champions/pokedex/starmie,2026-09-23T08:35:14.730Z
121,flip-turn,48,https://op.gg/pokemon-champions/pokedex/starmie,2026-09-23T08:35:14.730Z
121,psycho-cut,29.7,https://op.gg/pokemon-champions/pokedex/starmie,2026-09-23T08:35:14.730Z
121,zen-headbutt,27.9,https://op.gg/pokemon-champions/pokedex/starmie,2026-09-23T08:35:14.730Z
121,ice-beam,6.6,https://op.gg/pokemon-champions/pokedex/starmie,2026-09-23T08:35:14.730Z
121,rapid-spin,6.2,https://op.gg/pokemon-champions/pokedex/starmie,2026-09-23T08:35:14.730Z
121,waterfall,5.9,https://op.gg/pokemon-champions/pokedex/starmie,2026-09-23T08:35:14.730Z
121,minimize,5.4,https://op.gg/pokemon-champions/pokedex/starmie,2026-09-23T08:35:14.730Z
122,psychic,54.4,https://op.gg/pokemon-champions/pokedex/mr-mime,2026-09-23T08:35:14.730Z
122,dazzling-gleam,50.8,https://op.gg/pokemon-champions/pokedex/mr-mime,2026-09-23T08:35:14.730Z
122,icy-wind,41.3,https://op.gg/pokemon-champions/pokedex/mr-mime,2026-09-23T08:35:14.730Z
122,mystical-fire,40,https://op.gg/pokemon-champions/pokedex/mr-mime,2026-09-23T08:35:14.730Z
122,charge-beam,24,https://op.gg/pokemon-champions/pokedex/mr-mime,2026-09-23T08:35:14.730Z
122,encore,15.8,https://op.gg/pokemon-champions/pokedex/mr-mime,2026-09-23T08:35:14.730Z
122,focus-blast,14.4,https://op.gg/pokemon-champions/pokedex/mr-mime,2026-09-23T08:35:14.730Z
122,expanding-force,13.8,https://op.gg/pokemon-champions/pokedex/mr-mime,2026-09-23T08:35:14.730Z
122,nasty-plot,12.6,https://op.gg/pokemon-champions/pokedex/mr-mime,2026-09-23T08:35:14.730Z
122,grass-knot,11.2,https://op.gg/pokemon-champions/pokedex/mr-mime,2026-09-23T08:35:14.730Z
127,quick-attack,81.8,https://op.gg/pokemon-champions/pokedex/pinsir,2026-09-23T08:35:14.730Z
127,swords-dance,56.9,https://op.gg/pokemon-champions/pokedex/pinsir,2026-09-23T08:35:14.730Z
127,storm-throw,55.9,https://op.gg/pokemon-champions/pokedex/pinsir,2026-09-23T08:35:14.730Z
127,body-slam,43.1,https://op.gg/pokemon-champions/pokedex/pinsir,2026-09-23T08:35:14.730Z
127,thrash,40.9,https://op.gg/pokemon-champions/pokedex/pinsir,2026-09-23T08:35:14.730Z
127,earthquake,37.1,https://op.gg/pokemon-champions/pokedex/pinsir,2026-09-23T08:35:14.730Z
127,guillotine,15.2,https://op.gg/pokemon-champions/pokedex/pinsir,2026-09-23T08:35:14.730Z
127,bulk-up,12.6,https://op.gg/pokemon-champions/pokedex/pinsir,2026-09-23T08:35:14.730Z
127,feint,10.1,https://op.gg/pokemon-champions/pokedex/pinsir,2026-09-23T08:35:14.730Z
127,close-combat,8.3,https://op.gg/pokemon-champions/pokedex/pinsir,2026-09-23T08:35:14.730Z
128,iron-head,40.9,https://op.gg/pokemon-champions/pokedex/tauros,2026-09-23T08:35:14.730Z
128,close-combat,38.7,https://op.gg/pokemon-champions/pokedex/tauros,2026-09-23T08:35:14.730Z
128,rock-slide,34,https://op.gg/pokemon-champions/pokedex/tauros,2026-09-23T08:35:14.730Z
128,raging-bull,30.9,https://op.gg/pokemon-champions/pokedex/tauros,2026-09-23T08:35:14.730Z
128,earthquake,30.3,https://op.gg/pokemon-champions/pokedex/tauros,2026-09-23T08:35:14.730Z
128,body-slam,27.4,https://op.gg/pokemon-champions/pokedex/tauros,2026-09-23T08:35:14.730Z
128,throat-chop,25.8,https://op.gg/pokemon-champions/pokedex/tauros,2026-09-23T08:35:14.730Z
128,ice-beam,25.4,https://op.gg/pokemon-champions/pokedex/tauros,2026-09-23T08:35:14.730Z
128,thunderbolt,21.1,https://op.gg/pokemon-champions/pokedex/tauros,2026-09-23T08:35:14.730Z
128,fire-blast,18.6,https://op.gg/pokemon-champions/pokedex/tauros,2026-09-23T08:35:14.730Z
130,power-whip,67.1,https://op.gg/pokemon-champions/pokedex/gyarados,2026-09-23T08:35:14.730Z
130,waterfall,56.6,https://op.gg/pokemon-champions/pokedex/gyarados,2026-09-23T08:35:14.730Z
130,avalanche,56.3,https://op.gg/pokemon-champions/pokedex/gyarados,2026-09-23T08:35:14.730Z
130,taunt,52.3,https://op.gg/pokemon-champions/pokedex/gyarados,2026-09-23T08:35:14.730Z
130,earthquake,45.7,https://op.gg/pokemon-champions/pokedex/gyarados,2026-09-23T08:35:14.730Z
130,temper-flare,38.4,https://op.gg/pokemon-champions/pokedex/gyarados,2026-09-23T08:35:14.730Z
130,dragon-dance,30.9,https://op.gg/pokemon-champions/pokedex/gyarados,2026-09-23T08:35:14.730Z
130,ice-fang,26.5,https://op.gg/pokemon-champions/pokedex/gyarados,2026-09-23T08:35:14.730Z
130,thunder-wave,7.3,https://op.gg/pokemon-champions/pokedex/gyarados,2026-09-23T08:35:14.730Z
130,crunch,6,https://op.gg/pokemon-champions/pokedex/gyarados,2026-09-23T08:35:14.730Z
132,transform,100,https://op.gg/pokemon-champions/pokedex/ditto,2026-09-23T08:35:14.730Z
134,wish,73.5,https://op.gg/pokemon-champions/pokedex/vaporeon,2026-09-23T08:35:14.730Z
134,flip-turn,61.2,https://op.gg/pokemon-champions/pokedex/vaporeon,2026-09-23T08:35:14.730Z
134,yawn,55.6,https://op.gg/pokemon-champions/pokedex/vaporeon,2026-09-23T08:35:14.730Z
134,protect,54,https://op.gg/pokemon-champions/pokedex/vaporeon,2026-09-23T08:35:14.730Z
134,scald,42.7,https://op.gg/pokemon-champions/pokedex/vaporeon,2026-09-23T08:35:14.730Z
134,ice-beam,30.1,https://op.gg/pokemon-champions/pokedex/vaporeon,2026-09-23T08:35:14.730Z
134,calm-mind,18.2,https://op.gg/pokemon-champions/pokedex/vaporeon,2026-09-23T08:35:14.730Z
134,acid-armor,17.4,https://op.gg/pokemon-champions/pokedex/vaporeon,2026-09-23T08:35:14.730Z
134,baton-pass,11.7,https://op.gg/pokemon-champions/pokedex/vaporeon,2026-09-23T08:35:14.730Z
134,rest,6.7,https://op.gg/pokemon-champions/pokedex/vaporeon,2026-09-23T08:35:14.730Z
135,thunderbolt,73.8,https://op.gg/pokemon-champions/pokedex/jolteon,2026-09-23T08:35:14.730Z
135,alluring-voice,64.1,https://op.gg/pokemon-champions/pokedex/jolteon,2026-09-23T08:35:14.730Z
135,volt-switch,58.4,https://op.gg/pokemon-champions/pokedex/jolteon,2026-09-23T08:35:14.730Z
135,shadow-ball,45.2,https://op.gg/pokemon-champions/pokedex/jolteon,2026-09-23T08:35:14.730Z
135,yawn,20.4,https://op.gg/pokemon-champions/pokedex/jolteon,2026-09-23T08:35:14.730Z
135,calm-mind,10.9,https://op.gg/pokemon-champions/pokedex/jolteon,2026-09-23T08:35:14.730Z
135,thunder-wave,10.6,https://op.gg/pokemon-champions/pokedex/jolteon,2026-09-23T08:35:14.730Z
135,thunder,9.1,https://op.gg/pokemon-champions/pokedex/jolteon,2026-09-23T08:35:14.730Z
135,mud-slap,8.4,https://op.gg/pokemon-champions/pokedex/jolteon,2026-09-23T08:35:14.730Z
135,weather-ball,7.9,https://op.gg/pokemon-champions/pokedex/jolteon,2026-09-23T08:35:14.730Z
136,flare-blitz,81.6,https://op.gg/pokemon-champions/pokedex/flareon,2026-09-23T08:35:14.730Z
136,will-o-wisp,51.7,https://op.gg/pokemon-champions/pokedex/flareon,2026-09-23T08:35:14.730Z
136,wish,42.8,https://op.gg/pokemon-champions/pokedex/flareon,2026-09-23T08:35:14.730Z
136,quick-attack,31.4,https://op.gg/pokemon-champions/pokedex/flareon,2026-09-23T08:35:14.730Z
136,superpower,29.4,https://op.gg/pokemon-champions/pokedex/flareon,2026-09-23T08:35:14.730Z
136,protect,23.3,https://op.gg/pokemon-champions/pokedex/flareon,2026-09-23T08:35:14.730Z
136,yawn,19.4,https://op.gg/pokemon-champions/pokedex/flareon,2026-09-23T08:35:14.730Z
136,detect,18.9,https://op.gg/pokemon-champions/pokedex/flareon,2026-09-23T08:35:14.730Z
136,endeavor,16.3,https://op.gg/pokemon-champions/pokedex/flareon,2026-09-23T08:35:14.730Z
136,flame-charge,14.2,https://op.gg/pokemon-champions/pokedex/flareon,2026-09-23T08:35:14.730Z
142,dual-wingbeat,68.2,https://op.gg/pokemon-champions/pokedex/aerodactyl,2026-09-23T08:35:14.730Z
142,ice-fang,50.4,https://op.gg/pokemon-champions/pokedex/aerodactyl,2026-09-23T08:35:14.730Z
142,rock-slide,49.2,https://op.gg/pokemon-champions/pokedex/aerodactyl,2026-09-23T08:35:14.730Z
142,earthquake,48.7,https://op.gg/pokemon-champions/pokedex/aerodactyl,2026-09-23T08:35:14.730Z
142,taunt,27.1,https://op.gg/pokemon-champions/pokedex/aerodactyl,2026-09-23T08:35:14.730Z
142,dragon-dance,24.1,https://op.gg/pokemon-champions/pokedex/aerodactyl,2026-09-23T08:35:14.730Z
142,stone-edge,19.7,https://op.gg/pokemon-champions/pokedex/aerodactyl,2026-09-23T08:35:14.730Z
142,stealth-rock,18.8,https://op.gg/pokemon-champions/pokedex/aerodactyl,2026-09-23T08:35:14.730Z
142,fire-fang,12.8,https://op.gg/pokemon-champions/pokedex/aerodactyl,2026-09-23T08:35:14.730Z
142,tailwind,10.4,https://op.gg/pokemon-champions/pokedex/aerodactyl,2026-09-23T08:35:14.730Z
143,earthquake,55.4,https://op.gg/pokemon-champions/pokedex/snorlax,2026-09-23T08:35:14.730Z
143,fissure,41.5,https://op.gg/pokemon-champions/pokedex/snorlax,2026-09-23T08:35:14.730Z
143,yawn,40.3,https://op.gg/pokemon-champions/pokedex/snorlax,2026-09-23T08:35:14.730Z
143,ice-punch,38,https://op.gg/pokemon-champions/pokedex/snorlax,2026-09-23T08:35:14.730Z
143,rest,34.9,https://op.gg/pokemon-champions/pokedex/snorlax,2026-09-23T08:35:14.730Z
143,smack-down,23,https://op.gg/pokemon-champions/pokedex/snorlax,2026-09-23T08:35:14.730Z
143,self-destruct,17.5,https://op.gg/pokemon-champions/pokedex/snorlax,2026-09-23T08:35:14.730Z
143,body-slam,17,https://op.gg/pokemon-champions/pokedex/snorlax,2026-09-23T08:35:14.730Z
143,counter,14,https://op.gg/pokemon-champions/pokedex/snorlax,2026-09-23T08:35:14.730Z
143,heat-crash,12.7,https://op.gg/pokemon-champions/pokedex/snorlax,2026-09-23T08:35:14.730Z
149,flamethrower,55.2,https://op.gg/pokemon-champions/pokedex/dragonite,2026-09-23T08:35:14.730Z
149,roost,50.9,https://op.gg/pokemon-champions/pokedex/dragonite,2026-09-23T08:35:14.730Z
149,extreme-speed,48.4,https://op.gg/pokemon-champions/pokedex/dragonite,2026-09-23T08:35:14.730Z
149,draco-meteor,45.8,https://op.gg/pokemon-champions/pokedex/dragonite,2026-09-23T08:35:14.730Z
149,thunderbolt,33.4,https://op.gg/pokemon-champions/pokedex/dragonite,2026-09-23T08:35:14.730Z
149,air-slash,30,https://op.gg/pokemon-champions/pokedex/dragonite,2026-09-23T08:35:14.730Z
149,earthquake,23,https://op.gg/pokemon-champions/pokedex/dragonite,2026-09-23T08:35:14.730Z
149,ice-beam,16.9,https://op.gg/pokemon-champions/pokedex/dragonite,2026-09-23T08:35:14.730Z
149,dragon-pulse,15.7,https://op.gg/pokemon-champions/pokedex/dragonite,2026-09-23T08:35:14.730Z
149,dragon-tail,13.9,https://op.gg/pokemon-champions/pokedex/dragonite,2026-09-23T08:35:14.730Z
154,weather-ball,97.7,https://op.gg/pokemon-champions/pokedex/meganium,2026-09-23T08:35:14.730Z
154,dazzling-gleam,90.4,https://op.gg/pokemon-champions/pokedex/meganium,2026-09-23T08:35:14.730Z
154,solar-beam,86.8,https://op.gg/pokemon-champions/pokedex/meganium,2026-09-23T08:35:14.730Z
154,synthesis,63.1,https://op.gg/pokemon-champions/pokedex/meganium,2026-09-23T08:35:14.730Z
154,substitute,22.3,https://op.gg/pokemon-champions/pokedex/meganium,2026-09-23T08:35:14.730Z
154,earth-power,14.5,https://op.gg/pokemon-champions/pokedex/meganium,2026-09-23T08:35:14.730Z
154,trailblaze,10.3,https://op.gg/pokemon-champions/pokedex/meganium,2026-09-23T08:35:14.730Z
154,protect,3.3,https://op.gg/pokemon-champions/pokedex/meganium,2026-09-23T08:35:14.730Z
154,ancient-power,2.7,https://op.gg/pokemon-champions/pokedex/meganium,2026-09-23T08:35:14.730Z
154,leech-seed,2.3,https://op.gg/pokemon-champions/pokedex/meganium,2026-09-23T08:35:14.730Z
157,eruption,71.7,https://op.gg/pokemon-champions/pokedex/typhlosion,2026-09-23T08:35:14.730Z
157,scorching-sands,58.1,https://op.gg/pokemon-champions/pokedex/typhlosion,2026-09-23T08:35:14.730Z
157,shadow-ball,42.2,https://op.gg/pokemon-champions/pokedex/typhlosion,2026-09-23T08:35:14.730Z
157,flamethrower,30.7,https://op.gg/pokemon-champions/pokedex/typhlosion,2026-09-23T08:35:14.730Z
157,burn-up,30,https://op.gg/pokemon-champions/pokedex/typhlosion,2026-09-23T08:35:14.730Z
157,focus-blast,28.3,https://op.gg/pokemon-champions/pokedex/typhlosion,2026-09-23T08:35:14.730Z
157,endeavor,17.7,https://op.gg/pokemon-champions/pokedex/typhlosion,2026-09-23T08:35:14.730Z
157,quick-attack,17.1,https://op.gg/pokemon-champions/pokedex/typhlosion,2026-09-23T08:35:14.730Z
157,overheat,14.5,https://op.gg/pokemon-champions/pokedex/typhlosion,2026-09-23T08:35:14.730Z
157,fire-blast,10.7,https://op.gg/pokemon-champions/pokedex/typhlosion,2026-09-23T08:35:14.730Z
160,liquidation,77.7,https://op.gg/pokemon-champions/pokedex/feraligatr,2026-09-23T08:35:14.730Z
160,dragon-dance,54.9,https://op.gg/pokemon-champions/pokedex/feraligatr,2026-09-23T08:35:14.730Z
160,aqua-jet,47.4,https://op.gg/pokemon-champions/pokedex/feraligatr,2026-09-23T08:35:14.730Z
160,ice-punch,46.9,https://op.gg/pokemon-champions/pokedex/feraligatr,2026-09-23T08:35:14.730Z
160,earthquake,34.5,https://op.gg/pokemon-champions/pokedex/feraligatr,2026-09-23T08:35:14.730Z
160,double-edge,23.1,https://op.gg/pokemon-champions/pokedex/feraligatr,2026-09-23T08:35:14.730Z
160,body-slam,17.1,https://op.gg/pokemon-champions/pokedex/feraligatr,2026-09-23T08:35:14.730Z
160,swords-dance,12.7,https://op.gg/pokemon-champions/pokedex/feraligatr,2026-09-23T08:35:14.730Z
160,crunch,10.5,https://op.gg/pokemon-champions/pokedex/feraligatr,2026-09-23T08:35:14.730Z
160,waterfall,9.6,https://op.gg/pokemon-champions/pokedex/feraligatr,2026-09-23T08:35:14.730Z
168,sticky-web,84.5,https://op.gg/pokemon-champions/pokedex/ariados,2026-09-23T08:35:14.730Z
168,toxic-thread,80.6,https://op.gg/pokemon-champions/pokedex/ariados,2026-09-23T08:35:14.730Z
168,first-impression,58.3,https://op.gg/pokemon-champions/pokedex/ariados,2026-09-23T08:35:14.730Z
168,sucker-punch,34.8,https://op.gg/pokemon-champions/pokedex/ariados,2026-09-23T08:35:14.730Z
168,toxic-spikes,29.4,https://op.gg/pokemon-champions/pokedex/ariados,2026-09-23T08:35:14.730Z
168,knock-off,19,https://op.gg/pokemon-champions/pokedex/ariados,2026-09-23T08:35:14.730Z
168,poison-jab,11.4,https://op.gg/pokemon-champions/pokedex/ariados,2026-09-23T08:35:14.730Z
168,foul-play,9.2,https://op.gg/pokemon-champions/pokedex/ariados,2026-09-23T08:35:14.730Z
168,cross-poison,9,https://op.gg/pokemon-champions/pokedex/ariados,2026-09-23T08:35:14.730Z
168,shadow-sneak,9,https://op.gg/pokemon-champions/pokedex/ariados,2026-09-23T08:35:14.730Z
181,dragon-pulse,87.8,https://op.gg/pokemon-champions/pokedex/ampharos,2026-09-23T08:35:14.730Z
181,parabolic-charge,62.8,https://op.gg/pokemon-champions/pokedex/ampharos,2026-09-23T08:35:14.730Z
181,cotton-guard,56.8,https://op.gg/pokemon-champions/pokedex/ampharos,2026-09-23T08:35:14.730Z
181,thunderbolt,47.8,https://op.gg/pokemon-champions/pokedex/ampharos,2026-09-23T08:35:14.730Z
181,power-gem,30.8,https://op.gg/pokemon-champions/pokedex/ampharos,2026-09-23T08:35:14.730Z
181,focus-blast,29.9,https://op.gg/pokemon-champions/pokedex/ampharos,2026-09-23T08:35:14.730Z
181,charge,24,https://op.gg/pokemon-champions/pokedex/ampharos,2026-09-23T08:35:14.730Z
181,volt-switch,15.4,https://op.gg/pokemon-champions/pokedex/ampharos,2026-09-23T08:35:14.730Z
181,dazzling-gleam,12.1,https://op.gg/pokemon-champions/pokedex/ampharos,2026-09-23T08:35:14.730Z
181,thunder,3.8,https://op.gg/pokemon-champions/pokedex/ampharos,2026-09-23T08:35:14.730Z
184,play-rough,88.7,https://op.gg/pokemon-champions/pokedex/azumarill,2026-09-23T08:35:14.730Z
184,aqua-jet,88.5,https://op.gg/pokemon-champions/pokedex/azumarill,2026-09-23T08:35:14.730Z
184,liquidation,57.9,https://op.gg/pokemon-champions/pokedex/azumarill,2026-09-23T08:35:14.730Z
184,belly-drum,48.2,https://op.gg/pokemon-champions/pokedex/azumarill,2026-09-23T08:35:14.730Z
184,superpower,31.8,https://op.gg/pokemon-champions/pokedex/azumarill,2026-09-23T08:35:14.730Z
184,ice-spinner,12.7,https://op.gg/pokemon-champions/pokedex/azumarill,2026-09-23T08:35:14.730Z
184,knock-off,10.7,https://op.gg/pokemon-champions/pokedex/azumarill,2026-09-23T08:35:14.730Z
184,perish-song,9.1,https://op.gg/pokemon-champions/pokedex/azumarill,2026-09-23T08:35:14.730Z
184,encore,8.9,https://op.gg/pokemon-champions/pokedex/azumarill,2026-09-23T08:35:14.730Z
184,protect,8.5,https://op.gg/pokemon-champions/pokedex/azumarill,2026-09-23T08:35:14.730Z
186,encore,85,https://op.gg/pokemon-champions/pokedex/politoed,2026-09-23T08:35:14.730Z
186,ice-beam,67.4,https://op.gg/pokemon-champions/pokedex/politoed,2026-09-23T08:35:14.730Z
186,surf,61.7,https://op.gg/pokemon-champions/pokedex/politoed,2026-09-23T08:35:14.730Z
186,perish-song,53.9,https://op.gg/pokemon-champions/pokedex/politoed,2026-09-23T08:35:14.730Z
186,weather-ball,32.8,https://op.gg/pokemon-champions/pokedex/politoed,2026-09-23T08:35:14.730Z
186,protect,31.6,https://op.gg/pokemon-champions/pokedex/politoed,2026-09-23T08:35:14.730Z
186,endeavor,28.1,https://op.gg/pokemon-champions/pokedex/politoed,2026-09-23T08:35:14.730Z
186,earth-power,7.2,https://op.gg/pokemon-champions/pokedex/politoed,2026-09-23T08:35:14.730Z
186,hypnosis,5.4,https://op.gg/pokemon-champions/pokedex/politoed,2026-09-23T08:35:14.730Z
186,hydro-pump,3.7,https://op.gg/pokemon-champions/pokedex/politoed,2026-09-23T08:35:14.730Z
196,psychic,66.7,https://op.gg/pokemon-champions/pokedex/espeon,2026-09-23T08:35:14.730Z
196,alluring-voice,45.2,https://op.gg/pokemon-champions/pokedex/espeon,2026-09-23T08:35:14.730Z
196,power-gem,35.9,https://op.gg/pokemon-champions/pokedex/espeon,2026-09-23T08:35:14.730Z
196,shadow-ball,34.3,https://op.gg/pokemon-champions/pokedex/espeon,2026-09-23T08:35:14.730Z
196,grass-knot,25.3,https://op.gg/pokemon-champions/pokedex/espeon,2026-09-23T08:35:14.730Z
196,trick,24.9,https://op.gg/pokemon-champions/pokedex/espeon,2026-09-23T08:35:14.730Z
196,yawn,24,https://op.gg/pokemon-champions/pokedex/espeon,2026-09-23T08:35:14.730Z
196,calm-mind,18.1,https://op.gg/pokemon-champions/pokedex/espeon,2026-09-23T08:35:14.730Z
196,reflect,15.4,https://op.gg/pokemon-champions/pokedex/espeon,2026-09-23T08:35:14.730Z
196,light-screen,13.4,https://op.gg/pokemon-champions/pokedex/espeon,2026-09-23T08:35:14.730Z
197,foul-play,95.4,https://op.gg/pokemon-champions/pokedex/umbreon,2026-09-23T08:35:14.730Z
197,protect,79.1,https://op.gg/pokemon-champions/pokedex/umbreon,2026-09-23T08:35:14.730Z
197,wish,77.8,https://op.gg/pokemon-champions/pokedex/umbreon,2026-09-23T08:35:14.730Z
197,toxic,49.8,https://op.gg/pokemon-champions/pokedex/umbreon,2026-09-23T08:35:14.730Z
197,yawn,48.4,https://op.gg/pokemon-champions/pokedex/umbreon,2026-09-23T08:35:14.730Z
197,moonlight,20.1,https://op.gg/pokemon-champions/pokedex/umbreon,2026-09-23T08:35:14.730Z
197,detect,6.7,https://op.gg/pokemon-champions/pokedex/umbreon,2026-09-23T08:35:14.730Z
197,taunt,4.9,https://op.gg/pokemon-champions/pokedex/umbreon,2026-09-23T08:35:14.730Z
197,baton-pass,3,https://op.gg/pokemon-champions/pokedex/umbreon,2026-09-23T08:35:14.730Z
197,snarl,2.9,https://op.gg/pokemon-champions/pokedex/umbreon,2026-09-23T08:35:14.730Z
199,chilly-reception,87.1,https://op.gg/pokemon-champions/pokedex/slowking,2026-09-23T08:35:14.730Z
199,scald,75.1,https://op.gg/pokemon-champions/pokedex/slowking,2026-09-23T08:35:14.730Z
199,yawn,65.3,https://op.gg/pokemon-champions/pokedex/slowking,2026-09-23T08:35:14.730Z
199,slack-off,46.6,https://op.gg/pokemon-champions/pokedex/slowking,2026-09-23T08:35:14.730Z
199,ice-beam,23.2,https://op.gg/pokemon-champions/pokedex/slowking,2026-09-23T08:35:14.730Z
199,trick-room,16.8,https://op.gg/pokemon-champions/pokedex/slowking,2026-09-23T08:35:14.730Z
199,psychic,13.6,https://op.gg/pokemon-champions/pokedex/slowking,2026-09-23T08:35:14.730Z
199,flamethrower,11.8,https://op.gg/pokemon-champions/pokedex/slowking,2026-09-23T08:35:14.730Z
199,surf,8.8,https://op.gg/pokemon-champions/pokedex/slowking,2026-09-23T08:35:14.730Z
199,psychic-noise,6.5,https://op.gg/pokemon-champions/pokedex/slowking,2026-09-23T08:35:14.730Z
205,stealth-rock,68.3,https://op.gg/pokemon-champions/pokedex/forretress,2026-09-23T08:35:14.730Z
205,explosion,43.1,https://op.gg/pokemon-champions/pokedex/forretress,2026-09-23T08:35:14.730Z
205,volt-switch,39.8,https://op.gg/pokemon-champions/pokedex/forretress,2026-09-23T08:35:14.730Z
205,body-press,35.6,https://op.gg/pokemon-champions/pokedex/forretress,2026-09-23T08:35:14.730Z
205,rapid-spin,32.6,https://op.gg/pokemon-champions/pokedex/forretress,2026-09-23T08:35:14.730Z
205,ice-spinner,21.4,https://op.gg/pokemon-champions/pokedex/forretress,2026-09-23T08:35:14.730Z
205,toxic-spikes,20.8,https://op.gg/pokemon-champions/pokedex/forretress,2026-09-23T08:35:14.730Z
205,spikes,17.8,https://op.gg/pokemon-champions/pokedex/forretress,2026-09-23T08:35:14.730Z
205,iron-defense,15.7,https://op.gg/pokemon-champions/pokedex/forretress,2026-09-23T08:35:14.730Z
205,gyro-ball,14.1,https://op.gg/pokemon-champions/pokedex/forretress,2026-09-23T08:35:14.730Z
208,earthquake,72.2,https://op.gg/pokemon-champions/pokedex/steelix,2026-09-23T08:35:14.730Z
208,body-press,64.6,https://op.gg/pokemon-champions/pokedex/steelix,2026-09-23T08:35:14.730Z
208,heavy-slam,38,https://op.gg/pokemon-champions/pokedex/steelix,2026-09-23T08:35:14.730Z
208,stealth-rock,36.4,https://op.gg/pokemon-champions/pokedex/steelix,2026-09-23T08:35:14.730Z
208,iron-defense,30.9,https://op.gg/pokemon-champions/pokedex/steelix,2026-09-23T08:35:14.730Z
208,dragon-tail,15.6,https://op.gg/pokemon-champions/pokedex/steelix,2026-09-23T08:35:14.730Z
208,ice-fang,13.9,https://op.gg/pokemon-champions/pokedex/steelix,2026-09-23T08:35:14.730Z
208,gyro-ball,12.9,https://op.gg/pokemon-champions/pokedex/steelix,2026-09-23T08:35:14.730Z
208,iron-head,10.4,https://op.gg/pokemon-champions/pokedex/steelix,2026-09-23T08:35:14.730Z
208,fissure,10.2,https://op.gg/pokemon-champions/pokedex/steelix,2026-09-23T08:35:14.730Z
211,flip-turn,53.7,https://op.gg/pokemon-champions/pokedex/qwilfish,2026-09-23T08:35:14.730Z
211,barb-barrage,51.5,https://op.gg/pokemon-champions/pokedex/qwilfish,2026-09-23T08:35:14.730Z
211,destiny-bond,37.7,https://op.gg/pokemon-champions/pokedex/qwilfish,2026-09-23T08:35:14.730Z
211,toxic-spikes,30,https://op.gg/pokemon-champions/pokedex/qwilfish,2026-09-23T08:35:14.730Z
211,liquidation,29.3,https://op.gg/pokemon-champions/pokedex/qwilfish,2026-09-23T08:35:14.730Z
211,taunt,24.2,https://op.gg/pokemon-champions/pokedex/qwilfish,2026-09-23T08:35:14.730Z
211,toxic,21.9,https://op.gg/pokemon-champions/pokedex/qwilfish,2026-09-23T08:35:14.730Z
211,spikes,20,https://op.gg/pokemon-champions/pokedex/qwilfish,2026-09-23T08:35:14.730Z
211,minimize,13.9,https://op.gg/pokemon-champions/pokedex/qwilfish,2026-09-23T08:35:14.730Z
211,thunder-wave,12.1,https://op.gg/pokemon-champions/pokedex/qwilfish,2026-09-23T08:35:14.730Z
212,bullet-punch,99.6,https://op.gg/pokemon-champions/pokedex/scizor,2026-09-23T08:35:14.730Z
212,swords-dance,62.1,https://op.gg/pokemon-champions/pokedex/scizor,2026-09-23T08:35:14.730Z
212,u-turn,58.4,https://op.gg/pokemon-champions/pokedex/scizor,2026-09-23T08:35:14.730Z
212,roost,55.5,https://op.gg/pokemon-champions/pokedex/scizor,2026-09-23T08:35:14.730Z
212,knock-off,36.9,https://op.gg/pokemon-champions/pokedex/scizor,2026-09-23T08:35:14.730Z
212,close-combat,34.9,https://op.gg/pokemon-champions/pokedex/scizor,2026-09-23T08:35:14.730Z
212,dual-wingbeat,11.4,https://op.gg/pokemon-champions/pokedex/scizor,2026-09-23T08:35:14.730Z
212,curse,8.5,https://op.gg/pokemon-champions/pokedex/scizor,2026-09-23T08:35:14.730Z
212,defog,6.9,https://op.gg/pokemon-champions/pokedex/scizor,2026-09-23T08:35:14.730Z
212,bug-bite,6.4,https://op.gg/pokemon-champions/pokedex/scizor,2026-09-23T08:35:14.730Z
214,rock-blast,85.6,https://op.gg/pokemon-champions/pokedex/heracross,2026-09-23T08:35:14.730Z
214,close-combat,84.1,https://op.gg/pokemon-champions/pokedex/heracross,2026-09-23T08:35:14.730Z
214,bullet-seed,78,https://op.gg/pokemon-champions/pokedex/heracross,2026-09-23T08:35:14.730Z
214,pin-missile,65.1,https://op.gg/pokemon-champions/pokedex/heracross,2026-09-23T08:35:14.730Z
214,earthquake,46.1,https://op.gg/pokemon-champions/pokedex/heracross,2026-09-23T08:35:14.730Z
214,trailblaze,12.7,https://op.gg/pokemon-champions/pokedex/heracross,2026-09-23T08:35:14.730Z
214,swords-dance,3.5,https://op.gg/pokemon-champions/pokedex/heracross,2026-09-23T08:35:14.730Z
214,megahorn,2.9,https://op.gg/pokemon-champions/pokedex/heracross,2026-09-23T08:35:14.730Z
214,feint,2.5,https://op.gg/pokemon-champions/pokedex/heracross,2026-09-23T08:35:14.730Z
214,knock-off,2.4,https://op.gg/pokemon-champions/pokedex/heracross,2026-09-23T08:35:14.730Z
227,roost,74.1,https://op.gg/pokemon-champions/pokedex/skarmory,2026-09-23T08:35:14.730Z
227,stealth-rock,70.7,https://op.gg/pokemon-champions/pokedex/skarmory,2026-09-23T08:35:14.730Z
227,whirlwind,58,https://op.gg/pokemon-champions/pokedex/skarmory,2026-09-23T08:35:14.730Z
227,body-press,39.3,https://op.gg/pokemon-champions/pokedex/skarmory,2026-09-23T08:35:14.730Z
227,iron-defense,25.3,https://op.gg/pokemon-champions/pokedex/skarmory,2026-09-23T08:35:14.730Z
227,taunt,24.9,https://op.gg/pokemon-champions/pokedex/skarmory,2026-09-23T08:35:14.730Z
227,spikes,22.1,https://op.gg/pokemon-champions/pokedex/skarmory,2026-09-23T08:35:14.730Z
227,iron-head,21.4,https://op.gg/pokemon-champions/pokedex/skarmory,2026-09-23T08:35:14.730Z
227,brave-bird,20.2,https://op.gg/pokemon-champions/pokedex/skarmory,2026-09-23T08:35:14.730Z
227,swords-dance,10.3,https://op.gg/pokemon-champions/pokedex/skarmory,2026-09-23T08:35:14.730Z
229,dark-pulse,81.6,https://op.gg/pokemon-champions/pokedex/houndoom,2026-09-23T08:35:14.730Z
229,flamethrower,71.3,https://op.gg/pokemon-champions/pokedex/houndoom,2026-09-23T08:35:14.730Z
229,destiny-bond,57.4,https://op.gg/pokemon-champions/pokedex/houndoom,2026-09-23T08:35:14.730Z
229,sucker-punch,40.8,https://op.gg/pokemon-champions/pokedex/houndoom,2026-09-23T08:35:14.730Z
229,counter,22.2,https://op.gg/pokemon-champions/pokedex/houndoom,2026-09-23T08:35:14.730Z
229,sludge-bomb,20.1,https://op.gg/pokemon-champions/pokedex/houndoom,2026-09-23T08:35:14.730Z
229,overheat,17.2,https://op.gg/pokemon-champions/pokedex/houndoom,2026-09-23T08:35:14.730Z
229,nasty-plot,11.2,https://op.gg/pokemon-champions/pokedex/houndoom,2026-09-23T08:35:14.730Z
229,solar-beam,10.2,https://op.gg/pokemon-champions/pokedex/houndoom,2026-09-23T08:35:14.730Z
229,fire-blast,9.6,https://op.gg/pokemon-champions/pokedex/houndoom,2026-09-23T08:35:14.730Z
248,knock-off,76.4,https://op.gg/pokemon-champions/pokedex/tyranitar,2026-09-23T08:35:14.730Z
248,stone-edge,45.9,https://op.gg/pokemon-champions/pokedex/tyranitar,2026-09-23T08:35:14.730Z
248,stealth-rock,44.1,https://op.gg/pokemon-champions/pokedex/tyranitar,2026-09-23T08:35:14.730Z
248,ice-punch,37.6,https://op.gg/pokemon-champions/pokedex/tyranitar,2026-09-23T08:35:14.730Z
248,earthquake,35.4,https://op.gg/pokemon-champions/pokedex/tyranitar,2026-09-23T08:35:14.730Z
248,dragon-dance,18.2,https://op.gg/pokemon-champions/pokedex/tyranitar,2026-09-23T08:35:14.730Z
248,rock-tomb,18.1,https://op.gg/pokemon-champions/pokedex/tyranitar,2026-09-23T08:35:14.730Z
248,roar,13.3,https://op.gg/pokemon-champions/pokedex/tyranitar,2026-09-23T08:35:14.730Z
248,rock-slide,10.9,https://op.gg/pokemon-champions/pokedex/tyranitar,2026-09-23T08:35:14.730Z
248,superpower,10.5,https://op.gg/pokemon-champions/pokedex/tyranitar,2026-09-23T08:35:14.730Z
254,dragon-pulse,82.8,https://op.gg/pokemon-champions/pokedex/sceptile,2026-09-23T08:35:14.730Z
254,earth-power,80.8,https://op.gg/pokemon-champions/pokedex/sceptile,2026-09-23T08:35:14.730Z
254,leaf-storm,73,https://op.gg/pokemon-champions/pokedex/sceptile,2026-09-23T08:35:14.730Z
254,shed-tail,50.8,https://op.gg/pokemon-champions/pokedex/sceptile,2026-09-23T08:35:14.730Z
254,vacuum-wave,30.4,https://op.gg/pokemon-champions/pokedex/sceptile,2026-09-23T08:35:14.730Z
254,energy-ball,18.9,https://op.gg/pokemon-champions/pokedex/sceptile,2026-09-23T08:35:14.730Z
254,focus-blast,10.3,https://op.gg/pokemon-champions/pokedex/sceptile,2026-09-23T08:35:14.730Z
254,endeavor,9.1,https://op.gg/pokemon-champions/pokedex/sceptile,2026-09-23T08:35:14.730Z
254,substitute,6.4,https://op.gg/pokemon-champions/pokedex/sceptile,2026-09-23T08:35:14.730Z
254,giga-drain,6,https://op.gg/pokemon-champions/pokedex/sceptile,2026-09-23T08:35:14.730Z
257,flare-blitz,81.5,https://op.gg/pokemon-champions/pokedex/blaziken,2026-09-23T08:35:14.730Z
257,close-combat,66.4,https://op.gg/pokemon-champions/pokedex/blaziken,2026-09-23T08:35:14.730Z
257,swords-dance,43.1,https://op.gg/pokemon-champions/pokedex/blaziken,2026-09-23T08:35:14.730Z
257,thunder-punch,41.8,https://op.gg/pokemon-champions/pokedex/blaziken,2026-09-23T08:35:14.730Z
257,protect,40.8,https://op.gg/pokemon-champions/pokedex/blaziken,2026-09-23T08:35:14.730Z
257,detect,34.8,https://op.gg/pokemon-champions/pokedex/blaziken,2026-09-23T08:35:14.730Z
257,high-jump-kick,17.5,https://op.gg/pokemon-champions/pokedex/blaziken,2026-09-23T08:35:14.730Z
257,baton-pass,16.1,https://op.gg/pokemon-champions/pokedex/blaziken,2026-09-23T08:35:14.730Z
257,stone-edge,9.6,https://op.gg/pokemon-champions/pokedex/blaziken,2026-09-23T08:35:14.730Z
257,earthquake,5.5,https://op.gg/pokemon-champions/pokedex/blaziken,2026-09-23T08:35:14.730Z
260,earthquake,82.3,https://op.gg/pokemon-champions/pokedex/swampert,2026-09-23T08:35:14.730Z
260,flip-turn,70.4,https://op.gg/pokemon-champions/pokedex/swampert,2026-09-23T08:35:14.730Z
260,ice-punch,49.2,https://op.gg/pokemon-champions/pokedex/swampert,2026-09-23T08:35:14.730Z
260,stealth-rock,47.2,https://op.gg/pokemon-champions/pokedex/swampert,2026-09-23T08:35:14.730Z
260,wave-crash,47,https://op.gg/pokemon-champions/pokedex/swampert,2026-09-23T08:35:14.730Z
260,yawn,45.4,https://op.gg/pokemon-champions/pokedex/swampert,2026-09-23T08:35:14.730Z
260,roar,6.5,https://op.gg/pokemon-champions/pokedex/swampert,2026-09-23T08:35:14.730Z
260,protect,6,https://op.gg/pokemon-champions/pokedex/swampert,2026-09-23T08:35:14.730Z
260,mirror-coat,4.4,https://op.gg/pokemon-champions/pokedex/swampert,2026-09-23T08:35:14.730Z
260,bulk-up,3.9,https://op.gg/pokemon-champions/pokedex/swampert,2026-09-23T08:35:14.730Z
279,hurricane,96.7,https://op.gg/pokemon-champions/pokedex/pelipper,2026-09-23T08:35:14.730Z
279,u-turn,84.9,https://op.gg/pokemon-champions/pokedex/pelipper,2026-09-23T08:35:14.730Z
279,ice-beam,70.7,https://op.gg/pokemon-champions/pokedex/pelipper,2026-09-23T08:35:14.730Z
279,surf,46.8,https://op.gg/pokemon-champions/pokedex/pelipper,2026-09-23T08:35:14.730Z
279,weather-ball,41.4,https://op.gg/pokemon-champions/pokedex/pelipper,2026-09-23T08:35:14.730Z
279,tailwind,16.2,https://op.gg/pokemon-champions/pokedex/pelipper,2026-09-23T08:35:14.730Z
279,roost,13.7,https://op.gg/pokemon-champions/pokedex/pelipper,2026-09-23T08:35:14.730Z
279,hydro-pump,8.9,https://op.gg/pokemon-champions/pokedex/pelipper,2026-09-23T08:35:14.730Z
279,quick-attack,4.6,https://op.gg/pokemon-champions/pokedex/pelipper,2026-09-23T08:35:14.730Z
279,rain-dance,3.6,https://op.gg/pokemon-champions/pokedex/pelipper,2026-09-23T08:35:14.730Z
282,hyper-voice,59.4,https://op.gg/pokemon-champions/pokedex/gardevoir,2026-09-23T08:35:14.730Z
282,mystical-fire,58.7,https://op.gg/pokemon-champions/pokedex/gardevoir,2026-09-23T08:35:14.730Z
282,vacuum-wave,56.7,https://op.gg/pokemon-champions/pokedex/gardevoir,2026-09-23T08:35:14.730Z
282,moonblast,38.7,https://op.gg/pokemon-champions/pokedex/gardevoir,2026-09-23T08:35:14.730Z
282,psychic,33.5,https://op.gg/pokemon-champions/pokedex/gardevoir,2026-09-23T08:35:14.730Z
282,thunderbolt,24,https://op.gg/pokemon-champions/pokedex/gardevoir,2026-09-23T08:35:14.730Z
282,psychic-noise,18.2,https://op.gg/pokemon-champions/pokedex/gardevoir,2026-09-23T08:35:14.730Z
282,psyshock,13.3,https://op.gg/pokemon-champions/pokedex/gardevoir,2026-09-23T08:35:14.730Z
282,expanding-force,12.5,https://op.gg/pokemon-champions/pokedex/gardevoir,2026-09-23T08:35:14.730Z
282,calm-mind,11.5,https://op.gg/pokemon-champions/pokedex/gardevoir,2026-09-23T08:35:14.730Z
302,foul-play,72.1,https://op.gg/pokemon-champions/pokedex/sableye,2026-09-23T08:35:14.730Z
302,encore,66.9,https://op.gg/pokemon-champions/pokedex/sableye,2026-09-23T08:35:14.730Z
302,will-o-wisp,62.2,https://op.gg/pokemon-champions/pokedex/sableye,2026-09-23T08:35:14.730Z
302,light-screen,47,https://op.gg/pokemon-champions/pokedex/sableye,2026-09-23T08:35:14.730Z
302,recover,39.6,https://op.gg/pokemon-champions/pokedex/sableye,2026-09-23T08:35:14.730Z
302,reflect,39.1,https://op.gg/pokemon-champions/pokedex/sableye,2026-09-23T08:35:14.730Z
302,taunt,12,https://op.gg/pokemon-champions/pokedex/sableye,2026-09-23T08:35:14.730Z
302,disable,7.9,https://op.gg/pokemon-champions/pokedex/sableye,2026-09-23T08:35:14.730Z
302,metal-burst,7.5,https://op.gg/pokemon-champions/pokedex/sableye,2026-09-23T08:35:14.730Z
302,calm-mind,6.3,https://op.gg/pokemon-champions/pokedex/sableye,2026-09-23T08:35:14.730Z
303,play-rough,97.7,https://op.gg/pokemon-champions/pokedex/mawile,2026-09-23T08:35:14.730Z
303,sucker-punch,93.9,https://op.gg/pokemon-champions/pokedex/mawile,2026-09-23T08:35:14.730Z
303,fire-fang,63.3,https://op.gg/pokemon-champions/pokedex/mawile,2026-09-23T08:35:14.730Z
303,swords-dance,51.5,https://op.gg/pokemon-champions/pokedex/mawile,2026-09-23T08:35:14.730Z
303,iron-head,30,https://op.gg/pokemon-champions/pokedex/mawile,2026-09-23T08:35:14.730Z
303,thunder-punch,17.2,https://op.gg/pokemon-champions/pokedex/mawile,2026-09-23T08:35:14.730Z
303,ice-punch,16.9,https://op.gg/pokemon-champions/pokedex/mawile,2026-09-23T08:35:14.730Z
303,knock-off,10.9,https://op.gg/pokemon-champions/pokedex/mawile,2026-09-23T08:35:14.730Z
303,psychic-fangs,8.6,https://op.gg/pokemon-champions/pokedex/mawile,2026-09-23T08:35:14.730Z
303,brick-break,2.9,https://op.gg/pokemon-champions/pokedex/mawile,2026-09-23T08:35:14.730Z
306,body-press,75.8,https://op.gg/pokemon-champions/pokedex/aggron,2026-09-23T08:35:14.730Z
306,iron-defense,56.9,https://op.gg/pokemon-champions/pokedex/aggron,2026-09-23T08:35:14.730Z
306,heavy-slam,54.5,https://op.gg/pokemon-champions/pokedex/aggron,2026-09-23T08:35:14.730Z
306,metal-burst,40,https://op.gg/pokemon-champions/pokedex/aggron,2026-09-23T08:35:14.730Z
306,earthquake,25.6,https://op.gg/pokemon-champions/pokedex/aggron,2026-09-23T08:35:14.730Z
306,avalanche,19.8,https://op.gg/pokemon-champions/pokedex/aggron,2026-09-23T08:35:14.730Z
306,ice-punch,13,https://op.gg/pokemon-champions/pokedex/aggron,2026-09-23T08:35:14.730Z
306,stealth-rock,12.6,https://op.gg/pokemon-champions/pokedex/aggron,2026-09-23T08:35:14.730Z
306,iron-head,11.9,https://op.gg/pokemon-champions/pokedex/aggron,2026-09-23T08:35:14.730Z
306,fire-punch,11.1,https://op.gg/pokemon-champions/pokedex/aggron,2026-09-23T08:35:14.730Z
308,close-combat,62.1,https://op.gg/pokemon-champions/pokedex/medicham,2026-09-23T08:35:14.730Z
308,bullet-punch,55.2,https://op.gg/pokemon-champions/pokedex/medicham,2026-09-23T08:35:14.730Z
308,zen-headbutt,47.5,https://op.gg/pokemon-champions/pokedex/medicham,2026-09-23T08:35:14.730Z
308,fake-out,40.9,https://op.gg/pokemon-champions/pokedex/medicham,2026-09-23T08:35:14.730Z
308,ice-punch,34.6,https://op.gg/pokemon-champions/pokedex/medicham,2026-09-23T08:35:14.730Z
308,high-jump-kick,22,https://op.gg/pokemon-champions/pokedex/medicham,2026-09-23T08:35:14.730Z
308,thunder-punch,20.3,https://op.gg/pokemon-champions/pokedex/medicham,2026-09-23T08:35:14.730Z
308,psycho-cut,19.5,https://op.gg/pokemon-champions/pokedex/medicham,2026-09-23T08:35:14.730Z
308,blaze-kick,17.5,https://op.gg/pokemon-champions/pokedex/medicham,2026-09-23T08:35:14.730Z
308,poison-jab,14.2,https://op.gg/pokemon-champions/pokedex/medicham,2026-09-23T08:35:14.730Z
310,thunderbolt,86.4,https://op.gg/pokemon-champions/pokedex/manectric,2026-09-23T08:35:14.730Z
310,volt-switch,84.1,https://op.gg/pokemon-champions/pokedex/manectric,2026-09-23T08:35:14.730Z
310,overheat,61.2,https://op.gg/pokemon-champions/pokedex/manectric,2026-09-23T08:35:14.730Z
310,flamethrower,40.8,https://op.gg/pokemon-champions/pokedex/manectric,2026-09-23T08:35:14.730Z
310,snarl,31.3,https://op.gg/pokemon-champions/pokedex/manectric,2026-09-23T08:35:14.730Z
310,protect,15.4,https://op.gg/pokemon-champions/pokedex/manectric,2026-09-23T08:35:14.730Z
310,quick-attack,12.6,https://op.gg/pokemon-champions/pokedex/manectric,2026-09-23T08:35:14.730Z
310,hyper-voice,9.6,https://op.gg/pokemon-champions/pokedex/manectric,2026-09-23T08:35:14.730Z
310,substitute,9.2,https://op.gg/pokemon-champions/pokedex/manectric,2026-09-23T08:35:14.730Z
310,switcheroo,6.8,https://op.gg/pokemon-champions/pokedex/manectric,2026-09-23T08:35:14.730Z
317,toxic,48.7,https://op.gg/pokemon-champions/pokedex/swalot,2026-09-23T08:35:14.730Z
317,encore,42.7,https://op.gg/pokemon-champions/pokedex/swalot,2026-09-23T08:35:14.730Z
317,toxic-spikes,31.4,https://op.gg/pokemon-champions/pokedex/swalot,2026-09-23T08:35:14.730Z
317,body-press,30.8,https://op.gg/pokemon-champions/pokedex/swalot,2026-09-23T08:35:14.730Z
317,acid-armor,28.7,https://op.gg/pokemon-champions/pokedex/swalot,2026-09-23T08:35:14.730Z
317,destiny-bond,25.3,https://op.gg/pokemon-champions/pokedex/swalot,2026-09-23T08:35:14.730Z
317,yawn,22.7,https://op.gg/pokemon-champions/pokedex/swalot,2026-09-23T08:35:14.730Z
317,knock-off,17.9,https://op.gg/pokemon-champions/pokedex/swalot,2026-09-23T08:35:14.730Z
317,ice-beam,17.4,https://op.gg/pokemon-champions/pokedex/swalot,2026-09-23T08:35:14.730Z
317,pain-split,14.1,https://op.gg/pokemon-champions/pokedex/swalot,2026-09-23T08:35:14.730Z
319,protect,83.2,https://op.gg/pokemon-champions/pokedex/sharpedo,2026-09-23T08:35:14.730Z
319,destiny-bond,70.8,https://op.gg/pokemon-champions/pokedex/sharpedo,2026-09-23T08:35:14.730Z
319,crunch,68.5,https://op.gg/pokemon-champions/pokedex/sharpedo,2026-09-23T08:35:14.730Z
319,ice-fang,36.5,https://op.gg/pokemon-champions/pokedex/sharpedo,2026-09-23T08:35:14.730Z
319,close-combat,19.1,https://op.gg/pokemon-champions/pokedex/sharpedo,2026-09-23T08:35:14.730Z
319,liquidation,15.3,https://op.gg/pokemon-champions/pokedex/sharpedo,2026-09-23T08:35:14.730Z
319,ice-beam,15.1,https://op.gg/pokemon-champions/pokedex/sharpedo,2026-09-23T08:35:14.730Z
319,waterfall,12.7,https://op.gg/pokemon-champions/pokedex/sharpedo,2026-09-23T08:35:14.730Z
319,psychic-fangs,11.7,https://op.gg/pokemon-champions/pokedex/sharpedo,2026-09-23T08:35:14.730Z
319,avalanche,10.9,https://op.gg/pokemon-champions/pokedex/sharpedo,2026-09-23T08:35:14.730Z
323,earth-power,88.6,https://op.gg/pokemon-champions/pokedex/camerupt,2026-09-23T08:35:14.730Z
323,ancient-power,56.6,https://op.gg/pokemon-champions/pokedex/camerupt,2026-09-23T08:35:14.730Z
323,flamethrower,54.8,https://op.gg/pokemon-champions/pokedex/camerupt,2026-09-23T08:35:14.730Z
323,flash-cannon,43,https://op.gg/pokemon-champions/pokedex/camerupt,2026-09-23T08:35:14.730Z
323,eruption,40.8,https://op.gg/pokemon-champions/pokedex/camerupt,2026-09-23T08:35:14.730Z
323,fire-blast,13.9,https://op.gg/pokemon-champions/pokedex/camerupt,2026-09-23T08:35:14.730Z
323,will-o-wisp,11.3,https://op.gg/pokemon-champions/pokedex/camerupt,2026-09-23T08:35:14.730Z
323,yawn,10.1,https://op.gg/pokemon-champions/pokedex/camerupt,2026-09-23T08:35:14.730Z
323,overheat,7.3,https://op.gg/pokemon-champions/pokedex/camerupt,2026-09-23T08:35:14.730Z
323,lava-plume,7,https://op.gg/pokemon-champions/pokedex/camerupt,2026-09-23T08:35:14.730Z
324,stealth-rock,76.7,https://op.gg/pokemon-champions/pokedex/torkoal,2026-09-23T08:35:14.730Z
324,yawn,72.7,https://op.gg/pokemon-champions/pokedex/torkoal,2026-09-23T08:35:14.730Z
324,overheat,33.3,https://op.gg/pokemon-champions/pokedex/torkoal,2026-09-23T08:35:14.730Z
324,self-destruct,30.1,https://op.gg/pokemon-champions/pokedex/torkoal,2026-09-23T08:35:14.730Z
324,solar-beam,26.5,https://op.gg/pokemon-champions/pokedex/torkoal,2026-09-23T08:35:14.730Z
324,flamethrower,19,https://op.gg/pokemon-champions/pokedex/torkoal,2026-09-23T08:35:14.730Z
324,will-o-wisp,15,https://op.gg/pokemon-champions/pokedex/torkoal,2026-09-23T08:35:14.730Z
324,lava-plume,13.9,https://op.gg/pokemon-champions/pokedex/torkoal,2026-09-23T08:35:14.730Z
324,eruption,13.4,https://op.gg/pokemon-champions/pokedex/torkoal,2026-09-23T08:35:14.730Z
324,rapid-spin,10.9,https://op.gg/pokemon-champions/pokedex/torkoal,2026-09-23T08:35:14.730Z
334,roost,87.9,https://op.gg/pokemon-champions/pokedex/altaria,2026-09-23T08:35:14.730Z
334,hyper-voice,75.5,https://op.gg/pokemon-champions/pokedex/altaria,2026-09-23T08:35:14.730Z
334,cotton-guard,72.9,https://op.gg/pokemon-champions/pokedex/altaria,2026-09-23T08:35:14.730Z
334,flamethrower,52.7,https://op.gg/pokemon-champions/pokedex/altaria,2026-09-23T08:35:14.730Z
334,fire-blast,16.9,https://op.gg/pokemon-champions/pokedex/altaria,2026-09-23T08:35:14.730Z
334,dragon-dance,11.9,https://op.gg/pokemon-champions/pokedex/altaria,2026-09-23T08:35:14.730Z
334,body-slam,9.4,https://op.gg/pokemon-champions/pokedex/altaria,2026-09-23T08:35:14.730Z
334,draco-meteor,8.4,https://op.gg/pokemon-champions/pokedex/altaria,2026-09-23T08:35:14.730Z
334,will-o-wisp,7.3,https://op.gg/pokemon-champions/pokedex/altaria,2026-09-23T08:35:14.730Z
334,earthquake,6,https://op.gg/pokemon-champions/pokedex/altaria,2026-09-23T08:35:14.730Z
350,recover,93.1,https://op.gg/pokemon-champions/pokedex/milotic,2026-09-23T08:35:14.730Z
350,scald,93,https://op.gg/pokemon-champions/pokedex/milotic,2026-09-23T08:35:14.730Z
350,ice-beam,72.5,https://op.gg/pokemon-champions/pokedex/milotic,2026-09-23T08:35:14.730Z
350,mirror-coat,58.5,https://op.gg/pokemon-champions/pokedex/milotic,2026-09-23T08:35:14.730Z
350,haze,31.6,https://op.gg/pokemon-champions/pokedex/milotic,2026-09-23T08:35:14.730Z
350,flip-turn,6,https://op.gg/pokemon-champions/pokedex/milotic,2026-09-23T08:35:14.730Z
350,coil,5.5,https://op.gg/pokemon-champions/pokedex/milotic,2026-09-23T08:35:14.730Z
350,hypnosis,5.1,https://op.gg/pokemon-champions/pokedex/milotic,2026-09-23T08:35:14.730Z
350,alluring-voice,3.8,https://op.gg/pokemon-champions/pokedex/milotic,2026-09-23T08:35:14.730Z
350,icy-wind,3.5,https://op.gg/pokemon-champions/pokedex/milotic,2026-09-23T08:35:14.730Z
351,weather-ball,91.3,https://op.gg/pokemon-champions/pokedex/castform,2026-09-23T08:35:14.730Z
351,thunder,54.8,https://op.gg/pokemon-champions/pokedex/castform,2026-09-23T08:35:14.730Z
351,shadow-ball,44.4,https://op.gg/pokemon-champions/pokedex/castform,2026-09-23T08:35:14.730Z
351,future-sight,39.5,https://op.gg/pokemon-champions/pokedex/castform,2026-09-23T08:35:14.730Z
351,scald,29,https://op.gg/pokemon-champions/pokedex/castform,2026-09-23T08:35:14.730Z
351,flamethrower,22.5,https://op.gg/pokemon-champions/pokedex/castform,2026-09-23T08:35:14.730Z
351,thunderbolt,22.5,https://op.gg/pokemon-champions/pokedex/castform,2026-09-23T08:35:14.730Z
351,ice-beam,17.3,https://op.gg/pokemon-champions/pokedex/castform,2026-09-23T08:35:14.730Z
351,thunder-wave,12.2,https://op.gg/pokemon-champions/pokedex/castform,2026-09-23T08:35:14.730Z
351,hurricane,11.7,https://op.gg/pokemon-champions/pokedex/castform,2026-09-23T08:35:14.730Z
354,destiny-bond,99.3,https://op.gg/pokemon-champions/pokedex/banette,2026-09-23T08:35:14.730Z
354,poltergeist,97,https://op.gg/pokemon-champions/pokedex/banette,2026-09-23T08:35:14.730Z
354,encore,77.2,https://op.gg/pokemon-champions/pokedex/banette,2026-09-23T08:35:14.730Z
354,shadow-sneak,62.8,https://op.gg/pokemon-champions/pokedex/banette,2026-09-23T08:35:14.730Z
354,taunt,28,https://op.gg/pokemon-champions/pokedex/banette,2026-09-23T08:35:14.730Z
354,will-o-wisp,10.6,https://op.gg/pokemon-champions/pokedex/banette,2026-09-23T08:35:14.730Z
354,gunk-shot,6.3,https://op.gg/pokemon-champions/pokedex/banette,2026-09-23T08:35:14.730Z
354,protect,3.1,https://op.gg/pokemon-champions/pokedex/banette,2026-09-23T08:35:14.730Z
354,sucker-punch,2.9,https://op.gg/pokemon-champions/pokedex/banette,2026-09-23T08:35:14.730Z
354,trick-room,1.9,https://op.gg/pokemon-champions/pokedex/banette,2026-09-23T08:35:14.730Z
358,recover,85.5,https://op.gg/pokemon-champions/pokedex/chimecho,2026-09-23T08:35:14.730Z
358,cosmic-power,55.8,https://op.gg/pokemon-champions/pokedex/chimecho,2026-09-23T08:35:14.730Z
358,stored-power,52,https://op.gg/pokemon-champions/pokedex/chimecho,2026-09-23T08:35:14.730Z
358,calm-mind,31.2,https://op.gg/pokemon-champions/pokedex/chimecho,2026-09-23T08:35:14.730Z
358,flash-cannon,26.3,https://op.gg/pokemon-champions/pokedex/chimecho,2026-09-23T08:35:14.730Z
358,boomburst,20,https://op.gg/pokemon-champions/pokedex/chimecho,2026-09-23T08:35:14.730Z
358,psychic-noise,18,https://op.gg/pokemon-champions/pokedex/chimecho,2026-09-23T08:35:14.730Z
358,psychic,11.4,https://op.gg/pokemon-champions/pokedex/chimecho,2026-09-23T08:35:14.730Z
358,dazzling-gleam,11.2,https://op.gg/pokemon-champions/pokedex/chimecho,2026-09-23T08:35:14.730Z
358,shadow-ball,11.2,https://op.gg/pokemon-champions/pokedex/chimecho,2026-09-23T08:35:14.730Z
359,shadow-claw,89.9,https://op.gg/pokemon-champions/pokedex/absol,2026-09-23T08:35:14.730Z
359,sucker-punch,70.9,https://op.gg/pokemon-champions/pokedex/absol,2026-09-23T08:35:14.730Z
359,close-combat,65.5,https://op.gg/pokemon-champions/pokedex/absol,2026-09-23T08:35:14.730Z
359,swords-dance,64.1,https://op.gg/pokemon-champions/pokedex/absol,2026-09-23T08:35:14.730Z
359,night-slash,37.2,https://op.gg/pokemon-champions/pokedex/absol,2026-09-23T08:35:14.730Z
359,psycho-cut,16.2,https://op.gg/pokemon-champions/pokedex/absol,2026-09-23T08:35:14.730Z
359,shadow-sneak,13.3,https://op.gg/pokemon-champions/pokedex/absol,2026-09-23T08:35:14.730Z
359,play-rough,5.4,https://op.gg/pokemon-champions/pokedex/absol,2026-09-23T08:35:14.730Z
359,x-scissor,5.4,https://op.gg/pokemon-champions/pokedex/absol,2026-09-23T08:35:14.730Z
359,focus-energy,3.4,https://op.gg/pokemon-champions/pokedex/absol,2026-09-23T08:35:14.730Z
362,protect,69.1,https://op.gg/pokemon-champions/pokedex/glalie,2026-09-23T08:35:14.730Z
362,explosion,61.9,https://op.gg/pokemon-champions/pokedex/glalie,2026-09-23T08:35:14.730Z
362,sheer-cold,44,https://op.gg/pokemon-champions/pokedex/glalie,2026-09-23T08:35:14.730Z
362,substitute,41.1,https://op.gg/pokemon-champions/pokedex/glalie,2026-09-23T08:35:14.730Z
362,earthquake,39.7,https://op.gg/pokemon-champions/pokedex/glalie,2026-09-23T08:35:14.730Z
362,ice-shard,37.1,https://op.gg/pokemon-champions/pokedex/glalie,2026-09-23T08:35:14.730Z
362,freeze-dry,35.2,https://op.gg/pokemon-champions/pokedex/glalie,2026-09-23T08:35:14.730Z
362,body-slam,20.2,https://op.gg/pokemon-champions/pokedex/glalie,2026-09-23T08:35:14.730Z
362,trailblaze,11.8,https://op.gg/pokemon-champions/pokedex/glalie,2026-09-23T08:35:14.730Z
362,taunt,4.9,https://op.gg/pokemon-champions/pokedex/glalie,2026-09-23T08:35:14.730Z
373,double-edge,77.6,https://op.gg/pokemon-champions/pokedex/salamence,2026-09-23T08:35:14.730Z
373,earthquake,72.6,https://op.gg/pokemon-champions/pokedex/salamence,2026-09-23T08:35:14.730Z
373,dragon-dance,70.5,https://op.gg/pokemon-champions/pokedex/salamence,2026-09-23T08:35:14.730Z
373,roost,61.4,https://op.gg/pokemon-champions/pokedex/salamence,2026-09-23T08:35:14.730Z
373,draco-meteor,29.6,https://op.gg/pokemon-champions/pokedex/salamence,2026-09-23T08:35:14.730Z
373,fire-blast,19.9,https://op.gg/pokemon-champions/pokedex/salamence,2026-09-23T08:35:14.730Z
373,flamethrower,15,https://op.gg/pokemon-champions/pokedex/salamence,2026-09-23T08:35:14.730Z
373,hyper-voice,13.8,https://op.gg/pokemon-champions/pokedex/salamence,2026-09-23T08:35:14.730Z
373,outrage,7.3,https://op.gg/pokemon-champions/pokedex/salamence,2026-09-23T08:35:14.730Z
373,temper-flare,6.3,https://op.gg/pokemon-champions/pokedex/salamence,2026-09-23T08:35:14.730Z
376,bullet-punch,88.8,https://op.gg/pokemon-champions/pokedex/metagross,2026-09-23T08:35:14.730Z
376,psychic-fangs,77,https://op.gg/pokemon-champions/pokedex/metagross,2026-09-23T08:35:14.730Z
376,ice-punch,72.5,https://op.gg/pokemon-champions/pokedex/metagross,2026-09-23T08:35:14.730Z
376,earthquake,55.5,https://op.gg/pokemon-champions/pokedex/metagross,2026-09-23T08:35:14.730Z
376,thunder-punch,24.9,https://op.gg/pokemon-champions/pokedex/metagross,2026-09-23T08:35:14.730Z
376,iron-head,17.2,https://op.gg/pokemon-champions/pokedex/metagross,2026-09-23T08:35:14.730Z
376,steel-roller,13,https://op.gg/pokemon-champions/pokedex/metagross,2026-09-23T08:35:14.730Z
376,body-press,10.7,https://op.gg/pokemon-champions/pokedex/metagross,2026-09-23T08:35:14.730Z
376,iron-defense,9.6,https://op.gg/pokemon-champions/pokedex/metagross,2026-09-23T08:35:14.730Z
376,meteor-mash,8.5,https://op.gg/pokemon-champions/pokedex/metagross,2026-09-23T08:35:14.730Z
389,shell-smash,68.3,https://op.gg/pokemon-champions/pokedex/torterra,2026-09-23T08:35:14.730Z
389,headlong-rush,57.5,https://op.gg/pokemon-champions/pokedex/torterra,2026-09-23T08:35:14.730Z
389,wood-hammer,48.1,https://op.gg/pokemon-champions/pokedex/torterra,2026-09-23T08:35:14.730Z
389,earthquake,36.5,https://op.gg/pokemon-champions/pokedex/torterra,2026-09-23T08:35:14.730Z
389,rock-blast,31.8,https://op.gg/pokemon-champions/pokedex/torterra,2026-09-23T08:35:14.730Z
389,bullet-seed,27.1,https://op.gg/pokemon-champions/pokedex/torterra,2026-09-23T08:35:14.730Z
389,rock-slide,14.9,https://op.gg/pokemon-champions/pokedex/torterra,2026-09-23T08:35:14.730Z
389,seed-bomb,14.7,https://op.gg/pokemon-champions/pokedex/torterra,2026-09-23T08:35:14.730Z
389,stone-edge,14.5,https://op.gg/pokemon-champions/pokedex/torterra,2026-09-23T08:35:14.730Z
389,heavy-slam,11.5,https://op.gg/pokemon-champions/pokedex/torterra,2026-09-23T08:35:14.730Z
392,stealth-rock,41,https://op.gg/pokemon-champions/pokedex/infernape,2026-09-23T08:35:14.730Z
392,close-combat,36.9,https://op.gg/pokemon-champions/pokedex/infernape,2026-09-23T08:35:14.730Z
392,mach-punch,26.6,https://op.gg/pokemon-champions/pokedex/infernape,2026-09-23T08:35:14.730Z
392,will-o-wisp,26.3,https://op.gg/pokemon-champions/pokedex/infernape,2026-09-23T08:35:14.730Z
392,encore,25.7,https://op.gg/pokemon-champions/pokedex/infernape,2026-09-23T08:35:14.730Z
392,flare-blitz,24.7,https://op.gg/pokemon-champions/pokedex/infernape,2026-09-23T08:35:14.730Z
392,rock-tomb,23.6,https://op.gg/pokemon-champions/pokedex/infernape,2026-09-23T08:35:14.730Z
392,thunder-punch,23.4,https://op.gg/pokemon-champions/pokedex/infernape,2026-09-23T08:35:14.730Z
392,overheat,15.1,https://op.gg/pokemon-champions/pokedex/infernape,2026-09-23T08:35:14.730Z
392,fire-punch,14.1,https://op.gg/pokemon-champions/pokedex/infernape,2026-09-23T08:35:14.730Z
395,ice-beam,69.7,https://op.gg/pokemon-champions/pokedex/empoleon,2026-09-23T08:35:14.730Z
395,yawn,66.9,https://op.gg/pokemon-champions/pokedex/empoleon,2026-09-23T08:35:14.730Z
395,stealth-rock,65.1,https://op.gg/pokemon-champions/pokedex/empoleon,2026-09-23T08:35:14.730Z
395,flip-turn,52.9,https://op.gg/pokemon-champions/pokedex/empoleon,2026-09-23T08:35:14.730Z
395,surf,47.2,https://op.gg/pokemon-champions/pokedex/empoleon,2026-09-23T08:35:14.730Z
395,vacuum-wave,28.9,https://op.gg/pokemon-champions/pokedex/empoleon,2026-09-23T08:35:14.730Z
395,flash-cannon,28.8,https://op.gg/pokemon-champions/pokedex/empoleon,2026-09-23T08:35:14.730Z
395,roost,22.6,https://op.gg/pokemon-champions/pokedex/empoleon,2026-09-23T08:35:14.730Z
395,hydro-pump,4.3,https://op.gg/pokemon-champions/pokedex/empoleon,2026-09-23T08:35:14.730Z
395,grass-knot,3.2,https://op.gg/pokemon-champions/pokedex/empoleon,2026-09-23T08:35:14.730Z
398,close-combat,94.4,https://op.gg/pokemon-champions/pokedex/staraptor,2026-09-23T08:35:14.730Z
398,brave-bird,90.9,https://op.gg/pokemon-champions/pokedex/staraptor,2026-09-23T08:35:14.730Z
398,roost,79.1,https://op.gg/pokemon-champions/pokedex/staraptor,2026-09-23T08:35:14.730Z
398,blaze-kick,46.3,https://op.gg/pokemon-champions/pokedex/staraptor,2026-09-23T08:35:14.730Z
398,u-turn,19.4,https://op.gg/pokemon-champions/pokedex/staraptor,2026-09-23T08:35:14.730Z
398,final-gambit,14.1,https://op.gg/pokemon-champions/pokedex/staraptor,2026-09-23T08:35:14.730Z
398,substitute,12.3,https://op.gg/pokemon-champions/pokedex/staraptor,2026-09-23T08:35:14.730Z
398,whirlwind,7.2,https://op.gg/pokemon-champions/pokedex/staraptor,2026-09-23T08:35:14.730Z
398,double-edge,6.5,https://op.gg/pokemon-champions/pokedex/staraptor,2026-09-23T08:35:14.730Z
398,quick-attack,6.3,https://op.gg/pokemon-champions/pokedex/staraptor,2026-09-23T08:35:14.730Z
405,supercell-slam,60.9,https://op.gg/pokemon-champions/pokedex/luxray,2026-09-23T08:35:14.730Z
405,ice-fang,53,https://op.gg/pokemon-champions/pokedex/luxray,2026-09-23T08:35:14.730Z
405,volt-switch,45.2,https://op.gg/pokemon-champions/pokedex/luxray,2026-09-23T08:35:14.730Z
405,superpower,36.8,https://op.gg/pokemon-champions/pokedex/luxray,2026-09-23T08:35:14.730Z
405,psychic-fangs,26.1,https://op.gg/pokemon-champions/pokedex/luxray,2026-09-23T08:35:14.730Z
405,baby-doll-eyes,25.9,https://op.gg/pokemon-champions/pokedex/luxray,2026-09-23T08:35:14.730Z
405,thunder-wave,20,https://op.gg/pokemon-champions/pokedex/luxray,2026-09-23T08:35:14.730Z
405,quick-attack,19.6,https://op.gg/pokemon-champions/pokedex/luxray,2026-09-23T08:35:14.730Z
405,wild-charge,17.4,https://op.gg/pokemon-champions/pokedex/luxray,2026-09-23T08:35:14.730Z
405,iron-tail,12.4,https://op.gg/pokemon-champions/pokedex/luxray,2026-09-23T08:35:14.730Z
407,sludge-bomb,85.3,https://op.gg/pokemon-champions/pokedex/roserade,2026-09-23T08:35:14.730Z
407,leaf-storm,45.1,https://op.gg/pokemon-champions/pokedex/roserade,2026-09-23T08:35:14.730Z
407,shadow-ball,43.3,https://op.gg/pokemon-champions/pokedex/roserade,2026-09-23T08:35:14.730Z
407,dazzling-gleam,39.2,https://op.gg/pokemon-champions/pokedex/roserade,2026-09-23T08:35:14.730Z
407,giga-drain,32.8,https://op.gg/pokemon-champions/pokedex/roserade,2026-09-23T08:35:14.730Z
407,leech-seed,28.2,https://op.gg/pokemon-champions/pokedex/roserade,2026-09-23T08:35:14.730Z
407,sleep-powder,22.4,https://op.gg/pokemon-champions/pokedex/roserade,2026-09-23T08:35:14.730Z
407,toxic-spikes,16.5,https://op.gg/pokemon-champions/pokedex/roserade,2026-09-23T08:35:14.730Z
407,toxic,13.9,https://op.gg/pokemon-champions/pokedex/roserade,2026-09-23T08:35:14.730Z
407,energy-ball,12.6,https://op.gg/pokemon-champions/pokedex/roserade,2026-09-23T08:35:14.730Z
409,head-smash,84.5,https://op.gg/pokemon-champions/pokedex/rampardos,2026-09-23T08:35:14.730Z
409,earthquake,65.6,https://op.gg/pokemon-champions/pokedex/rampardos,2026-09-23T08:35:14.730Z
409,supercell-slam,45,https://op.gg/pokemon-champions/pokedex/rampardos,2026-09-23T08:35:14.730Z
409,fire-punch,36.1,https://op.gg/pokemon-champions/pokedex/rampardos,2026-09-23T08:35:14.730Z
409,outrage,23,https://op.gg/pokemon-champions/pokedex/rampardos,2026-09-23T08:35:14.730Z
409,superpower,22.4,https://op.gg/pokemon-champions/pokedex/rampardos,2026-09-23T08:35:14.730Z
409,iron-head,19.7,https://op.gg/pokemon-champions/pokedex/rampardos,2026-09-23T08:35:14.730Z
409,rock-slide,16.4,https://op.gg/pokemon-champions/pokedex/rampardos,2026-09-23T08:35:14.730Z
409,thunder-punch,16.1,https://op.gg/pokemon-champions/pokedex/rampardos,2026-09-23T08:35:14.730Z
409,avalanche,9.7,https://op.gg/pokemon-champions/pokedex/rampardos,2026-09-23T08:35:14.730Z
411,metal-burst,73.4,https://op.gg/pokemon-champions/pokedex/bastiodon,2026-09-23T08:35:14.730Z
411,stealth-rock,52.2,https://op.gg/pokemon-champions/pokedex/bastiodon,2026-09-23T08:35:14.730Z
411,fissure,50.2,https://op.gg/pokemon-champions/pokedex/bastiodon,2026-09-23T08:35:14.730Z
411,body-press,49.6,https://op.gg/pokemon-champions/pokedex/bastiodon,2026-09-23T08:35:14.730Z
411,roar,32,https://op.gg/pokemon-champions/pokedex/bastiodon,2026-09-23T08:35:14.730Z
411,iron-defense,22.5,https://op.gg/pokemon-champions/pokedex/bastiodon,2026-09-23T08:35:14.730Z
411,foul-play,20.8,https://op.gg/pokemon-champions/pokedex/bastiodon,2026-09-23T08:35:14.730Z
411,protect,17,https://op.gg/pokemon-champions/pokedex/bastiodon,2026-09-23T08:35:14.730Z
411,heavy-slam,9.4,https://op.gg/pokemon-champions/pokedex/bastiodon,2026-09-23T08:35:14.730Z
411,rest,8.5,https://op.gg/pokemon-champions/pokedex/bastiodon,2026-09-23T08:35:14.730Z
428,fake-out,68,https://op.gg/pokemon-champions/pokedex/lopunny,2026-09-23T08:35:14.730Z
428,close-combat,67,https://op.gg/pokemon-champions/pokedex/lopunny,2026-09-23T08:35:14.730Z
428,triple-axel,65,https://op.gg/pokemon-champions/pokedex/lopunny,2026-09-23T08:35:14.730Z
428,mach-punch,40.7,https://op.gg/pokemon-champions/pokedex/lopunny,2026-09-23T08:35:14.730Z
428,high-jump-kick,26.6,https://op.gg/pokemon-champions/pokedex/lopunny,2026-09-23T08:35:14.730Z
428,swords-dance,25,https://op.gg/pokemon-champions/pokedex/lopunny,2026-09-23T08:35:14.730Z
428,thunder-punch,20.7,https://op.gg/pokemon-champions/pokedex/lopunny,2026-09-23T08:35:14.730Z
428,ice-punch,20.1,https://op.gg/pokemon-champions/pokedex/lopunny,2026-09-23T08:35:14.730Z
428,u-turn,16.7,https://op.gg/pokemon-champions/pokedex/lopunny,2026-09-23T08:35:14.730Z
428,encore,7.2,https://op.gg/pokemon-champions/pokedex/lopunny,2026-09-23T08:35:14.730Z
442,foul-play,60.7,https://op.gg/pokemon-champions/pokedex/spiritomb,2026-09-23T08:35:14.730Z
442,will-o-wisp,57.8,https://op.gg/pokemon-champions/pokedex/spiritomb,2026-09-23T08:35:14.730Z
442,trick-room,44.9,https://op.gg/pokemon-champions/pokedex/spiritomb,2026-09-23T08:35:14.730Z
442,pain-split,33.4,https://op.gg/pokemon-champions/pokedex/spiritomb,2026-09-23T08:35:14.730Z
442,curse,27.4,https://op.gg/pokemon-champions/pokedex/spiritomb,2026-09-23T08:35:14.730Z
442,destiny-bond,26.9,https://op.gg/pokemon-champions/pokedex/spiritomb,2026-09-23T08:35:14.730Z
442,memento,19.7,https://op.gg/pokemon-champions/pokedex/spiritomb,2026-09-23T08:35:14.730Z
442,sucker-punch,19.7,https://op.gg/pokemon-champions/pokedex/spiritomb,2026-09-23T08:35:14.730Z
442,hex,15.1,https://op.gg/pokemon-champions/pokedex/spiritomb,2026-09-23T08:35:14.730Z
442,poltergeist,13.7,https://op.gg/pokemon-champions/pokedex/spiritomb,2026-09-23T08:35:14.730Z
445,earthquake,66.5,https://op.gg/pokemon-champions/pokedex/garchomp,2026-09-23T08:35:14.730Z
445,stealth-rock,39.8,https://op.gg/pokemon-champions/pokedex/garchomp,2026-09-23T08:35:14.730Z
445,draco-meteor,30.7,https://op.gg/pokemon-champions/pokedex/garchomp,2026-09-23T08:35:14.730Z
445,flamethrower,28.3,https://op.gg/pokemon-champions/pokedex/garchomp,2026-09-23T08:35:14.730Z
445,dragon-tail,27.1,https://op.gg/pokemon-champions/pokedex/garchomp,2026-09-23T08:35:14.730Z
445,earth-power,25.1,https://op.gg/pokemon-champions/pokedex/garchomp,2026-09-23T08:35:14.730Z
445,outrage,24.9,https://op.gg/pokemon-champions/pokedex/garchomp,2026-09-23T08:35:14.730Z
445,rock-tomb,19.5,https://op.gg/pokemon-champions/pokedex/garchomp,2026-09-23T08:35:14.730Z
445,power-gem,18.6,https://op.gg/pokemon-champions/pokedex/garchomp,2026-09-23T08:35:14.730Z
445,scale-shot,18.2,https://op.gg/pokemon-champions/pokedex/garchomp,2026-09-23T08:35:14.730Z
448,dark-pulse,78.1,https://op.gg/pokemon-champions/pokedex/lucario,2026-09-23T08:35:14.730Z
448,nasty-plot,77.8,https://op.gg/pokemon-champions/pokedex/lucario,2026-09-23T08:35:14.730Z
448,flash-cannon,73.6,https://op.gg/pokemon-champions/pokedex/lucario,2026-09-23T08:35:14.730Z
448,aura-sphere,72.7,https://op.gg/pokemon-champions/pokedex/lucario,2026-09-23T08:35:14.730Z
448,vacuum-wave,37.7,https://op.gg/pokemon-champions/pokedex/lucario,2026-09-23T08:35:14.730Z
448,steel-beam,21,https://op.gg/pokemon-champions/pokedex/lucario,2026-09-23T08:35:14.730Z
448,close-combat,5.5,https://op.gg/pokemon-champions/pokedex/lucario,2026-09-23T08:35:14.730Z
448,swords-dance,4.3,https://op.gg/pokemon-champions/pokedex/lucario,2026-09-23T08:35:14.730Z
448,meteor-mash,4,https://op.gg/pokemon-champions/pokedex/lucario,2026-09-23T08:35:14.730Z
448,focus-blast,3.9,https://op.gg/pokemon-champions/pokedex/lucario,2026-09-23T08:35:14.730Z
450,earthquake,97.3,https://op.gg/pokemon-champions/pokedex/hippowdon,2026-09-23T08:35:14.730Z
450,yawn,96.1,https://op.gg/pokemon-champions/pokedex/hippowdon,2026-09-23T08:35:14.730Z
450,stealth-rock,90.3,https://op.gg/pokemon-champions/pokedex/hippowdon,2026-09-23T08:35:14.730Z
450,whirlwind,61,https://op.gg/pokemon-champions/pokedex/hippowdon,2026-09-23T08:35:14.730Z
450,slack-off,38.2,https://op.gg/pokemon-champions/pokedex/hippowdon,2026-09-23T08:35:14.730Z
450,ice-fang,5.5,https://op.gg/pokemon-champions/pokedex/hippowdon,2026-09-23T08:35:14.730Z
450,protect,3.6,https://op.gg/pokemon-champions/pokedex/hippowdon,2026-09-23T08:35:14.730Z
450,roar,3.4,https://op.gg/pokemon-champions/pokedex/hippowdon,2026-09-23T08:35:14.730Z
450,rock-tomb,1.5,https://op.gg/pokemon-champions/pokedex/hippowdon,2026-09-23T08:35:14.730Z
450,fissure,0.6,https://op.gg/pokemon-champions/pokedex/hippowdon,2026-09-23T08:35:14.730Z
454,close-combat,72,https://op.gg/pokemon-champions/pokedex/toxicroak,2026-09-23T08:35:14.730Z
454,gunk-shot,49.1,https://op.gg/pokemon-champions/pokedex/toxicroak,2026-09-23T08:35:14.730Z
454,sucker-punch,48.1,https://op.gg/pokemon-champions/pokedex/toxicroak,2026-09-23T08:35:14.730Z
454,poison-jab,39.5,https://op.gg/pokemon-champions/pokedex/toxicroak,2026-09-23T08:35:14.730Z
454,ice-punch,22.3,https://op.gg/pokemon-champions/pokedex/toxicroak,2026-09-23T08:35:14.730Z
454,drain-punch,18.9,https://op.gg/pokemon-champions/pokedex/toxicroak,2026-09-23T08:35:14.730Z
454,earthquake,18.3,https://op.gg/pokemon-champions/pokedex/toxicroak,2026-09-23T08:35:14.730Z
454,counter,15,https://op.gg/pokemon-champions/pokedex/toxicroak,2026-09-23T08:35:14.730Z
454,fake-out,12.5,https://op.gg/pokemon-champions/pokedex/toxicroak,2026-09-23T08:35:14.730Z
454,knock-off,10.8,https://op.gg/pokemon-champions/pokedex/toxicroak,2026-09-23T08:35:14.730Z
460,blizzard,88.7,https://op.gg/pokemon-champions/pokedex/abomasnow,2026-09-23T08:35:14.730Z
460,ice-shard,58.7,https://op.gg/pokemon-champions/pokedex/abomasnow,2026-09-23T08:35:14.730Z
460,giga-drain,49.8,https://op.gg/pokemon-champions/pokedex/abomasnow,2026-09-23T08:35:14.730Z
460,earth-power,49.2,https://op.gg/pokemon-champions/pokedex/abomasnow,2026-09-23T08:35:14.730Z
460,aurora-veil,42.1,https://op.gg/pokemon-champions/pokedex/abomasnow,2026-09-23T08:35:14.730Z
460,leech-seed,18.8,https://op.gg/pokemon-champions/pokedex/abomasnow,2026-09-23T08:35:14.730Z
460,leaf-storm,17.7,https://op.gg/pokemon-champions/pokedex/abomasnow,2026-09-23T08:35:14.730Z
460,sheer-cold,13.1,https://op.gg/pokemon-champions/pokedex/abomasnow,2026-09-23T08:35:14.730Z
460,energy-ball,11.9,https://op.gg/pokemon-champions/pokedex/abomasnow,2026-09-23T08:35:14.730Z
460,focus-blast,6.9,https://op.gg/pokemon-champions/pokedex/abomasnow,2026-09-23T08:35:14.730Z
461,knock-off,71.4,https://op.gg/pokemon-champions/pokedex/weavile,2026-09-23T08:35:14.730Z
461,triple-axel,65.7,https://op.gg/pokemon-champions/pokedex/weavile,2026-09-23T08:35:14.730Z
461,ice-shard,65.4,https://op.gg/pokemon-champions/pokedex/weavile,2026-09-23T08:35:14.730Z
461,fake-out,23.7,https://op.gg/pokemon-champions/pokedex/weavile,2026-09-23T08:35:14.730Z
461,poison-jab,20.6,https://op.gg/pokemon-champions/pokedex/weavile,2026-09-23T08:35:14.730Z
461,counter,19.7,https://op.gg/pokemon-champions/pokedex/weavile,2026-09-23T08:35:14.730Z
461,taunt,16.7,https://op.gg/pokemon-champions/pokedex/weavile,2026-09-23T08:35:14.730Z
461,ice-spinner,15.1,https://op.gg/pokemon-champions/pokedex/weavile,2026-09-23T08:35:14.730Z
461,throat-chop,14.3,https://op.gg/pokemon-champions/pokedex/weavile,2026-09-23T08:35:14.730Z
461,icicle-crash,13.6,https://op.gg/pokemon-champions/pokedex/weavile,2026-09-23T08:35:14.730Z
464,earthquake,90.1,https://op.gg/pokemon-champions/pokedex/rhyperior,2026-09-23T08:35:14.730Z
464,ice-punch,44.4,https://op.gg/pokemon-champions/pokedex/rhyperior,2026-09-23T08:35:14.730Z
464,stone-edge,31.2,https://op.gg/pokemon-champions/pokedex/rhyperior,2026-09-23T08:35:14.730Z
464,rock-blast,27.1,https://op.gg/pokemon-champions/pokedex/rhyperior,2026-09-23T08:35:14.730Z
464,metal-burst,26.3,https://op.gg/pokemon-champions/pokedex/rhyperior,2026-09-23T08:35:14.730Z
464,supercell-slam,21.4,https://op.gg/pokemon-champions/pokedex/rhyperior,2026-09-23T08:35:14.730Z
464,horn-drill,18.1,https://op.gg/pokemon-champions/pokedex/rhyperior,2026-09-23T08:35:14.730Z
464,rock-wrecker,16.6,https://op.gg/pokemon-champions/pokedex/rhyperior,2026-09-23T08:35:14.730Z
464,avalanche,16,https://op.gg/pokemon-champions/pokedex/rhyperior,2026-09-23T08:35:14.730Z
464,stealth-rock,12.5,https://op.gg/pokemon-champions/pokedex/rhyperior,2026-09-23T08:35:14.730Z
470,leaf-blade,55.3,https://op.gg/pokemon-champions/pokedex/leafeon,2026-09-23T08:35:14.730Z
470,knock-off,53.4,https://op.gg/pokemon-champions/pokedex/leafeon,2026-09-23T08:35:14.730Z
470,leech-seed,38.9,https://op.gg/pokemon-champions/pokedex/leafeon,2026-09-23T08:35:14.730Z
470,solar-blade,34.4,https://op.gg/pokemon-champions/pokedex/leafeon,2026-09-23T08:35:14.730Z
470,synthesis,32.8,https://op.gg/pokemon-champions/pokedex/leafeon,2026-09-23T08:35:14.730Z
470,swords-dance,26,https://op.gg/pokemon-champions/pokedex/leafeon,2026-09-23T08:35:14.730Z
470,yawn,25,https://op.gg/pokemon-champions/pokedex/leafeon,2026-09-23T08:35:14.730Z
470,protect,15.8,https://op.gg/pokemon-champions/pokedex/leafeon,2026-09-23T08:35:14.730Z
470,charm,13.1,https://op.gg/pokemon-champions/pokedex/leafeon,2026-09-23T08:35:14.730Z
470,trailblaze,10.9,https://op.gg/pokemon-champions/pokedex/leafeon,2026-09-23T08:35:14.730Z
471,freeze-dry,94.6,https://op.gg/pokemon-champions/pokedex/glaceon,2026-09-23T08:35:14.730Z
471,ice-shard,53.7,https://op.gg/pokemon-champions/pokedex/glaceon,2026-09-23T08:35:14.730Z
471,mirror-coat,48.4,https://op.gg/pokemon-champions/pokedex/glaceon,2026-09-23T08:35:14.730Z
471,yawn,42.3,https://op.gg/pokemon-champions/pokedex/glaceon,2026-09-23T08:35:14.730Z
471,mud-shot,30.7,https://op.gg/pokemon-champions/pokedex/glaceon,2026-09-23T08:35:14.730Z
471,shadow-ball,27.9,https://op.gg/pokemon-champions/pokedex/glaceon,2026-09-23T08:35:14.730Z
471,ice-beam,27,https://op.gg/pokemon-champions/pokedex/glaceon,2026-09-23T08:35:14.730Z
471,blizzard,12.7,https://op.gg/pokemon-champions/pokedex/glaceon,2026-09-23T08:35:14.730Z
471,frost-breath,11.4,https://op.gg/pokemon-champions/pokedex/glaceon,2026-09-23T08:35:14.730Z
471,calm-mind,9,https://op.gg/pokemon-champions/pokedex/glaceon,2026-09-23T08:35:14.730Z
472,earthquake,91.3,https://op.gg/pokemon-champions/pokedex/gliscor,2026-09-23T08:35:14.730Z
472,toxic,43.2,https://op.gg/pokemon-champions/pokedex/gliscor,2026-09-23T08:35:14.730Z
472,stealth-rock,41.2,https://op.gg/pokemon-champions/pokedex/gliscor,2026-09-23T08:35:14.730Z
472,protect,25.6,https://op.gg/pokemon-champions/pokedex/gliscor,2026-09-23T08:35:14.730Z
472,ice-fang,18.8,https://op.gg/pokemon-champions/pokedex/gliscor,2026-09-23T08:35:14.730Z
472,dual-wingbeat,18.2,https://op.gg/pokemon-champions/pokedex/gliscor,2026-09-23T08:35:14.730Z
472,u-turn,17.8,https://op.gg/pokemon-champions/pokedex/gliscor,2026-09-23T08:35:14.730Z
472,knock-off,15.9,https://op.gg/pokemon-champions/pokedex/gliscor,2026-09-23T08:35:14.730Z
472,substitute,14,https://op.gg/pokemon-champions/pokedex/gliscor,2026-09-23T08:35:14.730Z
472,swords-dance,11.6,https://op.gg/pokemon-champions/pokedex/gliscor,2026-09-23T08:35:14.730Z
473,earthquake,98.3,https://op.gg/pokemon-champions/pokedex/mamoswine,2026-09-23T08:35:14.730Z
473,ice-shard,97.3,https://op.gg/pokemon-champions/pokedex/mamoswine,2026-09-23T08:35:14.730Z
473,icicle-crash,48.6,https://op.gg/pokemon-champions/pokedex/mamoswine,2026-09-23T08:35:14.730Z
473,icicle-spear,38.6,https://op.gg/pokemon-champions/pokedex/mamoswine,2026-09-23T08:35:14.730Z
473,stealth-rock,38.4,https://op.gg/pokemon-champions/pokedex/mamoswine,2026-09-23T08:35:14.730Z
473,rock-tomb,25.1,https://op.gg/pokemon-champions/pokedex/mamoswine,2026-09-23T08:35:14.730Z
473,endeavor,21.7,https://op.gg/pokemon-champions/pokedex/mamoswine,2026-09-23T08:35:14.730Z
473,stone-edge,5.9,https://op.gg/pokemon-champions/pokedex/mamoswine,2026-09-23T08:35:14.730Z
473,rock-slide,5,https://op.gg/pokemon-champions/pokedex/mamoswine,2026-09-23T08:35:14.730Z
473,knock-off,3.6,https://op.gg/pokemon-champions/pokedex/mamoswine,2026-09-23T08:35:14.730Z
475,sacred-sword,92.6,https://op.gg/pokemon-champions/pokedex/gallade,2026-09-23T08:35:14.730Z
475,psycho-cut,79.1,https://op.gg/pokemon-champions/pokedex/gallade,2026-09-23T08:35:14.730Z
475,leaf-blade,74,https://op.gg/pokemon-champions/pokedex/gallade,2026-09-23T08:35:14.730Z
475,shadow-sneak,56.7,https://op.gg/pokemon-champions/pokedex/gallade,2026-09-23T08:35:14.730Z
475,triple-axel,22.8,https://op.gg/pokemon-champions/pokedex/gallade,2026-09-23T08:35:14.730Z
475,night-slash,20.6,https://op.gg/pokemon-champions/pokedex/gallade,2026-09-23T08:35:14.730Z
475,shadow-claw,8,https://op.gg/pokemon-champions/pokedex/gallade,2026-09-23T08:35:14.730Z
475,swords-dance,3.9,https://op.gg/pokemon-champions/pokedex/gallade,2026-09-23T08:35:14.730Z
475,close-combat,3.7,https://op.gg/pokemon-champions/pokedex/gallade,2026-09-23T08:35:14.730Z
475,ice-punch,3.2,https://op.gg/pokemon-champions/pokedex/gallade,2026-09-23T08:35:14.730Z
478,blizzard,95.4,https://op.gg/pokemon-champions/pokedex/froslass,2026-09-23T08:35:14.730Z
478,shadow-ball,79.1,https://op.gg/pokemon-champions/pokedex/froslass,2026-09-23T08:35:14.730Z
478,aurora-veil,54.7,https://op.gg/pokemon-champions/pokedex/froslass,2026-09-23T08:35:14.730Z
478,thunderbolt,49.7,https://op.gg/pokemon-champions/pokedex/froslass,2026-09-23T08:35:14.730Z
478,destiny-bond,29,https://op.gg/pokemon-champions/pokedex/froslass,2026-09-23T08:35:14.730Z
478,will-o-wisp,19.9,https://op.gg/pokemon-champions/pokedex/froslass,2026-09-23T08:35:14.730Z
478,ice-shard,13.5,https://op.gg/pokemon-champions/pokedex/froslass,2026-09-23T08:35:14.730Z
478,taunt,11.2,https://op.gg/pokemon-champions/pokedex/froslass,2026-09-23T08:35:14.730Z
478,hex,10.6,https://op.gg/pokemon-champions/pokedex/froslass,2026-09-23T08:35:14.730Z
478,nasty-plot,9.8,https://op.gg/pokemon-champions/pokedex/froslass,2026-09-23T08:35:14.730Z
479,thunderbolt,60.4,https://op.gg/pokemon-champions/pokedex/rotom,2026-09-23T08:35:14.730Z
479,will-o-wisp,54.7,https://op.gg/pokemon-champions/pokedex/rotom,2026-09-23T08:35:14.730Z
479,shadow-ball,53.4,https://op.gg/pokemon-champions/pokedex/rotom,2026-09-23T08:35:14.730Z
479,volt-switch,51.9,https://op.gg/pokemon-champions/pokedex/rotom,2026-09-23T08:35:14.730Z
479,hex,46.5,https://op.gg/pokemon-champions/pokedex/rotom,2026-09-23T08:35:14.730Z
479,pain-split,25.3,https://op.gg/pokemon-champions/pokedex/rotom,2026-09-23T08:35:14.730Z
479,trick,23.2,https://op.gg/pokemon-champions/pokedex/rotom,2026-09-23T08:35:14.730Z
479,dark-pulse,19.6,https://op.gg/pokemon-champions/pokedex/rotom,2026-09-23T08:35:14.730Z
479,thunder-wave,18.8,https://op.gg/pokemon-champions/pokedex/rotom,2026-09-23T08:35:14.730Z
479,discharge,11.6,https://op.gg/pokemon-champions/pokedex/rotom,2026-09-23T08:35:14.730Z
497,leaf-storm,99.1,https://op.gg/pokemon-champions/pokedex/serperior,2026-09-23T08:35:14.730Z
497,glare,60.2,https://op.gg/pokemon-champions/pokedex/serperior,2026-09-23T08:35:14.730Z
497,dragon-pulse,53.3,https://op.gg/pokemon-champions/pokedex/serperior,2026-09-23T08:35:14.730Z
497,taunt,43.4,https://op.gg/pokemon-champions/pokedex/serperior,2026-09-23T08:35:14.730Z
497,leech-seed,25.7,https://op.gg/pokemon-champions/pokedex/serperior,2026-09-23T08:35:14.730Z
497,substitute,17.9,https://op.gg/pokemon-champions/pokedex/serperior,2026-09-23T08:35:14.730Z
497,giga-drain,16.6,https://op.gg/pokemon-champions/pokedex/serperior,2026-09-23T08:35:14.730Z
497,mirror-coat,16.1,https://op.gg/pokemon-champions/pokedex/serperior,2026-09-23T08:35:14.730Z
497,synthesis,12.8,https://op.gg/pokemon-champions/pokedex/serperior,2026-09-23T08:35:14.730Z
497,reflect,12.5,https://op.gg/pokemon-champions/pokedex/serperior,2026-09-23T08:35:14.730Z
500,flare-blitz,85.6,https://op.gg/pokemon-champions/pokedex/emboar,2026-09-23T08:35:14.730Z
500,sucker-punch,54.5,https://op.gg/pokemon-champions/pokedex/emboar,2026-09-23T08:35:14.730Z
500,close-combat,47.1,https://op.gg/pokemon-champions/pokedex/emboar,2026-09-23T08:35:14.730Z
500,earthquake,33.9,https://op.gg/pokemon-champions/pokedex/emboar,2026-09-23T08:35:14.730Z
500,wild-charge,32.6,https://op.gg/pokemon-champions/pokedex/emboar,2026-09-23T08:35:14.730Z
500,drain-punch,28.1,https://op.gg/pokemon-champions/pokedex/emboar,2026-09-23T08:35:14.730Z
500,head-smash,26.1,https://op.gg/pokemon-champions/pokedex/emboar,2026-09-23T08:35:14.730Z
500,storm-throw,12.9,https://op.gg/pokemon-champions/pokedex/emboar,2026-09-23T08:35:14.730Z
500,bulk-up,12.6,https://op.gg/pokemon-champions/pokedex/emboar,2026-09-23T08:35:14.730Z
500,flame-charge,6.7,https://op.gg/pokemon-champions/pokedex/emboar,2026-09-23T08:35:14.730Z
503,ice-beam,88.1,https://op.gg/pokemon-champions/pokedex/samurott,2026-09-23T08:35:14.730Z
503,vacuum-wave,68.1,https://op.gg/pokemon-champions/pokedex/samurott,2026-09-23T08:35:14.730Z
503,surf,47.8,https://op.gg/pokemon-champions/pokedex/samurott,2026-09-23T08:35:14.730Z
503,hydro-pump,43.4,https://op.gg/pokemon-champions/pokedex/samurott,2026-09-23T08:35:14.730Z
503,grass-knot,35.7,https://op.gg/pokemon-champions/pokedex/samurott,2026-09-23T08:35:14.730Z
503,encore,28.6,https://op.gg/pokemon-champions/pokedex/samurott,2026-09-23T08:35:14.730Z
503,aqua-jet,19,https://op.gg/pokemon-champions/pokedex/samurott,2026-09-23T08:35:14.730Z
503,taunt,10.1,https://op.gg/pokemon-champions/pokedex/samurott,2026-09-23T08:35:14.730Z
503,flip-turn,6.6,https://op.gg/pokemon-champions/pokedex/samurott,2026-09-23T08:35:14.730Z
503,knock-off,6.4,https://op.gg/pokemon-champions/pokedex/samurott,2026-09-23T08:35:14.730Z
505,ice-punch,49.7,https://op.gg/pokemon-champions/pokedex/watchog,2026-09-23T08:35:14.730Z
505,crunch,32.8,https://op.gg/pokemon-champions/pokedex/watchog,2026-09-23T08:35:14.730Z
505,double-edge,29.1,https://op.gg/pokemon-champions/pokedex/watchog,2026-09-23T08:35:14.730Z
505,super-fang,28.6,https://op.gg/pokemon-champions/pokedex/watchog,2026-09-23T08:35:14.730Z
505,giga-impact,24,https://op.gg/pokemon-champions/pokedex/watchog,2026-09-23T08:35:14.730Z
505,gunk-shot,20.4,https://op.gg/pokemon-champions/pokedex/watchog,2026-09-23T08:35:14.730Z
505,fire-punch,19.5,https://op.gg/pokemon-champions/pokedex/watchog,2026-09-23T08:35:14.730Z
505,flamethrower,18.2,https://op.gg/pokemon-champions/pokedex/watchog,2026-09-23T08:35:14.730Z
505,low-kick,16.3,https://op.gg/pokemon-champions/pokedex/watchog,2026-09-23T08:35:14.730Z
505,fling,16.2,https://op.gg/pokemon-champions/pokedex/watchog,2026-09-23T08:35:14.730Z
510,encore,86.1,https://op.gg/pokemon-champions/pokedex/liepard,2026-09-23T08:35:14.730Z
510,foul-play,82.6,https://op.gg/pokemon-champions/pokedex/liepard,2026-09-23T08:35:14.730Z
510,copycat,73.7,https://op.gg/pokemon-champions/pokedex/liepard,2026-09-23T08:35:14.730Z
510,protect,62.3,https://op.gg/pokemon-champions/pokedex/liepard,2026-09-23T08:35:14.730Z
510,taunt,12,https://op.gg/pokemon-champions/pokedex/liepard,2026-09-23T08:35:14.730Z
510,yawn,10.7,https://op.gg/pokemon-champions/pokedex/liepard,2026-09-23T08:35:14.730Z
510,baton-pass,9.2,https://op.gg/pokemon-champions/pokedex/liepard,2026-09-23T08:35:14.730Z
510,substitute,9,https://op.gg/pokemon-champions/pokedex/liepard,2026-09-23T08:35:14.730Z
510,fake-out,7.8,https://op.gg/pokemon-champions/pokedex/liepard,2026-09-23T08:35:14.730Z
510,thunder-wave,7.7,https://op.gg/pokemon-champions/pokedex/liepard,2026-09-23T08:35:14.730Z
512,leaf-storm,47.6,https://op.gg/pokemon-champions/pokedex/simisage,2026-09-23T08:35:14.730Z
512,fake-out,43.7,https://op.gg/pokemon-champions/pokedex/simisage,2026-09-23T08:35:14.730Z
512,rock-slide,35.8,https://op.gg/pokemon-champions/pokedex/simisage,2026-09-23T08:35:14.730Z
512,focus-blast,31.5,https://op.gg/pokemon-champions/pokedex/simisage,2026-09-23T08:35:14.730Z
512,seed-bomb,25.2,https://op.gg/pokemon-champions/pokedex/simisage,2026-09-23T08:35:14.730Z
512,gunk-shot,23.7,https://op.gg/pokemon-champions/pokedex/simisage,2026-09-23T08:35:14.730Z
512,taunt,19,https://op.gg/pokemon-champions/pokedex/simisage,2026-09-23T08:35:14.730Z
512,leech-seed,18.6,https://op.gg/pokemon-champions/pokedex/simisage,2026-09-23T08:35:14.730Z
512,rock-tomb,16.6,https://op.gg/pokemon-champions/pokedex/simisage,2026-09-23T08:35:14.730Z
512,nasty-plot,11.1,https://op.gg/pokemon-champions/pokedex/simisage,2026-09-23T08:35:14.730Z
514,grass-knot,43.9,https://op.gg/pokemon-champions/pokedex/simisear,2026-09-23T08:35:14.730Z
514,scorching-sands,40.4,https://op.gg/pokemon-champions/pokedex/simisear,2026-09-23T08:35:14.730Z
514,flamethrower,37.4,https://op.gg/pokemon-champions/pokedex/simisear,2026-09-23T08:35:14.730Z
514,yawn,33.3,https://op.gg/pokemon-champions/pokedex/simisear,2026-09-23T08:35:14.730Z
514,will-o-wisp,31.2,https://op.gg/pokemon-champions/pokedex/simisear,2026-09-23T08:35:14.730Z
514,flare-blitz,26.2,https://op.gg/pokemon-champions/pokedex/simisear,2026-09-23T08:35:14.730Z
514,overheat,23.8,https://op.gg/pokemon-champions/pokedex/simisear,2026-09-23T08:35:14.730Z
514,rock-slide,23.3,https://op.gg/pokemon-champions/pokedex/simisear,2026-09-23T08:35:14.730Z
514,focus-blast,19.4,https://op.gg/pokemon-champions/pokedex/simisear,2026-09-23T08:35:14.730Z
514,fire-blast,15.5,https://op.gg/pokemon-champions/pokedex/simisear,2026-09-23T08:35:14.730Z
516,ice-beam,81.8,https://op.gg/pokemon-champions/pokedex/simipour,2026-09-23T08:35:14.730Z
516,hydro-pump,53.8,https://op.gg/pokemon-champions/pokedex/simipour,2026-09-23T08:35:14.730Z
516,focus-blast,47.5,https://op.gg/pokemon-champions/pokedex/simipour,2026-09-23T08:35:14.730Z
516,flip-turn,29.1,https://op.gg/pokemon-champions/pokedex/simipour,2026-09-23T08:35:14.730Z
516,scald,27.7,https://op.gg/pokemon-champions/pokedex/simipour,2026-09-23T08:35:14.730Z
516,grass-knot,25,https://op.gg/pokemon-champions/pokedex/simipour,2026-09-23T08:35:14.730Z
516,fake-out,24.1,https://op.gg/pokemon-champions/pokedex/simipour,2026-09-23T08:35:14.730Z
516,surf,21,https://op.gg/pokemon-champions/pokedex/simipour,2026-09-23T08:35:14.730Z
516,taunt,18.5,https://op.gg/pokemon-champions/pokedex/simipour,2026-09-23T08:35:14.730Z
516,nasty-plot,17.8,https://op.gg/pokemon-champions/pokedex/simipour,2026-09-23T08:35:14.730Z
518,trick-room,83.6,https://op.gg/pokemon-champions/pokedex/musharna,2026-09-23T08:35:14.730Z
518,healing-wish,78.6,https://op.gg/pokemon-champions/pokedex/musharna,2026-09-23T08:35:14.730Z
518,yawn,68.4,https://op.gg/pokemon-champions/pokedex/musharna,2026-09-23T08:35:14.730Z
518,moonblast,44.7,https://op.gg/pokemon-champions/pokedex/musharna,2026-09-23T08:35:14.730Z
518,psychic,38.6,https://op.gg/pokemon-champions/pokedex/musharna,2026-09-23T08:35:14.730Z
518,misty-explosion,22.9,https://op.gg/pokemon-champions/pokedex/musharna,2026-09-23T08:35:14.730Z
518,moonlight,10.9,https://op.gg/pokemon-champions/pokedex/musharna,2026-09-23T08:35:14.730Z
518,shadow-ball,7.1,https://op.gg/pokemon-champions/pokedex/musharna,2026-09-23T08:35:14.730Z
518,protect,6.3,https://op.gg/pokemon-champions/pokedex/musharna,2026-09-23T08:35:14.730Z
518,future-sight,6.2,https://op.gg/pokemon-champions/pokedex/musharna,2026-09-23T08:35:14.730Z
530,earthquake,97.6,https://op.gg/pokemon-champions/pokedex/excadrill,2026-09-23T08:35:14.730Z
530,iron-head,96.9,https://op.gg/pokemon-champions/pokedex/excadrill,2026-09-23T08:35:14.730Z
530,rock-slide,70.3,https://op.gg/pokemon-champions/pokedex/excadrill,2026-09-23T08:35:14.730Z
530,horn-drill,33.8,https://op.gg/pokemon-champions/pokedex/excadrill,2026-09-23T08:35:14.730Z
530,swords-dance,28.1,https://op.gg/pokemon-champions/pokedex/excadrill,2026-09-23T08:35:14.730Z
530,rapid-spin,11.6,https://op.gg/pokemon-champions/pokedex/excadrill,2026-09-23T08:35:14.730Z
530,rock-tomb,11.6,https://op.gg/pokemon-champions/pokedex/excadrill,2026-09-23T08:35:14.730Z
530,brick-break,8.9,https://op.gg/pokemon-champions/pokedex/excadrill,2026-09-23T08:35:14.730Z
530,poison-jab,7.5,https://op.gg/pokemon-champions/pokedex/excadrill,2026-09-23T08:35:14.730Z
530,stealth-rock,7.2,https://op.gg/pokemon-champions/pokedex/excadrill,2026-09-23T08:35:14.730Z
531,healing-wish,69,https://op.gg/pokemon-champions/pokedex/audino,2026-09-23T08:35:14.730Z
531,trick-room,60.8,https://op.gg/pokemon-champions/pokedex/audino,2026-09-23T08:35:14.730Z
531,encore,38.7,https://op.gg/pokemon-champions/pokedex/audino,2026-09-23T08:35:14.730Z
531,flamethrower,37,https://op.gg/pokemon-champions/pokedex/audino,2026-09-23T08:35:14.730Z
531,yawn,34.1,https://op.gg/pokemon-champions/pokedex/audino,2026-09-23T08:35:14.730Z
531,dazzling-gleam,22.6,https://op.gg/pokemon-champions/pokedex/audino,2026-09-23T08:35:14.730Z
531,ice-beam,19.9,https://op.gg/pokemon-champions/pokedex/audino,2026-09-23T08:35:14.730Z
531,wish,19.6,https://op.gg/pokemon-champions/pokedex/audino,2026-09-23T08:35:14.730Z
531,draining-kiss,15.1,https://op.gg/pokemon-champions/pokedex/audino,2026-09-23T08:35:14.730Z
531,light-screen,12.7,https://op.gg/pokemon-champions/pokedex/audino,2026-09-23T08:35:14.730Z
534,mach-punch,92.4,https://op.gg/pokemon-champions/pokedex/conkeldurr,2026-09-23T08:35:14.730Z
534,drain-punch,79.8,https://op.gg/pokemon-champions/pokedex/conkeldurr,2026-09-23T08:35:14.730Z
534,ice-punch,76.8,https://op.gg/pokemon-champions/pokedex/conkeldurr,2026-09-23T08:35:14.730Z
534,fire-punch,46.7,https://op.gg/pokemon-champions/pokedex/conkeldurr,2026-09-23T08:35:14.730Z
534,thunder-punch,45.7,https://op.gg/pokemon-champions/pokedex/conkeldurr,2026-09-23T08:35:14.730Z
534,knock-off,19.3,https://op.gg/pokemon-champions/pokedex/conkeldurr,2026-09-23T08:35:14.730Z
534,earthquake,9.9,https://op.gg/pokemon-champions/pokedex/conkeldurr,2026-09-23T08:35:14.730Z
534,close-combat,6.1,https://op.gg/pokemon-champions/pokedex/conkeldurr,2026-09-23T08:35:14.730Z
534,bulk-up,4.6,https://op.gg/pokemon-champions/pokedex/conkeldurr,2026-09-23T08:35:14.730Z
534,poison-jab,4.3,https://op.gg/pokemon-champions/pokedex/conkeldurr,2026-09-23T08:35:14.730Z
545,swords-dance,67.8,https://op.gg/pokemon-champions/pokedex/scolipede,2026-09-23T08:35:14.730Z
545,earthquake,57.3,https://op.gg/pokemon-champions/pokedex/scolipede,2026-09-23T08:35:14.730Z
545,leech-life,53.4,https://op.gg/pokemon-champions/pokedex/scolipede,2026-09-23T08:35:14.730Z
545,baton-pass,48.1,https://op.gg/pokemon-champions/pokedex/scolipede,2026-09-23T08:35:14.730Z
545,protect,44.9,https://op.gg/pokemon-champions/pokedex/scolipede,2026-09-23T08:35:14.730Z
545,poison-jab,33.9,https://op.gg/pokemon-champions/pokedex/scolipede,2026-09-23T08:35:14.730Z
545,iron-defense,32.3,https://op.gg/pokemon-champions/pokedex/scolipede,2026-09-23T08:35:14.730Z
545,substitute,17.4,https://op.gg/pokemon-champions/pokedex/scolipede,2026-09-23T08:35:14.730Z
545,gunk-shot,15.1,https://op.gg/pokemon-champions/pokedex/scolipede,2026-09-23T08:35:14.730Z
545,rock-slide,8.8,https://op.gg/pokemon-champions/pokedex/scolipede,2026-09-23T08:35:14.730Z
547,moonblast,86.3,https://op.gg/pokemon-champions/pokedex/whimsicott,2026-09-23T08:35:14.730Z
547,encore,68.6,https://op.gg/pokemon-champions/pokedex/whimsicott,2026-09-23T08:35:14.730Z
547,tailwind,46.7,https://op.gg/pokemon-champions/pokedex/whimsicott,2026-09-23T08:35:14.730Z
547,leech-seed,38.8,https://op.gg/pokemon-champions/pokedex/whimsicott,2026-09-23T08:35:14.730Z
547,memento,27.5,https://op.gg/pokemon-champions/pokedex/whimsicott,2026-09-23T08:35:14.730Z
547,endeavor,24.6,https://op.gg/pokemon-champions/pokedex/whimsicott,2026-09-23T08:35:14.730Z
547,substitute,23.4,https://op.gg/pokemon-champions/pokedex/whimsicott,2026-09-23T08:35:14.730Z
547,taunt,16,https://op.gg/pokemon-champions/pokedex/whimsicott,2026-09-23T08:35:14.730Z
547,cotton-guard,13.5,https://op.gg/pokemon-champions/pokedex/whimsicott,2026-09-23T08:35:14.730Z
547,energy-ball,9.2,https://op.gg/pokemon-champions/pokedex/whimsicott,2026-09-23T08:35:14.730Z
553,earthquake,93.8,https://op.gg/pokemon-champions/pokedex/krookodile,2026-09-23T08:35:14.730Z
553,knock-off,59.6,https://op.gg/pokemon-champions/pokedex/krookodile,2026-09-23T08:35:14.730Z
553,stealth-rock,42.5,https://op.gg/pokemon-champions/pokedex/krookodile,2026-09-23T08:35:14.730Z
553,taunt,35.7,https://op.gg/pokemon-champions/pokedex/krookodile,2026-09-23T08:35:14.730Z
553,close-combat,27.2,https://op.gg/pokemon-champions/pokedex/krookodile,2026-09-23T08:35:14.730Z
553,gunk-shot,18.1,https://op.gg/pokemon-champions/pokedex/krookodile,2026-09-23T08:35:14.730Z
553,rock-tomb,15.5,https://op.gg/pokemon-champions/pokedex/krookodile,2026-09-23T08:35:14.730Z
553,crunch,12.5,https://op.gg/pokemon-champions/pokedex/krookodile,2026-09-23T08:35:14.730Z
553,stone-edge,11.6,https://op.gg/pokemon-champions/pokedex/krookodile,2026-09-23T08:35:14.730Z
553,scale-shot,9.7,https://op.gg/pokemon-champions/pokedex/krookodile,2026-09-23T08:35:14.730Z
560,drain-punch,83.1,https://op.gg/pokemon-champions/pokedex/scrafty,2026-09-23T08:35:14.730Z
560,knock-off,69.8,https://op.gg/pokemon-champions/pokedex/scrafty,2026-09-23T08:35:14.730Z
560,dragon-dance,43.8,https://op.gg/pokemon-champions/pokedex/scrafty,2026-09-23T08:35:14.730Z
560,ice-punch,41.3,https://op.gg/pokemon-champions/pokedex/scrafty,2026-09-23T08:35:14.730Z
560,bulk-up,28.5,https://op.gg/pokemon-champions/pokedex/scrafty,2026-09-23T08:35:14.730Z
560,poison-jab,19,https://op.gg/pokemon-champions/pokedex/scrafty,2026-09-23T08:35:14.730Z
560,taunt,17.6,https://op.gg/pokemon-champions/pokedex/scrafty,2026-09-23T08:35:14.730Z
560,throat-chop,11.1,https://op.gg/pokemon-champions/pokedex/scrafty,2026-09-23T08:35:14.730Z
560,high-jump-kick,9.9,https://op.gg/pokemon-champions/pokedex/scrafty,2026-09-23T08:35:14.730Z
560,fire-punch,9.3,https://op.gg/pokemon-champions/pokedex/scrafty,2026-09-23T08:35:14.730Z
563,will-o-wisp,75.4,https://op.gg/pokemon-champions/pokedex/cofagrigus,2026-09-23T08:35:14.730Z
563,body-press,54.7,https://op.gg/pokemon-champions/pokedex/cofagrigus,2026-09-23T08:35:14.730Z
563,hex,49.2,https://op.gg/pokemon-champions/pokedex/cofagrigus,2026-09-23T08:35:14.730Z
563,trick-room,38.8,https://op.gg/pokemon-champions/pokedex/cofagrigus,2026-09-23T08:35:14.730Z
563,iron-defense,32.7,https://op.gg/pokemon-champions/pokedex/cofagrigus,2026-09-23T08:35:14.730Z
563,shadow-ball,27,https://op.gg/pokemon-champions/pokedex/cofagrigus,2026-09-23T08:35:14.730Z
563,curse,19.4,https://op.gg/pokemon-champions/pokedex/cofagrigus,2026-09-23T08:35:14.730Z
563,destiny-bond,16.9,https://op.gg/pokemon-champions/pokedex/cofagrigus,2026-09-23T08:35:14.730Z
563,toxic-spikes,11.9,https://op.gg/pokemon-champions/pokedex/cofagrigus,2026-09-23T08:35:14.730Z
563,memento,11,https://op.gg/pokemon-champions/pokedex/cofagrigus,2026-09-23T08:35:14.730Z
569,gunk-shot,70.9,https://op.gg/pokemon-champions/pokedex/garbodor,2026-09-23T08:35:14.730Z
569,explosion,67.2,https://op.gg/pokemon-champions/pokedex/garbodor,2026-09-23T08:35:14.730Z
569,stomping-tantrum,41.2,https://op.gg/pokemon-champions/pokedex/garbodor,2026-09-23T08:35:14.730Z
569,toxic-spikes,34.4,https://op.gg/pokemon-champions/pokedex/garbodor,2026-09-23T08:35:14.730Z
569,seed-bomb,23.8,https://op.gg/pokemon-champions/pokedex/garbodor,2026-09-23T08:35:14.730Z
569,pain-split,20.2,https://op.gg/pokemon-champions/pokedex/garbodor,2026-09-23T08:35:14.730Z
569,drain-punch,19.2,https://op.gg/pokemon-champions/pokedex/garbodor,2026-09-23T08:35:14.730Z
569,spikes,16.5,https://op.gg/pokemon-champions/pokedex/garbodor,2026-09-23T08:35:14.730Z
569,toxic,15.5,https://op.gg/pokemon-champions/pokedex/garbodor,2026-09-23T08:35:14.730Z
569,fling,14.4,https://op.gg/pokemon-champions/pokedex/garbodor,2026-09-23T08:35:14.730Z
571,night-daze,86.8,https://op.gg/pokemon-champions/pokedex/zoroark,2026-09-23T08:35:14.730Z
571,flamethrower,55.7,https://op.gg/pokemon-champions/pokedex/zoroark,2026-09-23T08:35:14.730Z
571,sludge-bomb,42.1,https://op.gg/pokemon-champions/pokedex/zoroark,2026-09-23T08:35:14.730Z
571,counter,26.3,https://op.gg/pokemon-champions/pokedex/zoroark,2026-09-23T08:35:14.730Z
571,sucker-punch,21.5,https://op.gg/pokemon-champions/pokedex/zoroark,2026-09-23T08:35:14.730Z
571,encore,19.9,https://op.gg/pokemon-champions/pokedex/zoroark,2026-09-23T08:35:14.730Z
571,psychic,16.3,https://op.gg/pokemon-champions/pokedex/zoroark,2026-09-23T08:35:14.730Z
571,focus-blast,14.4,https://op.gg/pokemon-champions/pokedex/zoroark,2026-09-23T08:35:14.730Z
571,taunt,14.1,https://op.gg/pokemon-champions/pokedex/zoroark,2026-09-23T08:35:14.730Z
571,memento,12.8,https://op.gg/pokemon-champions/pokedex/zoroark,2026-09-23T08:35:14.730Z
579,trick-room,65.2,https://op.gg/pokemon-champions/pokedex/reuniclus,2026-09-23T08:35:14.730Z
579,focus-blast,51.8,https://op.gg/pokemon-champions/pokedex/reuniclus,2026-09-23T08:35:14.730Z
579,psychic,44.6,https://op.gg/pokemon-champions/pokedex/reuniclus,2026-09-23T08:35:14.730Z
579,shadow-ball,44,https://op.gg/pokemon-champions/pokedex/reuniclus,2026-09-23T08:35:14.730Z
579,psychic-noise,36.1,https://op.gg/pokemon-champions/pokedex/reuniclus,2026-09-23T08:35:14.730Z
579,recover,32.5,https://op.gg/pokemon-champions/pokedex/reuniclus,2026-09-23T08:35:14.730Z
579,calm-mind,25.6,https://op.gg/pokemon-champions/pokedex/reuniclus,2026-09-23T08:35:14.730Z
579,grass-knot,21.1,https://op.gg/pokemon-champions/pokedex/reuniclus,2026-09-23T08:35:14.730Z
579,energy-ball,15.8,https://op.gg/pokemon-champions/pokedex/reuniclus,2026-09-23T08:35:14.730Z
579,thunder,11.3,https://op.gg/pokemon-champions/pokedex/reuniclus,2026-09-23T08:35:14.730Z
584,freeze-dry,90.6,https://op.gg/pokemon-champions/pokedex/vanilluxe,2026-09-23T08:35:14.730Z
584,blizzard,86.4,https://op.gg/pokemon-champions/pokedex/vanilluxe,2026-09-23T08:35:14.730Z
584,ice-shard,75.4,https://op.gg/pokemon-champions/pokedex/vanilluxe,2026-09-23T08:35:14.730Z
584,aurora-veil,59.7,https://op.gg/pokemon-champions/pokedex/vanilluxe,2026-09-23T08:35:14.730Z
584,taunt,43.9,https://op.gg/pokemon-champions/pokedex/vanilluxe,2026-09-23T08:35:14.730Z
584,sheer-cold,19.9,https://op.gg/pokemon-champions/pokedex/vanilluxe,2026-09-23T08:35:14.730Z
584,explosion,7.4,https://op.gg/pokemon-champions/pokedex/vanilluxe,2026-09-23T08:35:14.730Z
584,mirror-coat,6.8,https://op.gg/pokemon-champions/pokedex/vanilluxe,2026-09-23T08:35:14.730Z
584,flash-cannon,2.6,https://op.gg/pokemon-champions/pokedex/vanilluxe,2026-09-23T08:35:14.730Z
584,frost-breath,1.5,https://op.gg/pokemon-champions/pokedex/vanilluxe,2026-09-23T08:35:14.730Z
587,nuzzle,73.2,https://op.gg/pokemon-champions/pokedex/emolga,2026-09-23T08:35:14.730Z
587,encore,58.6,https://op.gg/pokemon-champions/pokedex/emolga,2026-09-23T08:35:14.730Z
587,taunt,47.5,https://op.gg/pokemon-champions/pokedex/emolga,2026-09-23T08:35:14.730Z
587,volt-switch,38.7,https://op.gg/pokemon-champions/pokedex/emolga,2026-09-23T08:35:14.730Z
587,air-slash,35.5,https://op.gg/pokemon-champions/pokedex/emolga,2026-09-23T08:35:14.730Z
587,charm,33.3,https://op.gg/pokemon-champions/pokedex/emolga,2026-09-23T08:35:14.730Z
587,roost,24.4,https://op.gg/pokemon-champions/pokedex/emolga,2026-09-23T08:35:14.730Z
587,energy-ball,14.4,https://op.gg/pokemon-champions/pokedex/emolga,2026-09-23T08:35:14.730Z
587,thunderbolt,11.7,https://op.gg/pokemon-champions/pokedex/emolga,2026-09-23T08:35:14.730Z
587,u-turn,9.5,https://op.gg/pokemon-champions/pokedex/emolga,2026-09-23T08:35:14.730Z
604,flamethrower,59.2,https://op.gg/pokemon-champions/pokedex/eelektross,2026-09-23T08:35:14.730Z
604,thunderbolt,50.7,https://op.gg/pokemon-champions/pokedex/eelektross,2026-09-23T08:35:14.730Z
604,dragon-pulse,47,https://op.gg/pokemon-champions/pokedex/eelektross,2026-09-23T08:35:14.730Z
604,giga-drain,41.1,https://op.gg/pokemon-champions/pokedex/eelektross,2026-09-23T08:35:14.730Z
604,supercell-slam,30.5,https://op.gg/pokemon-champions/pokedex/eelektross,2026-09-23T08:35:14.730Z
604,drain-punch,26.5,https://op.gg/pokemon-champions/pokedex/eelektross,2026-09-23T08:35:14.730Z
604,coil,24.4,https://op.gg/pokemon-champions/pokedex/eelektross,2026-09-23T08:35:14.730Z
604,grass-knot,13,https://op.gg/pokemon-champions/pokedex/eelektross,2026-09-23T08:35:14.730Z
604,liquidation,9.9,https://op.gg/pokemon-champions/pokedex/eelektross,2026-09-23T08:35:14.730Z
604,volt-switch,8.7,https://op.gg/pokemon-champions/pokedex/eelektross,2026-09-23T08:35:14.730Z
609,shadow-ball,91,https://op.gg/pokemon-champions/pokedex/chandelure,2026-09-23T08:35:14.730Z
609,flamethrower,69.6,https://op.gg/pokemon-champions/pokedex/chandelure,2026-09-23T08:35:14.730Z
609,energy-ball,62.9,https://op.gg/pokemon-champions/pokedex/chandelure,2026-09-23T08:35:14.730Z
609,overheat,38.2,https://op.gg/pokemon-champions/pokedex/chandelure,2026-09-23T08:35:14.730Z
609,trick,17.3,https://op.gg/pokemon-champions/pokedex/chandelure,2026-09-23T08:35:14.730Z
609,psychic,14.3,https://op.gg/pokemon-champions/pokedex/chandelure,2026-09-23T08:35:14.730Z
609,will-o-wisp,13.8,https://op.gg/pokemon-champions/pokedex/chandelure,2026-09-23T08:35:14.730Z
609,minimize,12.7,https://op.gg/pokemon-champions/pokedex/chandelure,2026-09-23T08:35:14.730Z
609,substitute,10.4,https://op.gg/pokemon-champions/pokedex/chandelure,2026-09-23T08:35:14.730Z
609,trick-room,8.9,https://op.gg/pokemon-champions/pokedex/chandelure,2026-09-23T08:35:14.730Z
614,icicle-crash,76.1,https://op.gg/pokemon-champions/pokedex/beartic,2026-09-23T08:35:14.730Z
614,earthquake,74,https://op.gg/pokemon-champions/pokedex/beartic,2026-09-23T08:35:14.730Z
614,close-combat,61.9,https://op.gg/pokemon-champions/pokedex/beartic,2026-09-23T08:35:14.730Z
614,aqua-jet,27,https://op.gg/pokemon-champions/pokedex/beartic,2026-09-23T08:35:14.730Z
614,liquidation,21.7,https://op.gg/pokemon-champions/pokedex/beartic,2026-09-23T08:35:14.730Z
614,swords-dance,18.6,https://op.gg/pokemon-champions/pokedex/beartic,2026-09-23T08:35:14.730Z
614,icicle-spear,12.2,https://op.gg/pokemon-champions/pokedex/beartic,2026-09-23T08:35:14.730Z
614,sheer-cold,11.4,https://op.gg/pokemon-champions/pokedex/beartic,2026-09-23T08:35:14.730Z
614,heavy-slam,9.6,https://op.gg/pokemon-champions/pokedex/beartic,2026-09-23T08:35:14.730Z
614,play-rough,9.5,https://op.gg/pokemon-champions/pokedex/beartic,2026-09-23T08:35:14.730Z
618,stealth-rock,75.7,https://op.gg/pokemon-champions/pokedex/stunfisk,2026-09-23T08:35:14.730Z
618,earth-power,61.6,https://op.gg/pokemon-champions/pokedex/stunfisk,2026-09-23T08:35:14.730Z
618,yawn,61.1,https://op.gg/pokemon-champions/pokedex/stunfisk,2026-09-23T08:35:14.730Z
618,thunderbolt,56.3,https://op.gg/pokemon-champions/pokedex/stunfisk,2026-09-23T08:35:14.730Z
618,fissure,34.4,https://op.gg/pokemon-champions/pokedex/stunfisk,2026-09-23T08:35:14.730Z
618,discharge,21.3,https://op.gg/pokemon-champions/pokedex/stunfisk,2026-09-23T08:35:14.730Z
618,foul-play,13.2,https://op.gg/pokemon-champions/pokedex/stunfisk,2026-09-23T08:35:14.730Z
618,scald,10.4,https://op.gg/pokemon-champions/pokedex/stunfisk,2026-09-23T08:35:14.730Z
618,sucker-punch,9.8,https://op.gg/pokemon-champions/pokedex/stunfisk,2026-09-23T08:35:14.730Z
618,thunder-wave,7.4,https://op.gg/pokemon-champions/pokedex/stunfisk,2026-09-23T08:35:14.730Z
623,poltergeist,74.8,https://op.gg/pokemon-champions/pokedex/golurk,2026-09-23T08:35:14.730Z
623,ice-punch,65.8,https://op.gg/pokemon-champions/pokedex/golurk,2026-09-23T08:35:14.730Z
623,headlong-rush,61,https://op.gg/pokemon-champions/pokedex/golurk,2026-09-23T08:35:14.730Z
623,earthquake,30.3,https://op.gg/pokemon-champions/pokedex/golurk,2026-09-23T08:35:14.730Z
623,fire-punch,23.7,https://op.gg/pokemon-champions/pokedex/golurk,2026-09-23T08:35:14.730Z
623,drain-punch,20.7,https://op.gg/pokemon-champions/pokedex/golurk,2026-09-23T08:35:14.730Z
623,dynamic-punch,17.1,https://op.gg/pokemon-champions/pokedex/golurk,2026-09-23T08:35:14.730Z
623,stone-edge,14.7,https://op.gg/pokemon-champions/pokedex/golurk,2026-09-23T08:35:14.730Z
623,thunder-punch,13.1,https://op.gg/pokemon-champions/pokedex/golurk,2026-09-23T08:35:14.730Z
623,close-combat,12.9,https://op.gg/pokemon-champions/pokedex/golurk,2026-09-23T08:35:14.730Z
635,dark-pulse,98.6,https://op.gg/pokemon-champions/pokedex/hydreigon,2026-09-23T08:35:14.730Z
635,draco-meteor,94.2,https://op.gg/pokemon-champions/pokedex/hydreigon,2026-09-23T08:35:14.730Z
635,u-turn,75.8,https://op.gg/pokemon-champions/pokedex/hydreigon,2026-09-23T08:35:14.730Z
635,flamethrower,70.9,https://op.gg/pokemon-champions/pokedex/hydreigon,2026-09-23T08:35:14.730Z
635,fire-blast,19.3,https://op.gg/pokemon-champions/pokedex/hydreigon,2026-09-23T08:35:14.730Z
635,flash-cannon,8,https://op.gg/pokemon-champions/pokedex/hydreigon,2026-09-23T08:35:14.730Z
635,earth-power,6.7,https://op.gg/pokemon-champions/pokedex/hydreigon,2026-09-23T08:35:14.730Z
635,taunt,5.2,https://op.gg/pokemon-champions/pokedex/hydreigon,2026-09-23T08:35:14.730Z
635,nasty-plot,3.6,https://op.gg/pokemon-champions/pokedex/hydreigon,2026-09-23T08:35:14.730Z
635,stealth-rock,3.2,https://op.gg/pokemon-champions/pokedex/hydreigon,2026-09-23T08:35:14.730Z
637,quiver-dance,97.5,https://op.gg/pokemon-champions/pokedex/volcarona,2026-09-23T08:35:14.730Z
637,fiery-dance,80.5,https://op.gg/pokemon-champions/pokedex/volcarona,2026-09-23T08:35:14.730Z
637,giga-drain,80.1,https://op.gg/pokemon-champions/pokedex/volcarona,2026-09-23T08:35:14.730Z
637,morning-sun,58.9,https://op.gg/pokemon-champions/pokedex/volcarona,2026-09-23T08:35:14.730Z
637,bug-buzz,30.7,https://op.gg/pokemon-champions/pokedex/volcarona,2026-09-23T08:35:14.730Z
637,will-o-wisp,14.2,https://op.gg/pokemon-champions/pokedex/volcarona,2026-09-23T08:35:14.730Z
637,mystical-fire,10.6,https://op.gg/pokemon-champions/pokedex/volcarona,2026-09-23T08:35:14.730Z
637,psychic,9.7,https://op.gg/pokemon-champions/pokedex/volcarona,2026-09-23T08:35:14.730Z
637,flamethrower,7.6,https://op.gg/pokemon-champions/pokedex/volcarona,2026-09-23T08:35:14.730Z
637,substitute,2.2,https://op.gg/pokemon-champions/pokedex/volcarona,2026-09-23T08:35:14.730Z
652,body-press,83.6,https://op.gg/pokemon-champions/pokedex/chesnaught,2026-09-23T08:35:14.730Z
652,iron-defense,71.7,https://op.gg/pokemon-champions/pokedex/chesnaught,2026-09-23T08:35:14.730Z
652,synthesis,70.8,https://op.gg/pokemon-champions/pokedex/chesnaught,2026-09-23T08:35:14.730Z
652,earthquake,40,https://op.gg/pokemon-champions/pokedex/chesnaught,2026-09-23T08:35:14.730Z
652,leech-seed,30.1,https://op.gg/pokemon-champions/pokedex/chesnaught,2026-09-23T08:35:14.730Z
652,spiky-shield,19.1,https://op.gg/pokemon-champions/pokedex/chesnaught,2026-09-23T08:35:14.730Z
652,wood-hammer,17.3,https://op.gg/pokemon-champions/pokedex/chesnaught,2026-09-23T08:35:14.730Z
652,knock-off,10.8,https://op.gg/pokemon-champions/pokedex/chesnaught,2026-09-23T08:35:14.730Z
652,drain-punch,10.1,https://op.gg/pokemon-champions/pokedex/chesnaught,2026-09-23T08:35:14.730Z
652,seed-bomb,4.9,https://op.gg/pokemon-champions/pokedex/chesnaught,2026-09-23T08:35:14.730Z
655,flamethrower,69.6,https://op.gg/pokemon-champions/pokedex/delphox,2026-09-23T08:35:14.730Z
655,psychic,55.7,https://op.gg/pokemon-champions/pokedex/delphox,2026-09-23T08:35:14.730Z
655,nasty-plot,50.6,https://op.gg/pokemon-champions/pokedex/delphox,2026-09-23T08:35:14.730Z
655,dazzling-gleam,45.1,https://op.gg/pokemon-champions/pokedex/delphox,2026-09-23T08:35:14.730Z
655,substitute,33.9,https://op.gg/pokemon-champions/pokedex/delphox,2026-09-23T08:35:14.730Z
655,psyshock,31,https://op.gg/pokemon-champions/pokedex/delphox,2026-09-23T08:35:14.730Z
655,encore,23.5,https://op.gg/pokemon-champions/pokedex/delphox,2026-09-23T08:35:14.730Z
655,mystical-fire,15.8,https://op.gg/pokemon-champions/pokedex/delphox,2026-09-23T08:35:14.730Z
655,protect,12.8,https://op.gg/pokemon-champions/pokedex/delphox,2026-09-23T08:35:14.730Z
655,overheat,10.4,https://op.gg/pokemon-champions/pokedex/delphox,2026-09-23T08:35:14.730Z
658,ice-beam,95.1,https://op.gg/pokemon-champions/pokedex/greninja,2026-09-23T08:35:14.730Z
658,dark-pulse,83,https://op.gg/pokemon-champions/pokedex/greninja,2026-09-23T08:35:14.730Z
658,sludge-wave,78.5,https://op.gg/pokemon-champions/pokedex/greninja,2026-09-23T08:35:14.730Z
658,water-shuriken,41.3,https://op.gg/pokemon-champions/pokedex/greninja,2026-09-23T08:35:14.730Z
658,surf,38.4,https://op.gg/pokemon-champions/pokedex/greninja,2026-09-23T08:35:14.730Z
658,grass-knot,13.8,https://op.gg/pokemon-champions/pokedex/greninja,2026-09-23T08:35:14.730Z
658,mud-shot,9.9,https://op.gg/pokemon-champions/pokedex/greninja,2026-09-23T08:35:14.730Z
658,hydro-pump,8.3,https://op.gg/pokemon-champions/pokedex/greninja,2026-09-23T08:35:14.730Z
658,toxic-spikes,7,https://op.gg/pokemon-champions/pokedex/greninja,2026-09-23T08:35:14.730Z
658,u-turn,4.6,https://op.gg/pokemon-champions/pokedex/greninja,2026-09-23T08:35:14.730Z
660,earthquake,98.3,https://op.gg/pokemon-champions/pokedex/diggersby,2026-09-23T08:35:14.730Z
660,ice-punch,82.8,https://op.gg/pokemon-champions/pokedex/diggersby,2026-09-23T08:35:14.730Z
660,quick-attack,78.7,https://op.gg/pokemon-champions/pokedex/diggersby,2026-09-23T08:35:14.730Z
660,thunder-punch,37.3,https://op.gg/pokemon-champions/pokedex/diggersby,2026-09-23T08:35:14.730Z
660,fire-punch,19.4,https://op.gg/pokemon-champions/pokedex/diggersby,2026-09-23T08:35:14.730Z
660,rock-tomb,10.2,https://op.gg/pokemon-champions/pokedex/diggersby,2026-09-23T08:35:14.730Z
660,u-turn,8.8,https://op.gg/pokemon-champions/pokedex/diggersby,2026-09-23T08:35:14.730Z
660,gunk-shot,7,https://op.gg/pokemon-champions/pokedex/diggersby,2026-09-23T08:35:14.730Z
660,rock-slide,6.6,https://op.gg/pokemon-champions/pokedex/diggersby,2026-09-23T08:35:14.730Z
660,flail,6.3,https://op.gg/pokemon-champions/pokedex/diggersby,2026-09-23T08:35:14.730Z
663,will-o-wisp,53.4,https://op.gg/pokemon-champions/pokedex/talonflame,2026-09-23T08:35:14.730Z
663,taunt,53.3,https://op.gg/pokemon-champions/pokedex/talonflame,2026-09-23T08:35:14.730Z
663,roost,49,https://op.gg/pokemon-champions/pokedex/talonflame,2026-09-23T08:35:14.730Z
663,flare-blitz,45.8,https://op.gg/pokemon-champions/pokedex/talonflame,2026-09-23T08:35:14.730Z
663,brave-bird,45.3,https://op.gg/pokemon-champions/pokedex/talonflame,2026-09-23T08:35:14.730Z
663,tailwind,19.3,https://op.gg/pokemon-champions/pokedex/talonflame,2026-09-23T08:35:14.730Z
663,u-turn,17.5,https://op.gg/pokemon-champions/pokedex/talonflame,2026-09-23T08:35:14.730Z
663,acrobatics,14,https://op.gg/pokemon-champions/pokedex/talonflame,2026-09-23T08:35:14.730Z
663,flamethrower,12.2,https://op.gg/pokemon-champions/pokedex/talonflame,2026-09-23T08:35:14.730Z
663,fire-spin,7.9,https://op.gg/pokemon-champions/pokedex/talonflame,2026-09-23T08:35:14.730Z
666,sleep-powder,99.5,https://op.gg/pokemon-champions/pokedex/vivillon,2026-09-23T08:35:14.730Z
666,quiver-dance,96.2,https://op.gg/pokemon-champions/pokedex/vivillon,2026-09-23T08:35:14.730Z
666,hurricane,95.6,https://op.gg/pokemon-champions/pokedex/vivillon,2026-09-23T08:35:14.730Z
666,substitute,83,https://op.gg/pokemon-champions/pokedex/vivillon,2026-09-23T08:35:14.730Z
666,bug-buzz,8.3,https://op.gg/pokemon-champions/pokedex/vivillon,2026-09-23T08:35:14.730Z
666,giga-drain,3.3,https://op.gg/pokemon-champions/pokedex/vivillon,2026-09-23T08:35:14.730Z
666,air-slash,2.2,https://op.gg/pokemon-champions/pokedex/vivillon,2026-09-23T08:35:14.730Z
666,tailwind,2.2,https://op.gg/pokemon-champions/pokedex/vivillon,2026-09-23T08:35:14.730Z
666,draining-kiss,1.3,https://op.gg/pokemon-champions/pokedex/vivillon,2026-09-23T08:35:14.730Z
666,whirlwind,1.2,https://op.gg/pokemon-champions/pokedex/vivillon,2026-09-23T08:35:14.730Z
668,flamethrower,93.8,https://op.gg/pokemon-champions/pokedex/pyroar,2026-09-23T08:35:14.730Z
668,overheat,79.3,https://op.gg/pokemon-champions/pokedex/pyroar,2026-09-23T08:35:14.730Z
668,yawn,59.9,https://op.gg/pokemon-champions/pokedex/pyroar,2026-09-23T08:35:14.730Z
668,protect,35.8,https://op.gg/pokemon-champions/pokedex/pyroar,2026-09-23T08:35:14.730Z
668,hyper-voice,33.9,https://op.gg/pokemon-champions/pokedex/pyroar,2026-09-23T08:35:14.730Z
668,scorching-sands,17.8,https://op.gg/pokemon-champions/pokedex/pyroar,2026-09-23T08:35:14.730Z
668,flame-charge,11.1,https://op.gg/pokemon-champions/pokedex/pyroar,2026-09-23T08:35:14.730Z
668,substitute,10.5,https://op.gg/pokemon-champions/pokedex/pyroar,2026-09-23T08:35:14.730Z
668,dark-pulse,10.3,https://op.gg/pokemon-champions/pokedex/pyroar,2026-09-23T08:35:14.730Z
668,will-o-wisp,9.4,https://op.gg/pokemon-champions/pokedex/pyroar,2026-09-23T08:35:14.730Z
671,calm-mind,76.3,https://op.gg/pokemon-champions/pokedex/florges,2026-09-23T08:35:14.730Z
671,moonblast,74.5,https://op.gg/pokemon-champions/pokedex/florges,2026-09-23T08:35:14.730Z
671,synthesis,49.3,https://op.gg/pokemon-champions/pokedex/florges,2026-09-23T08:35:14.730Z
671,giga-drain,42.6,https://op.gg/pokemon-champions/pokedex/florges,2026-09-23T08:35:14.730Z
671,draining-kiss,29.9,https://op.gg/pokemon-champions/pokedex/florges,2026-09-23T08:35:14.730Z
671,psychic-noise,16.5,https://op.gg/pokemon-champions/pokedex/florges,2026-09-23T08:35:14.730Z
671,psychic,13.7,https://op.gg/pokemon-champions/pokedex/florges,2026-09-23T08:35:14.730Z
671,baton-pass,12,https://op.gg/pokemon-champions/pokedex/florges,2026-09-23T08:35:14.730Z
671,skill-swap,8.6,https://op.gg/pokemon-champions/pokedex/florges,2026-09-23T08:35:14.730Z
671,energy-ball,8.1,https://op.gg/pokemon-champions/pokedex/florges,2026-09-23T08:35:14.730Z
673,horn-leech,71.8,https://op.gg/pokemon-champions/pokedex/gogoat,2026-09-23T08:35:14.730Z
673,bulk-up,46.3,https://op.gg/pokemon-champions/pokedex/gogoat,2026-09-23T08:35:14.730Z
673,leech-seed,45.3,https://op.gg/pokemon-champions/pokedex/gogoat,2026-09-23T08:35:14.730Z
673,milk-drink,45.1,https://op.gg/pokemon-champions/pokedex/gogoat,2026-09-23T08:35:14.730Z
673,earthquake,35.6,https://op.gg/pokemon-champions/pokedex/gogoat,2026-09-23T08:35:14.730Z
673,leaf-blade,17.6,https://op.gg/pokemon-champions/pokedex/gogoat,2026-09-23T08:35:14.730Z
673,endeavor,17.3,https://op.gg/pokemon-champions/pokedex/gogoat,2026-09-23T08:35:14.730Z
673,bulldoze,17,https://op.gg/pokemon-champions/pokedex/gogoat,2026-09-23T08:35:14.730Z
673,play-rough,13.7,https://op.gg/pokemon-champions/pokedex/gogoat,2026-09-23T08:35:14.730Z
673,grassy-terrain,12.1,https://op.gg/pokemon-champions/pokedex/gogoat,2026-09-23T08:35:14.730Z
675,bullet-punch,66.6,https://op.gg/pokemon-champions/pokedex/pangoro,2026-09-23T08:35:14.730Z
675,close-combat,47.1,https://op.gg/pokemon-champions/pokedex/pangoro,2026-09-23T08:35:14.730Z
675,comeuppance,42.1,https://op.gg/pokemon-champions/pokedex/pangoro,2026-09-23T08:35:14.730Z
675,darkest-lariat,38.3,https://op.gg/pokemon-champions/pokedex/pangoro,2026-09-23T08:35:14.730Z
675,drain-punch,33.3,https://op.gg/pokemon-champions/pokedex/pangoro,2026-09-23T08:35:14.730Z
675,ice-punch,23.5,https://op.gg/pokemon-champions/pokedex/pangoro,2026-09-23T08:35:14.730Z
675,headlong-rush,17,https://op.gg/pokemon-champions/pokedex/pangoro,2026-09-23T08:35:14.730Z
675,knock-off,16.9,https://op.gg/pokemon-champions/pokedex/pangoro,2026-09-23T08:35:14.730Z
675,gunk-shot,13.6,https://op.gg/pokemon-champions/pokedex/pangoro,2026-09-23T08:35:14.730Z
675,fire-punch,12.3,https://op.gg/pokemon-champions/pokedex/pangoro,2026-09-23T08:35:14.730Z
676,cotton-guard,82.9,https://op.gg/pokemon-champions/pokedex/furfrou,2026-09-23T08:35:14.730Z
676,ice-fang,36.8,https://op.gg/pokemon-champions/pokedex/furfrou,2026-09-23T08:35:14.730Z
676,roar,36.7,https://op.gg/pokemon-champions/pokedex/furfrou,2026-09-23T08:35:14.730Z
676,rest,33.6,https://op.gg/pokemon-champions/pokedex/furfrou,2026-09-23T08:35:14.730Z
676,thunder-wave,30.3,https://op.gg/pokemon-champions/pokedex/furfrou,2026-09-23T08:35:14.730Z
676,fire-fang,25.3,https://op.gg/pokemon-champions/pokedex/furfrou,2026-09-23T08:35:14.730Z
676,snarl,17.9,https://op.gg/pokemon-champions/pokedex/furfrou,2026-09-23T08:35:14.730Z
676,last-resort,14.2,https://op.gg/pokemon-champions/pokedex/furfrou,2026-09-23T08:35:14.730Z
676,endeavor,13.6,https://op.gg/pokemon-champions/pokedex/furfrou,2026-09-23T08:35:14.730Z
676,sucker-punch,12.8,https://op.gg/pokemon-champions/pokedex/furfrou,2026-09-23T08:35:14.730Z
678,reflect,60.5,https://op.gg/pokemon-champions/pokedex/meowstic-male,2026-09-23T08:35:14.730Z
678,light-screen,57.7,https://op.gg/pokemon-champions/pokedex/meowstic-male,2026-09-23T08:35:14.730Z
678,yawn,41.3,https://op.gg/pokemon-champions/pokedex/meowstic-male,2026-09-23T08:35:14.730Z
678,psychic,35.6,https://op.gg/pokemon-champions/pokedex/meowstic-male,2026-09-23T08:35:14.730Z
678,alluring-voice,30,https://op.gg/pokemon-champions/pokedex/meowstic-male,2026-09-23T08:35:14.730Z
678,expanding-force,18.1,https://op.gg/pokemon-champions/pokedex/meowstic-male,2026-09-23T08:35:14.730Z
678,psychic-terrain,14.5,https://op.gg/pokemon-champions/pokedex/meowstic-male,2026-09-23T08:35:14.730Z
678,thunderbolt,12.2,https://op.gg/pokemon-champions/pokedex/meowstic-male,2026-09-23T08:35:14.730Z
678,calm-mind,11.2,https://op.gg/pokemon-champions/pokedex/meowstic-male,2026-09-23T08:35:14.730Z
678,wish,10.9,https://op.gg/pokemon-champions/pokedex/meowstic-male,2026-09-23T08:35:14.730Z
681,shadow-sneak,95.9,https://op.gg/pokemon-champions/pokedex/aegislash,2026-09-23T08:35:14.730Z
681,kings-shield,83.4,https://op.gg/pokemon-champions/pokedex/aegislash,2026-09-23T08:35:14.730Z
681,poltergeist,56.5,https://op.gg/pokemon-champions/pokedex/aegislash,2026-09-23T08:35:14.730Z
681,shadow-ball,39.8,https://op.gg/pokemon-champions/pokedex/aegislash,2026-09-23T08:35:14.730Z
681,sacred-sword,35.9,https://op.gg/pokemon-champions/pokedex/aegislash,2026-09-23T08:35:14.730Z
681,swords-dance,26.9,https://op.gg/pokemon-champions/pokedex/aegislash,2026-09-23T08:35:14.730Z
681,flash-cannon,21.4,https://op.gg/pokemon-champions/pokedex/aegislash,2026-09-23T08:35:14.730Z
681,iron-head,14.9,https://op.gg/pokemon-champions/pokedex/aegislash,2026-09-23T08:35:14.730Z
681,close-combat,14.2,https://op.gg/pokemon-champions/pokedex/aegislash,2026-09-23T08:35:14.730Z
681,substitute,4.4,https://op.gg/pokemon-champions/pokedex/aegislash,2026-09-23T08:35:14.730Z
683,moonblast,78,https://op.gg/pokemon-champions/pokedex/aromatisse,2026-09-23T08:35:14.730Z
683,trick-room,60.9,https://op.gg/pokemon-champions/pokedex/aromatisse,2026-09-23T08:35:14.730Z
683,thunderbolt,44.6,https://op.gg/pokemon-champions/pokedex/aromatisse,2026-09-23T08:35:14.730Z
683,misty-explosion,36.3,https://op.gg/pokemon-champions/pokedex/aromatisse,2026-09-23T08:35:14.730Z
683,encore,34.4,https://op.gg/pokemon-champions/pokedex/aromatisse,2026-09-23T08:35:14.730Z
683,flash-cannon,28.6,https://op.gg/pokemon-champions/pokedex/aromatisse,2026-09-23T08:35:14.730Z
683,draining-kiss,20.8,https://op.gg/pokemon-champions/pokedex/aromatisse,2026-09-23T08:35:14.730Z
683,reflect,13.8,https://op.gg/pokemon-champions/pokedex/aromatisse,2026-09-23T08:35:14.730Z
683,substitute,12.3,https://op.gg/pokemon-champions/pokedex/aromatisse,2026-09-23T08:35:14.730Z
683,psychic,9.1,https://op.gg/pokemon-champions/pokedex/aromatisse,2026-09-23T08:35:14.730Z
685,yawn,69,https://op.gg/pokemon-champions/pokedex/slurpuff,2026-09-23T08:35:14.730Z
685,sticky-web,67.7,https://op.gg/pokemon-champions/pokedex/slurpuff,2026-09-23T08:35:14.730Z
685,dazzling-gleam,48.4,https://op.gg/pokemon-champions/pokedex/slurpuff,2026-09-23T08:35:14.730Z
685,endeavor,42.4,https://op.gg/pokemon-champions/pokedex/slurpuff,2026-09-23T08:35:14.730Z
685,misty-explosion,38.8,https://op.gg/pokemon-champions/pokedex/slurpuff,2026-09-23T08:35:14.730Z
685,flamethrower,30.3,https://op.gg/pokemon-champions/pokedex/slurpuff,2026-09-23T08:35:14.730Z
685,draining-kiss,21.6,https://op.gg/pokemon-champions/pokedex/slurpuff,2026-09-23T08:35:14.730Z
685,calm-mind,21,https://op.gg/pokemon-champions/pokedex/slurpuff,2026-09-23T08:35:14.730Z
685,cotton-guard,18.3,https://op.gg/pokemon-champions/pokedex/slurpuff,2026-09-23T08:35:14.730Z
685,safeguard,11.1,https://op.gg/pokemon-champions/pokedex/slurpuff,2026-09-23T08:35:14.730Z
687,superpower,60.2,https://op.gg/pokemon-champions/pokedex/malamar,2026-09-23T08:35:14.730Z
687,baton-pass,46.6,https://op.gg/pokemon-champions/pokedex/malamar,2026-09-23T08:35:14.730Z
687,knock-off,38.2,https://op.gg/pokemon-champions/pokedex/malamar,2026-09-23T08:35:14.730Z
687,stored-power,23.2,https://op.gg/pokemon-champions/pokedex/malamar,2026-09-23T08:35:14.730Z
687,taunt,22.7,https://op.gg/pokemon-champions/pokedex/malamar,2026-09-23T08:35:14.730Z
687,substitute,22.2,https://op.gg/pokemon-champions/pokedex/malamar,2026-09-23T08:35:14.730Z
687,topsy-turvy,21.6,https://op.gg/pokemon-champions/pokedex/malamar,2026-09-23T08:35:14.730Z
687,calm-mind,17.7,https://op.gg/pokemon-champions/pokedex/malamar,2026-09-23T08:35:14.730Z
687,dark-pulse,17.3,https://op.gg/pokemon-champions/pokedex/malamar,2026-09-23T08:35:14.730Z
687,psycho-cut,16.8,https://op.gg/pokemon-champions/pokedex/malamar,2026-09-23T08:35:14.730Z
689,shell-smash,91.2,https://op.gg/pokemon-champions/pokedex/barbaracle,2026-09-23T08:35:14.730Z
689,close-combat,88.5,https://op.gg/pokemon-champions/pokedex/barbaracle,2026-09-23T08:35:14.730Z
689,rock-blast,56.3,https://op.gg/pokemon-champions/pokedex/barbaracle,2026-09-23T08:35:14.730Z
689,liquidation,36.8,https://op.gg/pokemon-champions/pokedex/barbaracle,2026-09-23T08:35:14.730Z
689,earthquake,27.1,https://op.gg/pokemon-champions/pokedex/barbaracle,2026-09-23T08:35:14.730Z
689,shadow-claw,19.1,https://op.gg/pokemon-champions/pokedex/barbaracle,2026-09-23T08:35:14.730Z
689,poison-jab,16.2,https://op.gg/pokemon-champions/pokedex/barbaracle,2026-09-23T08:35:14.730Z
689,stone-edge,15.4,https://op.gg/pokemon-champions/pokedex/barbaracle,2026-09-23T08:35:14.730Z
689,rock-slide,11.7,https://op.gg/pokemon-champions/pokedex/barbaracle,2026-09-23T08:35:14.730Z
689,night-slash,7.8,https://op.gg/pokemon-champions/pokedex/barbaracle,2026-09-23T08:35:14.730Z
691,draco-meteor,87.8,https://op.gg/pokemon-champions/pokedex/dragalge,2026-09-23T08:35:14.730Z
691,flip-turn,84.8,https://op.gg/pokemon-champions/pokedex/dragalge,2026-09-23T08:35:14.730Z
691,toxic,50.9,https://op.gg/pokemon-champions/pokedex/dragalge,2026-09-23T08:35:14.730Z
691,sludge-wave,36.9,https://op.gg/pokemon-champions/pokedex/dragalge,2026-09-23T08:35:14.730Z
691,toxic-spikes,27.2,https://op.gg/pokemon-champions/pokedex/dragalge,2026-09-23T08:35:14.730Z
691,sludge-bomb,26.5,https://op.gg/pokemon-champions/pokedex/dragalge,2026-09-23T08:35:14.730Z
691,thunderbolt,23.7,https://op.gg/pokemon-champions/pokedex/dragalge,2026-09-23T08:35:14.730Z
691,scald,9.1,https://op.gg/pokemon-champions/pokedex/dragalge,2026-09-23T08:35:14.730Z
691,shadow-ball,9,https://op.gg/pokemon-champions/pokedex/dragalge,2026-09-23T08:35:14.730Z
691,focus-blast,7.9,https://op.gg/pokemon-champions/pokedex/dragalge,2026-09-23T08:35:14.730Z
693,aura-sphere,93.1,https://op.gg/pokemon-champions/pokedex/clawitzer,2026-09-23T08:35:14.730Z
693,water-pulse,84.6,https://op.gg/pokemon-champions/pokedex/clawitzer,2026-09-23T08:35:14.730Z
693,dark-pulse,70.6,https://op.gg/pokemon-champions/pokedex/clawitzer,2026-09-23T08:35:14.730Z
693,ice-beam,46.1,https://op.gg/pokemon-champions/pokedex/clawitzer,2026-09-23T08:35:14.730Z
693,dragon-pulse,36.9,https://op.gg/pokemon-champions/pokedex/clawitzer,2026-09-23T08:35:14.730Z
693,aqua-jet,30.3,https://op.gg/pokemon-champions/pokedex/clawitzer,2026-09-23T08:35:14.730Z
693,terrain-pulse,13.2,https://op.gg/pokemon-champions/pokedex/clawitzer,2026-09-23T08:35:14.730Z
693,sludge-wave,9.8,https://op.gg/pokemon-champions/pokedex/clawitzer,2026-09-23T08:35:14.730Z
693,hydro-pump,4.3,https://op.gg/pokemon-champions/pokedex/clawitzer,2026-09-23T08:35:14.730Z
693,sludge-bomb,3.5,https://op.gg/pokemon-champions/pokedex/clawitzer,2026-09-23T08:35:14.730Z
695,thunderbolt,73.3,https://op.gg/pokemon-champions/pokedex/heliolisk,2026-09-23T08:35:14.730Z
695,shed-tail,53.4,https://op.gg/pokemon-champions/pokedex/heliolisk,2026-09-23T08:35:14.730Z
695,volt-switch,44,https://op.gg/pokemon-champions/pokedex/heliolisk,2026-09-23T08:35:14.730Z
695,glare,42.4,https://op.gg/pokemon-champions/pokedex/heliolisk,2026-09-23T08:35:14.730Z
695,grass-knot,36.6,https://op.gg/pokemon-champions/pokedex/heliolisk,2026-09-23T08:35:14.730Z
695,dragon-pulse,18.3,https://op.gg/pokemon-champions/pokedex/heliolisk,2026-09-23T08:35:14.730Z
695,focus-blast,18.2,https://op.gg/pokemon-champions/pokedex/heliolisk,2026-09-23T08:35:14.730Z
695,surf,16.9,https://op.gg/pokemon-champions/pokedex/heliolisk,2026-09-23T08:35:14.730Z
695,hyper-voice,14.8,https://op.gg/pokemon-champions/pokedex/heliolisk,2026-09-23T08:35:14.730Z
695,hyper-beam,11.2,https://op.gg/pokemon-champions/pokedex/heliolisk,2026-09-23T08:35:14.730Z
697,head-smash,82.2,https://op.gg/pokemon-champions/pokedex/tyrantrum,2026-09-23T08:35:14.730Z
697,earthquake,49.9,https://op.gg/pokemon-champions/pokedex/tyrantrum,2026-09-23T08:35:14.730Z
697,outrage,39.4,https://op.gg/pokemon-champions/pokedex/tyrantrum,2026-09-23T08:35:14.730Z
697,dragon-dance,29.2,https://op.gg/pokemon-champions/pokedex/tyrantrum,2026-09-23T08:35:14.730Z
697,ice-fang,29,https://op.gg/pokemon-champions/pokedex/tyrantrum,2026-09-23T08:35:14.730Z
697,close-combat,22.6,https://op.gg/pokemon-champions/pokedex/tyrantrum,2026-09-23T08:35:14.730Z
697,fire-fang,20.4,https://op.gg/pokemon-champions/pokedex/tyrantrum,2026-09-23T08:35:14.730Z
697,psychic-fangs,16.9,https://op.gg/pokemon-champions/pokedex/tyrantrum,2026-09-23T08:35:14.730Z
697,scale-shot,14.3,https://op.gg/pokemon-champions/pokedex/tyrantrum,2026-09-23T08:35:14.730Z
697,horn-drill,14.1,https://op.gg/pokemon-champions/pokedex/tyrantrum,2026-09-23T08:35:14.730Z
699,aurora-veil,86.2,https://op.gg/pokemon-champions/pokedex/aurorus,2026-09-23T08:35:14.730Z
699,stealth-rock,77.3,https://op.gg/pokemon-champions/pokedex/aurorus,2026-09-23T08:35:14.730Z
699,blizzard,75.4,https://op.gg/pokemon-champions/pokedex/aurorus,2026-09-23T08:35:14.730Z
699,freeze-dry,32.1,https://op.gg/pokemon-champions/pokedex/aurorus,2026-09-23T08:35:14.730Z
699,thunder-wave,30.8,https://op.gg/pokemon-champions/pokedex/aurorus,2026-09-23T08:35:14.730Z
699,earth-power,20.2,https://op.gg/pokemon-champions/pokedex/aurorus,2026-09-23T08:35:14.730Z
699,mirror-coat,17.5,https://op.gg/pokemon-champions/pokedex/aurorus,2026-09-23T08:35:14.730Z
699,encore,16.6,https://op.gg/pokemon-champions/pokedex/aurorus,2026-09-23T08:35:14.730Z
699,ancient-power,16.4,https://op.gg/pokemon-champions/pokedex/aurorus,2026-09-23T08:35:14.730Z
699,hyper-voice,3.6,https://op.gg/pokemon-champions/pokedex/aurorus,2026-09-23T08:35:14.730Z
700,hyper-voice,97.5,https://op.gg/pokemon-champions/pokedex/sylveon,2026-09-23T08:35:14.730Z
700,yawn,77.1,https://op.gg/pokemon-champions/pokedex/sylveon,2026-09-23T08:35:14.730Z
700,wish,60.9,https://op.gg/pokemon-champions/pokedex/sylveon,2026-09-23T08:35:14.730Z
700,protect,56.7,https://op.gg/pokemon-champions/pokedex/sylveon,2026-09-23T08:35:14.730Z
700,mystical-fire,36.7,https://op.gg/pokemon-champions/pokedex/sylveon,2026-09-23T08:35:14.730Z
700,quick-attack,26.3,https://op.gg/pokemon-champions/pokedex/sylveon,2026-09-23T08:35:14.730Z
700,hyper-beam,9.3,https://op.gg/pokemon-champions/pokedex/sylveon,2026-09-23T08:35:14.730Z
700,calm-mind,8.9,https://op.gg/pokemon-champions/pokedex/sylveon,2026-09-23T08:35:14.730Z
700,detect,6.1,https://op.gg/pokemon-champions/pokedex/sylveon,2026-09-23T08:35:14.730Z
700,shadow-ball,5.9,https://op.gg/pokemon-champions/pokedex/sylveon,2026-09-23T08:35:14.730Z
701,swords-dance,59.8,https://op.gg/pokemon-champions/pokedex/hawlucha,2026-09-23T08:35:14.730Z
701,acrobatics,56.8,https://op.gg/pokemon-champions/pokedex/hawlucha,2026-09-23T08:35:14.730Z
701,close-combat,38.9,https://op.gg/pokemon-champions/pokedex/hawlucha,2026-09-23T08:35:14.730Z
701,high-jump-kick,35.4,https://op.gg/pokemon-champions/pokedex/hawlucha,2026-09-23T08:35:14.730Z
701,encore,32,https://op.gg/pokemon-champions/pokedex/hawlucha,2026-09-23T08:35:14.730Z
701,brave-bird,27.3,https://op.gg/pokemon-champions/pokedex/hawlucha,2026-09-23T08:35:14.730Z
701,stone-edge,21,https://op.gg/pokemon-champions/pokedex/hawlucha,2026-09-23T08:35:14.730Z
701,taunt,11.5,https://op.gg/pokemon-champions/pokedex/hawlucha,2026-09-23T08:35:14.730Z
701,bulk-up,10.1,https://op.gg/pokemon-champions/pokedex/hawlucha,2026-09-23T08:35:14.730Z
701,flying-press,9.9,https://op.gg/pokemon-champions/pokedex/hawlucha,2026-09-23T08:35:14.730Z
702,nuzzle,74,https://op.gg/pokemon-champions/pokedex/dedenne,2026-09-23T08:35:14.730Z
702,dazzling-gleam,63.9,https://op.gg/pokemon-champions/pokedex/dedenne,2026-09-23T08:35:14.730Z
702,super-fang,48.9,https://op.gg/pokemon-champions/pokedex/dedenne,2026-09-23T08:35:14.730Z
702,charm,32.3,https://op.gg/pokemon-champions/pokedex/dedenne,2026-09-23T08:35:14.730Z
702,volt-switch,30.5,https://op.gg/pokemon-champions/pokedex/dedenne,2026-09-23T08:35:14.730Z
702,thunderbolt,28.3,https://op.gg/pokemon-champions/pokedex/dedenne,2026-09-23T08:35:14.730Z
702,endeavor,21.1,https://op.gg/pokemon-champions/pokedex/dedenne,2026-09-23T08:35:14.730Z
702,eerie-impulse,19.8,https://op.gg/pokemon-champions/pokedex/dedenne,2026-09-23T08:35:14.730Z
702,grass-knot,17,https://op.gg/pokemon-champions/pokedex/dedenne,2026-09-23T08:35:14.730Z
702,light-screen,7.7,https://op.gg/pokemon-champions/pokedex/dedenne,2026-09-23T08:35:14.730Z
706,flamethrower,51.8,https://op.gg/pokemon-champions/pokedex/goodra,2026-09-23T08:35:14.730Z
706,draco-meteor,48.3,https://op.gg/pokemon-champions/pokedex/goodra,2026-09-23T08:35:14.730Z
706,thunderbolt,44.3,https://op.gg/pokemon-champions/pokedex/goodra,2026-09-23T08:35:14.730Z
706,ice-beam,35.1,https://op.gg/pokemon-champions/pokedex/goodra,2026-09-23T08:35:14.730Z
706,acid-spray,24.7,https://op.gg/pokemon-champions/pokedex/goodra,2026-09-23T08:35:14.730Z
706,fire-blast,20.2,https://op.gg/pokemon-champions/pokedex/goodra,2026-09-23T08:35:14.730Z
706,sludge-wave,19.2,https://op.gg/pokemon-champions/pokedex/goodra,2026-09-23T08:35:14.730Z
706,dragon-pulse,19,https://op.gg/pokemon-champions/pokedex/goodra,2026-09-23T08:35:14.730Z
706,giga-drain,16,https://op.gg/pokemon-champions/pokedex/goodra,2026-09-23T08:35:14.730Z
706,rest,13.9,https://op.gg/pokemon-champions/pokedex/goodra,2026-09-23T08:35:14.730Z
707,reflect,70.6,https://op.gg/pokemon-champions/pokedex/klefki,2026-09-23T08:35:14.730Z
707,light-screen,65.8,https://op.gg/pokemon-champions/pokedex/klefki,2026-09-23T08:35:14.730Z
707,steel-beam,56.8,https://op.gg/pokemon-champions/pokedex/klefki,2026-09-23T08:35:14.730Z
707,thunder-wave,35.1,https://op.gg/pokemon-champions/pokedex/klefki,2026-09-23T08:35:14.730Z
707,spikes,27.8,https://op.gg/pokemon-champions/pokedex/klefki,2026-09-23T08:35:14.730Z
707,foul-play,20.5,https://op.gg/pokemon-champions/pokedex/klefki,2026-09-23T08:35:14.730Z
707,draining-kiss,17.7,https://op.gg/pokemon-champions/pokedex/klefki,2026-09-23T08:35:14.730Z
707,dazzling-gleam,15.4,https://op.gg/pokemon-champions/pokedex/klefki,2026-09-23T08:35:14.730Z
707,calm-mind,14.9,https://op.gg/pokemon-champions/pokedex/klefki,2026-09-23T08:35:14.730Z
707,magnet-rise,13.6,https://op.gg/pokemon-champions/pokedex/klefki,2026-09-23T08:35:14.730Z
709,leech-seed,80.3,https://op.gg/pokemon-champions/pokedex/trevenant,2026-09-23T08:35:14.730Z
709,will-o-wisp,61.9,https://op.gg/pokemon-champions/pokedex/trevenant,2026-09-23T08:35:14.730Z
709,protect,55.2,https://op.gg/pokemon-champions/pokedex/trevenant,2026-09-23T08:35:14.730Z
709,horn-leech,52.6,https://op.gg/pokemon-champions/pokedex/trevenant,2026-09-23T08:35:14.730Z
709,curse,33.7,https://op.gg/pokemon-champions/pokedex/trevenant,2026-09-23T08:35:14.730Z
709,substitute,25.3,https://op.gg/pokemon-champions/pokedex/trevenant,2026-09-23T08:35:14.730Z
709,poltergeist,15.6,https://op.gg/pokemon-champions/pokedex/trevenant,2026-09-23T08:35:14.730Z
709,toxic,9.4,https://op.gg/pokemon-champions/pokedex/trevenant,2026-09-23T08:35:14.730Z
709,skitter-smack,6.6,https://op.gg/pokemon-champions/pokedex/trevenant,2026-09-23T08:35:14.730Z
709,trick-room,6.6,https://op.gg/pokemon-champions/pokedex/trevenant,2026-09-23T08:35:14.730Z
711,will-o-wisp,61.4,https://op.gg/pokemon-champions/pokedex/gourgeist-average,2026-09-23T08:35:14.730Z
711,poltergeist,50,https://op.gg/pokemon-champions/pokedex/gourgeist-average,2026-09-23T08:35:14.730Z
711,leech-seed,44.6,https://op.gg/pokemon-champions/pokedex/gourgeist-average,2026-09-23T08:35:14.730Z
711,destiny-bond,37,https://op.gg/pokemon-champions/pokedex/gourgeist-average,2026-09-23T08:35:14.730Z
711,power-whip,30.7,https://op.gg/pokemon-champions/pokedex/gourgeist-average,2026-09-23T08:35:14.730Z
711,explosion,20.4,https://op.gg/pokemon-champions/pokedex/gourgeist-average,2026-09-23T08:35:14.730Z
711,trick-room,19,https://op.gg/pokemon-champions/pokedex/gourgeist-average,2026-09-23T08:35:14.730Z
711,trick,18.7,https://op.gg/pokemon-champions/pokedex/gourgeist-average,2026-09-23T08:35:14.730Z
711,protect,17.6,https://op.gg/pokemon-champions/pokedex/gourgeist-average,2026-09-23T08:35:14.730Z
711,shadow-sneak,17.4,https://op.gg/pokemon-champions/pokedex/gourgeist-average,2026-09-23T08:35:14.730Z
713,body-press,85,https://op.gg/pokemon-champions/pokedex/avalugg,2026-09-23T08:35:14.730Z
713,recover,80.2,https://op.gg/pokemon-champions/pokedex/avalugg,2026-09-23T08:35:14.730Z
713,iron-defense,69.1,https://op.gg/pokemon-champions/pokedex/avalugg,2026-09-23T08:35:14.730Z
713,mirror-coat,49.3,https://op.gg/pokemon-champions/pokedex/avalugg,2026-09-23T08:35:14.730Z
713,avalanche,25,https://op.gg/pokemon-champions/pokedex/avalugg,2026-09-23T08:35:14.730Z
713,icicle-spear,22.9,https://op.gg/pokemon-champions/pokedex/avalugg,2026-09-23T08:35:14.730Z
713,earthquake,13,https://op.gg/pokemon-champions/pokedex/avalugg,2026-09-23T08:35:14.730Z
713,ice-spinner,10.6,https://op.gg/pokemon-champions/pokedex/avalugg,2026-09-23T08:35:14.730Z
713,icicle-crash,7.8,https://op.gg/pokemon-champions/pokedex/avalugg,2026-09-23T08:35:14.730Z
713,heavy-slam,6,https://op.gg/pokemon-champions/pokedex/avalugg,2026-09-23T08:35:14.730Z
715,draco-meteor,91.9,https://op.gg/pokemon-champions/pokedex/noivern,2026-09-23T08:35:14.730Z
715,flamethrower,67.1,https://op.gg/pokemon-champions/pokedex/noivern,2026-09-23T08:35:14.730Z
715,air-slash,51.8,https://op.gg/pokemon-champions/pokedex/noivern,2026-09-23T08:35:14.730Z
715,u-turn,35.9,https://op.gg/pokemon-champions/pokedex/noivern,2026-09-23T08:35:14.730Z
715,taunt,34,https://op.gg/pokemon-champions/pokedex/noivern,2026-09-23T08:35:14.730Z
715,switcheroo,27.3,https://op.gg/pokemon-champions/pokedex/noivern,2026-09-23T08:35:14.730Z
715,boomburst,21.2,https://op.gg/pokemon-champions/pokedex/noivern,2026-09-23T08:35:14.730Z
715,hurricane,12.2,https://op.gg/pokemon-champions/pokedex/noivern,2026-09-23T08:35:14.730Z
715,super-fang,9,https://op.gg/pokemon-champions/pokedex/noivern,2026-09-23T08:35:14.730Z
715,heat-wave,8.6,https://op.gg/pokemon-champions/pokedex/noivern,2026-09-23T08:35:14.730Z
724,leaf-blade,70.1,https://op.gg/pokemon-champions/pokedex/decidueye,2026-09-23T08:35:14.730Z
724,spirit-shackle,68.9,https://op.gg/pokemon-champions/pokedex/decidueye,2026-09-23T08:35:14.730Z
724,shadow-sneak,47.4,https://op.gg/pokemon-champions/pokedex/decidueye,2026-09-23T08:35:14.730Z
724,roost,32.2,https://op.gg/pokemon-champions/pokedex/decidueye,2026-09-23T08:35:14.730Z
724,curse,30.1,https://op.gg/pokemon-champions/pokedex/decidueye,2026-09-23T08:35:14.730Z
724,swords-dance,29,https://op.gg/pokemon-champions/pokedex/decidueye,2026-09-23T08:35:14.730Z
724,poltergeist,21.1,https://op.gg/pokemon-champions/pokedex/decidueye,2026-09-23T08:35:14.730Z
724,u-turn,13.1,https://op.gg/pokemon-champions/pokedex/decidueye,2026-09-23T08:35:14.730Z
724,sucker-punch,9.6,https://op.gg/pokemon-champions/pokedex/decidueye,2026-09-23T08:35:14.730Z
724,brave-bird,8.4,https://op.gg/pokemon-champions/pokedex/decidueye,2026-09-23T08:35:14.730Z
727,parting-shot,82.6,https://op.gg/pokemon-champions/pokedex/incineroar,2026-09-23T08:35:14.730Z
727,flare-blitz,76.4,https://op.gg/pokemon-champions/pokedex/incineroar,2026-09-23T08:35:14.730Z
727,darkest-lariat,73.1,https://op.gg/pokemon-champions/pokedex/incineroar,2026-09-23T08:35:14.730Z
727,will-o-wisp,44.9,https://op.gg/pokemon-champions/pokedex/incineroar,2026-09-23T08:35:14.730Z
727,fake-out,33.8,https://op.gg/pokemon-champions/pokedex/incineroar,2026-09-23T08:35:14.730Z
727,taunt,20.1,https://op.gg/pokemon-champions/pokedex/incineroar,2026-09-23T08:35:14.730Z
727,throat-chop,6.8,https://op.gg/pokemon-champions/pokedex/incineroar,2026-09-23T08:35:14.730Z
727,drain-punch,6.2,https://op.gg/pokemon-champions/pokedex/incineroar,2026-09-23T08:35:14.730Z
727,bulk-up,5.1,https://op.gg/pokemon-champions/pokedex/incineroar,2026-09-23T08:35:14.730Z
727,close-combat,4.4,https://op.gg/pokemon-champions/pokedex/incineroar,2026-09-23T08:35:14.730Z
730,moonblast,98,https://op.gg/pokemon-champions/pokedex/primarina,2026-09-23T08:35:14.730Z
730,sparkling-aria,90.7,https://op.gg/pokemon-champions/pokedex/primarina,2026-09-23T08:35:14.730Z
730,aqua-jet,67,https://op.gg/pokemon-champions/pokedex/primarina,2026-09-23T08:35:14.730Z
730,encore,50.3,https://op.gg/pokemon-champions/pokedex/primarina,2026-09-23T08:35:14.730Z
730,calm-mind,35.9,https://op.gg/pokemon-champions/pokedex/primarina,2026-09-23T08:35:14.730Z
730,flip-turn,15.5,https://op.gg/pokemon-champions/pokedex/primarina,2026-09-23T08:35:14.730Z
730,rest,8.9,https://op.gg/pokemon-champions/pokedex/primarina,2026-09-23T08:35:14.730Z
730,surf,6.7,https://op.gg/pokemon-champions/pokedex/primarina,2026-09-23T08:35:14.730Z
730,ice-beam,5.7,https://op.gg/pokemon-champions/pokedex/primarina,2026-09-23T08:35:14.730Z
730,misty-terrain,3.8,https://op.gg/pokemon-champions/pokedex/primarina,2026-09-23T08:35:14.730Z
733,beak-blast,99.6,https://op.gg/pokemon-champions/pokedex/toucannon,2026-09-23T08:35:14.730Z
733,bullet-seed,78.3,https://op.gg/pokemon-champions/pokedex/toucannon,2026-09-23T08:35:14.730Z
733,rock-blast,73.6,https://op.gg/pokemon-champions/pokedex/toucannon,2026-09-23T08:35:14.730Z
733,encore,52.7,https://op.gg/pokemon-champions/pokedex/toucannon,2026-09-23T08:35:14.730Z
733,roost,36.9,https://op.gg/pokemon-champions/pokedex/toucannon,2026-09-23T08:35:14.730Z
733,u-turn,13.6,https://op.gg/pokemon-champions/pokedex/toucannon,2026-09-23T08:35:14.730Z
733,knock-off,10.4,https://op.gg/pokemon-champions/pokedex/toucannon,2026-09-23T08:35:14.730Z
733,temper-flare,5.3,https://op.gg/pokemon-champions/pokedex/toucannon,2026-09-23T08:35:14.730Z
733,swords-dance,4.1,https://op.gg/pokemon-champions/pokedex/toucannon,2026-09-23T08:35:14.730Z
733,tailwind,3.5,https://op.gg/pokemon-champions/pokedex/toucannon,2026-09-23T08:35:14.730Z
740,ice-hammer,84.1,https://op.gg/pokemon-champions/pokedex/crabominable,2026-09-23T08:35:14.730Z
740,mach-punch,83.8,https://op.gg/pokemon-champions/pokedex/crabominable,2026-09-23T08:35:14.730Z
740,drain-punch,81,https://op.gg/pokemon-champions/pokedex/crabominable,2026-09-23T08:35:14.730Z
740,thunder-punch,67.7,https://op.gg/pokemon-champions/pokedex/crabominable,2026-09-23T08:35:14.730Z
740,earthquake,17.9,https://op.gg/pokemon-champions/pokedex/crabominable,2026-09-23T08:35:14.730Z
740,close-combat,15,https://op.gg/pokemon-champions/pokedex/crabominable,2026-09-23T08:35:14.730Z
740,ice-punch,13.6,https://op.gg/pokemon-champions/pokedex/crabominable,2026-09-23T08:35:14.730Z
740,bulk-up,7.6,https://op.gg/pokemon-champions/pokedex/crabominable,2026-09-23T08:35:14.730Z
740,crabhammer,6.8,https://op.gg/pokemon-champions/pokedex/crabominable,2026-09-23T08:35:14.730Z
740,knock-off,6.8,https://op.gg/pokemon-champions/pokedex/crabominable,2026-09-23T08:35:14.730Z
745,accelerock,72.3,https://op.gg/pokemon-champions/pokedex/lycanroc,2026-09-23T08:35:14.730Z
745,stealth-rock,54.6,https://op.gg/pokemon-champions/pokedex/lycanroc,2026-09-23T08:35:14.730Z
745,endeavor,53.9,https://op.gg/pokemon-champions/pokedex/lycanroc,2026-09-23T08:35:14.730Z
745,close-combat,41,https://op.gg/pokemon-champions/pokedex/lycanroc,2026-09-23T08:35:14.730Z
745,taunt,28.9,https://op.gg/pokemon-champions/pokedex/lycanroc,2026-09-23T08:35:14.730Z
745,rock-slide,26.6,https://op.gg/pokemon-champions/pokedex/lycanroc,2026-09-23T08:35:14.730Z
745,drill-run,20.3,https://op.gg/pokemon-champions/pokedex/lycanroc,2026-09-23T08:35:14.730Z
745,swords-dance,18.3,https://op.gg/pokemon-champions/pokedex/lycanroc,2026-09-23T08:35:14.730Z
745,stone-edge,16.8,https://op.gg/pokemon-champions/pokedex/lycanroc,2026-09-23T08:35:14.730Z
745,sucker-punch,16.6,https://op.gg/pokemon-champions/pokedex/lycanroc,2026-09-23T08:35:14.730Z
748,recover,97.1,https://op.gg/pokemon-champions/pokedex/toxapex,2026-09-23T08:35:14.730Z
748,toxic,89.7,https://op.gg/pokemon-champions/pokedex/toxapex,2026-09-23T08:35:14.730Z
748,infestation,65.9,https://op.gg/pokemon-champions/pokedex/toxapex,2026-09-23T08:35:14.730Z
748,haze,61.5,https://op.gg/pokemon-champions/pokedex/toxapex,2026-09-23T08:35:14.730Z
748,baneful-bunker,41.1,https://op.gg/pokemon-champions/pokedex/toxapex,2026-09-23T08:35:14.730Z
748,liquidation,12.4,https://op.gg/pokemon-champions/pokedex/toxapex,2026-09-23T08:35:14.730Z
748,toxic-spikes,11.3,https://op.gg/pokemon-champions/pokedex/toxapex,2026-09-23T08:35:14.730Z
748,chilling-water,4.4,https://op.gg/pokemon-champions/pokedex/toxapex,2026-09-23T08:35:14.730Z
748,iron-defense,1.6,https://op.gg/pokemon-champions/pokedex/toxapex,2026-09-23T08:35:14.730Z
748,protect,1.6,https://op.gg/pokemon-champions/pokedex/toxapex,2026-09-23T08:35:14.730Z
750,earthquake,82,https://op.gg/pokemon-champions/pokedex/mudsdale,2026-09-23T08:35:14.730Z
750,body-press,76.9,https://op.gg/pokemon-champions/pokedex/mudsdale,2026-09-23T08:35:14.730Z
750,stealth-rock,55.8,https://op.gg/pokemon-champions/pokedex/mudsdale,2026-09-23T08:35:14.730Z
750,roar,49.2,https://op.gg/pokemon-champions/pokedex/mudsdale,2026-09-23T08:35:14.730Z
750,rest,30.5,https://op.gg/pokemon-champions/pokedex/mudsdale,2026-09-23T08:35:14.730Z
750,fissure,16,https://op.gg/pokemon-champions/pokedex/mudsdale,2026-09-23T08:35:14.730Z
750,iron-defense,12.9,https://op.gg/pokemon-champions/pokedex/mudsdale,2026-09-23T08:35:14.730Z
750,smack-down,12.4,https://op.gg/pokemon-champions/pokedex/mudsdale,2026-09-23T08:35:14.730Z
750,heavy-slam,12,https://op.gg/pokemon-champions/pokedex/mudsdale,2026-09-23T08:35:14.730Z
750,stone-edge,9,https://op.gg/pokemon-champions/pokedex/mudsdale,2026-09-23T08:35:14.730Z
752,sticky-web,82.8,https://op.gg/pokemon-champions/pokedex/araquanid,2026-09-23T08:35:14.730Z
752,mirror-coat,74.1,https://op.gg/pokemon-champions/pokedex/araquanid,2026-09-23T08:35:14.730Z
752,liquidation,68.5,https://op.gg/pokemon-champions/pokedex/araquanid,2026-09-23T08:35:14.730Z
752,leech-life,28,https://op.gg/pokemon-champions/pokedex/araquanid,2026-09-23T08:35:14.730Z
752,surf,26,https://op.gg/pokemon-champions/pokedex/araquanid,2026-09-23T08:35:14.730Z
752,ice-beam,17.8,https://op.gg/pokemon-champions/pokedex/araquanid,2026-09-23T08:35:14.730Z
752,lunge,13.3,https://op.gg/pokemon-champions/pokedex/araquanid,2026-09-23T08:35:14.730Z
752,endeavor,12,https://op.gg/pokemon-champions/pokedex/araquanid,2026-09-23T08:35:14.730Z
752,icy-wind,9.9,https://op.gg/pokemon-champions/pokedex/araquanid,2026-09-23T08:35:14.730Z
752,pounce,8.5,https://op.gg/pokemon-champions/pokedex/araquanid,2026-09-23T08:35:14.730Z
758,toxic,85.8,https://op.gg/pokemon-champions/pokedex/salazzle,2026-09-23T08:35:14.730Z
758,encore,54,https://op.gg/pokemon-champions/pokedex/salazzle,2026-09-23T08:35:14.730Z
758,flamethrower,46.3,https://op.gg/pokemon-champions/pokedex/salazzle,2026-09-23T08:35:14.730Z
758,endeavor,34.3,https://op.gg/pokemon-champions/pokedex/salazzle,2026-09-23T08:35:14.730Z
758,overheat,31.4,https://op.gg/pokemon-champions/pokedex/salazzle,2026-09-23T08:35:14.730Z
758,protect,24.4,https://op.gg/pokemon-champions/pokedex/salazzle,2026-09-23T08:35:14.730Z
758,sludge-wave,22.1,https://op.gg/pokemon-champions/pokedex/salazzle,2026-09-23T08:35:14.730Z
758,sludge-bomb,14.5,https://op.gg/pokemon-champions/pokedex/salazzle,2026-09-23T08:35:14.730Z
758,disable,12.5,https://op.gg/pokemon-champions/pokedex/salazzle,2026-09-23T08:35:14.730Z
758,substitute,11,https://op.gg/pokemon-champions/pokedex/salazzle,2026-09-23T08:35:14.730Z
763,triple-axel,86.1,https://op.gg/pokemon-champions/pokedex/tsareena,2026-09-23T08:35:14.730Z
763,high-jump-kick,68.7,https://op.gg/pokemon-champions/pokedex/tsareena,2026-09-23T08:35:14.730Z
763,trop-kick,63.9,https://op.gg/pokemon-champions/pokedex/tsareena,2026-09-23T08:35:14.730Z
763,rapid-spin,40.1,https://op.gg/pokemon-champions/pokedex/tsareena,2026-09-23T08:35:14.730Z
763,power-whip,31.2,https://op.gg/pokemon-champions/pokedex/tsareena,2026-09-23T08:35:14.730Z
763,knock-off,25.4,https://op.gg/pokemon-champions/pokedex/tsareena,2026-09-23T08:35:14.730Z
763,u-turn,17.6,https://op.gg/pokemon-champions/pokedex/tsareena,2026-09-23T08:35:14.730Z
763,taunt,14.1,https://op.gg/pokemon-champions/pokedex/tsareena,2026-09-23T08:35:14.730Z
763,play-rough,12.1,https://op.gg/pokemon-champions/pokedex/tsareena,2026-09-23T08:35:14.730Z
763,synthesis,6.1,https://op.gg/pokemon-champions/pokedex/tsareena,2026-09-23T08:35:14.730Z
765,psychic,83.5,https://op.gg/pokemon-champions/pokedex/oranguru,2026-09-23T08:35:14.730Z
765,trick-room,46.3,https://op.gg/pokemon-champions/pokedex/oranguru,2026-09-23T08:35:14.730Z
765,foul-play,41.6,https://op.gg/pokemon-champions/pokedex/oranguru,2026-09-23T08:35:14.730Z
765,shadow-ball,37.4,https://op.gg/pokemon-champions/pokedex/oranguru,2026-09-23T08:35:14.730Z
765,thunderbolt,25.1,https://op.gg/pokemon-champions/pokedex/oranguru,2026-09-23T08:35:14.730Z
765,yawn,22.4,https://op.gg/pokemon-champions/pokedex/oranguru,2026-09-23T08:35:14.730Z
765,instruct,18.6,https://op.gg/pokemon-champions/pokedex/oranguru,2026-09-23T08:35:14.730Z
765,taunt,16.9,https://op.gg/pokemon-champions/pokedex/oranguru,2026-09-23T08:35:14.730Z
765,endeavor,14.3,https://op.gg/pokemon-champions/pokedex/oranguru,2026-09-23T08:35:14.730Z
765,reflect,10.4,https://op.gg/pokemon-champions/pokedex/oranguru,2026-09-23T08:35:14.730Z
766,close-combat,58.4,https://op.gg/pokemon-champions/pokedex/passimian,2026-09-23T08:35:14.730Z
766,drain-punch,40.2,https://op.gg/pokemon-champions/pokedex/passimian,2026-09-23T08:35:14.730Z
766,knock-off,38.9,https://op.gg/pokemon-champions/pokedex/passimian,2026-09-23T08:35:14.730Z
766,rock-slide,35.8,https://op.gg/pokemon-champions/pokedex/passimian,2026-09-23T08:35:14.730Z
766,earthquake,31.2,https://op.gg/pokemon-champions/pokedex/passimian,2026-09-23T08:35:14.730Z
766,gunk-shot,29.5,https://op.gg/pokemon-champions/pokedex/passimian,2026-09-23T08:35:14.730Z
766,u-turn,25.6,https://op.gg/pokemon-champions/pokedex/passimian,2026-09-23T08:35:14.730Z
766,counter,19.9,https://op.gg/pokemon-champions/pokedex/passimian,2026-09-23T08:35:14.730Z
766,rock-tomb,19.4,https://op.gg/pokemon-champions/pokedex/passimian,2026-09-23T08:35:14.730Z
766,iron-head,12.1,https://op.gg/pokemon-champions/pokedex/passimian,2026-09-23T08:35:14.730Z
768,iron-head,74.9,https://op.gg/pokemon-champions/pokedex/golisopod,2026-09-23T08:35:14.730Z
768,first-impression,65.1,https://op.gg/pokemon-champions/pokedex/golisopod,2026-09-23T08:35:14.730Z
768,sucker-punch,61.9,https://op.gg/pokemon-champions/pokedex/golisopod,2026-09-23T08:35:14.730Z
768,leech-life,40,https://op.gg/pokemon-champions/pokedex/golisopod,2026-09-23T08:35:14.730Z
768,u-turn,37.3,https://op.gg/pokemon-champions/pokedex/golisopod,2026-09-23T08:35:14.730Z
768,drill-run,30,https://op.gg/pokemon-champions/pokedex/golisopod,2026-09-23T08:35:14.730Z
768,swords-dance,24.5,https://op.gg/pokemon-champions/pokedex/golisopod,2026-09-23T08:35:14.730Z
768,close-combat,20.5,https://op.gg/pokemon-champions/pokedex/golisopod,2026-09-23T08:35:14.730Z
768,aqua-jet,17,https://op.gg/pokemon-champions/pokedex/golisopod,2026-09-23T08:35:14.730Z
768,bulk-up,12.7,https://op.gg/pokemon-champions/pokedex/golisopod,2026-09-23T08:35:14.730Z
778,play-rough,96.8,https://op.gg/pokemon-champions/pokedex/mimikyu,2026-09-23T08:35:14.730Z
778,shadow-sneak,95.2,https://op.gg/pokemon-champions/pokedex/mimikyu,2026-09-23T08:35:14.730Z
778,swords-dance,81.6,https://op.gg/pokemon-champions/pokedex/mimikyu,2026-09-23T08:35:14.730Z
778,shadow-claw,63.4,https://op.gg/pokemon-champions/pokedex/mimikyu,2026-09-23T08:35:14.730Z
778,curse,16.3,https://op.gg/pokemon-champions/pokedex/mimikyu,2026-09-23T08:35:14.730Z
778,wood-hammer,15.2,https://op.gg/pokemon-champions/pokedex/mimikyu,2026-09-23T08:35:14.730Z
778,drain-punch,7.3,https://op.gg/pokemon-champions/pokedex/mimikyu,2026-09-23T08:35:14.730Z
778,trick-room,5.2,https://op.gg/pokemon-champions/pokedex/mimikyu,2026-09-23T08:35:14.730Z
778,will-o-wisp,3.6,https://op.gg/pokemon-champions/pokedex/mimikyu,2026-09-23T08:35:14.730Z
778,protect,3.4,https://op.gg/pokemon-champions/pokedex/mimikyu,2026-09-23T08:35:14.730Z
780,flamethrower,64,https://op.gg/pokemon-champions/pokedex/drampa,2026-09-23T08:35:14.730Z
780,draco-meteor,52.4,https://op.gg/pokemon-champions/pokedex/drampa,2026-09-23T08:35:14.730Z
780,thunderbolt,47.2,https://op.gg/pokemon-champions/pokedex/drampa,2026-09-23T08:35:14.730Z
780,hyper-voice,35.7,https://op.gg/pokemon-champions/pokedex/drampa,2026-09-23T08:35:14.730Z
780,roost,30.8,https://op.gg/pokemon-champions/pokedex/drampa,2026-09-23T08:35:14.730Z
780,dragon-pulse,29.3,https://op.gg/pokemon-champions/pokedex/drampa,2026-09-23T08:35:14.730Z
780,earth-power,23.7,https://op.gg/pokemon-champions/pokedex/drampa,2026-09-23T08:35:14.730Z
780,ice-beam,22.8,https://op.gg/pokemon-champions/pokedex/drampa,2026-09-23T08:35:14.730Z
780,calm-mind,12.1,https://op.gg/pokemon-champions/pokedex/drampa,2026-09-23T08:35:14.730Z
780,fire-blast,12.1,https://op.gg/pokemon-champions/pokedex/drampa,2026-09-23T08:35:14.730Z
784,clanging-scales,72.9,https://op.gg/pokemon-champions/pokedex/kommo-o,2026-09-23T08:35:14.730Z
784,flamethrower,56.7,https://op.gg/pokemon-champions/pokedex/kommo-o,2026-09-23T08:35:14.730Z
784,aura-sphere,42.5,https://op.gg/pokemon-champions/pokedex/kommo-o,2026-09-23T08:35:14.730Z
784,clangorous-soul,42.2,https://op.gg/pokemon-champions/pokedex/kommo-o,2026-09-23T08:35:14.730Z
784,vacuum-wave,39.4,https://op.gg/pokemon-champions/pokedex/kommo-o,2026-09-23T08:35:14.730Z
784,drain-punch,19.2,https://op.gg/pokemon-champions/pokedex/kommo-o,2026-09-23T08:35:14.730Z
784,taunt,16.5,https://op.gg/pokemon-champions/pokedex/kommo-o,2026-09-23T08:35:14.730Z
784,flash-cannon,12.4,https://op.gg/pokemon-champions/pokedex/kommo-o,2026-09-23T08:35:14.730Z
784,stealth-rock,10.4,https://op.gg/pokemon-champions/pokedex/kommo-o,2026-09-23T08:35:14.730Z
784,boomburst,7.5,https://op.gg/pokemon-champions/pokedex/kommo-o,2026-09-23T08:35:14.730Z
812,grassy-glide,97,https://op.gg/pokemon-champions/pokedex/rillaboom,2026-09-23T08:35:14.730Z
812,u-turn,71.1,https://op.gg/pokemon-champions/pokedex/rillaboom,2026-09-23T08:35:14.730Z
812,knock-off,64.7,https://op.gg/pokemon-champions/pokedex/rillaboom,2026-09-23T08:35:14.730Z
812,high-horsepower,49.7,https://op.gg/pokemon-champions/pokedex/rillaboom,2026-09-23T08:35:14.730Z
812,drum-beating,47.8,https://op.gg/pokemon-champions/pokedex/rillaboom,2026-09-23T08:35:14.730Z
812,wood-hammer,16.5,https://op.gg/pokemon-champions/pokedex/rillaboom,2026-09-23T08:35:14.730Z
812,leech-seed,12.1,https://op.gg/pokemon-champions/pokedex/rillaboom,2026-09-23T08:35:14.730Z
812,taunt,12.1,https://op.gg/pokemon-champions/pokedex/rillaboom,2026-09-23T08:35:14.730Z
812,endeavor,5.1,https://op.gg/pokemon-champions/pokedex/rillaboom,2026-09-23T08:35:14.730Z
812,swords-dance,5,https://op.gg/pokemon-champions/pokedex/rillaboom,2026-09-23T08:35:14.730Z
815,pyro-ball,99.3,https://op.gg/pokemon-champions/pokedex/cinderace,2026-09-23T08:35:14.730Z
815,high-jump-kick,90.9,https://op.gg/pokemon-champions/pokedex/cinderace,2026-09-23T08:35:14.730Z
815,gunk-shot,85.3,https://op.gg/pokemon-champions/pokedex/cinderace,2026-09-23T08:35:14.730Z
815,sucker-punch,44.4,https://op.gg/pokemon-champions/pokedex/cinderace,2026-09-23T08:35:14.730Z
815,u-turn,44.2,https://op.gg/pokemon-champions/pokedex/cinderace,2026-09-23T08:35:14.730Z
815,will-o-wisp,9.8,https://op.gg/pokemon-champions/pokedex/cinderace,2026-09-23T08:35:14.730Z
815,iron-head,7.3,https://op.gg/pokemon-champions/pokedex/cinderace,2026-09-23T08:35:14.730Z
815,court-change,3.4,https://op.gg/pokemon-champions/pokedex/cinderace,2026-09-23T08:35:14.730Z
815,zen-headbutt,2.1,https://op.gg/pokemon-champions/pokedex/cinderace,2026-09-23T08:35:14.730Z
815,taunt,1.8,https://op.gg/pokemon-champions/pokedex/cinderace,2026-09-23T08:35:14.730Z
818,snipe-shot,95.9,https://op.gg/pokemon-champions/pokedex/inteleon,2026-09-23T08:35:14.730Z
818,ice-beam,89.8,https://op.gg/pokemon-champions/pokedex/inteleon,2026-09-23T08:35:14.730Z
818,vacuum-wave,58.7,https://op.gg/pokemon-champions/pokedex/inteleon,2026-09-23T08:35:14.730Z
818,focus-energy,54.2,https://op.gg/pokemon-champions/pokedex/inteleon,2026-09-23T08:35:14.730Z
818,dark-pulse,23.3,https://op.gg/pokemon-champions/pokedex/inteleon,2026-09-23T08:35:14.730Z
818,air-cutter,12.7,https://op.gg/pokemon-champions/pokedex/inteleon,2026-09-23T08:35:14.730Z
818,shadow-ball,7.3,https://op.gg/pokemon-champions/pokedex/inteleon,2026-09-23T08:35:14.730Z
818,air-slash,6.7,https://op.gg/pokemon-champions/pokedex/inteleon,2026-09-23T08:35:14.730Z
818,taunt,6.7,https://op.gg/pokemon-champions/pokedex/inteleon,2026-09-23T08:35:14.730Z
818,aqua-jet,6.4,https://op.gg/pokemon-champions/pokedex/inteleon,2026-09-23T08:35:14.730Z
823,roost,99,https://op.gg/pokemon-champions/pokedex/corviknight,2026-09-23T08:35:14.730Z
823,body-press,62.9,https://op.gg/pokemon-champions/pokedex/corviknight,2026-09-23T08:35:14.730Z
823,u-turn,62.7,https://op.gg/pokemon-champions/pokedex/corviknight,2026-09-23T08:35:14.730Z
823,iron-defense,59.6,https://op.gg/pokemon-champions/pokedex/corviknight,2026-09-23T08:35:14.730Z
823,brave-bird,28.6,https://op.gg/pokemon-champions/pokedex/corviknight,2026-09-23T08:35:14.730Z
823,iron-head,26.3,https://op.gg/pokemon-champions/pokedex/corviknight,2026-09-23T08:35:14.730Z
823,bulk-up,23.1,https://op.gg/pokemon-champions/pokedex/corviknight,2026-09-23T08:35:14.730Z
823,taunt,9.9,https://op.gg/pokemon-champions/pokedex/corviknight,2026-09-23T08:35:14.730Z
823,defog,8.6,https://op.gg/pokemon-champions/pokedex/corviknight,2026-09-23T08:35:14.730Z
823,curse,6.5,https://op.gg/pokemon-champions/pokedex/corviknight,2026-09-23T08:35:14.730Z
828,dark-pulse,80,https://op.gg/pokemon-champions/pokedex/thievul,2026-09-23T08:35:14.730Z
828,burning-jealousy,54.4,https://op.gg/pokemon-champions/pokedex/thievul,2026-09-23T08:35:14.730Z
828,taunt,49.8,https://op.gg/pokemon-champions/pokedex/thievul,2026-09-23T08:35:14.730Z
828,grass-knot,35.3,https://op.gg/pokemon-champions/pokedex/thievul,2026-09-23T08:35:14.730Z
828,foul-play,27.6,https://op.gg/pokemon-champions/pokedex/thievul,2026-09-23T08:35:14.730Z
828,psychic,20.3,https://op.gg/pokemon-champions/pokedex/thievul,2026-09-23T08:35:14.730Z
828,parting-shot,19.8,https://op.gg/pokemon-champions/pokedex/thievul,2026-09-23T08:35:14.730Z
828,nasty-plot,19.6,https://op.gg/pokemon-champions/pokedex/thievul,2026-09-23T08:35:14.730Z
828,sucker-punch,16.3,https://op.gg/pokemon-champions/pokedex/thievul,2026-09-23T08:35:14.730Z
828,first-impression,12.4,https://op.gg/pokemon-champions/pokedex/thievul,2026-09-23T08:35:14.730Z
841,grav-apple,97.7,https://op.gg/pokemon-champions/pokedex/flapple,2026-09-23T08:35:14.730Z
841,sucker-punch,80.6,https://op.gg/pokemon-champions/pokedex/flapple,2026-09-23T08:35:14.730Z
841,dragon-rush,45.3,https://op.gg/pokemon-champions/pokedex/flapple,2026-09-23T08:35:14.730Z
841,u-turn,45,https://op.gg/pokemon-champions/pokedex/flapple,2026-09-23T08:35:14.730Z
841,outrage,40.7,https://op.gg/pokemon-champions/pokedex/flapple,2026-09-23T08:35:14.730Z
841,dragon-dance,28.7,https://op.gg/pokemon-champions/pokedex/flapple,2026-09-23T08:35:14.730Z
841,dual-wingbeat,10.3,https://op.gg/pokemon-champions/pokedex/flapple,2026-09-23T08:35:14.730Z
841,draco-meteor,8.8,https://op.gg/pokemon-champions/pokedex/flapple,2026-09-23T08:35:14.730Z
841,leech-seed,6.3,https://op.gg/pokemon-champions/pokedex/flapple,2026-09-23T08:35:14.730Z
841,recycle,5.4,https://op.gg/pokemon-champions/pokedex/flapple,2026-09-23T08:35:14.730Z
842,apple-acid,87,https://op.gg/pokemon-champions/pokedex/appletun,2026-09-23T08:35:14.730Z
842,recover,54.2,https://op.gg/pokemon-champions/pokedex/appletun,2026-09-23T08:35:14.730Z
842,leech-seed,50,https://op.gg/pokemon-champions/pokedex/appletun,2026-09-23T08:35:14.730Z
842,amnesia,39.2,https://op.gg/pokemon-champions/pokedex/appletun,2026-09-23T08:35:14.730Z
842,iron-defense,35.6,https://op.gg/pokemon-champions/pokedex/appletun,2026-09-23T08:35:14.730Z
842,dragon-pulse,21.7,https://op.gg/pokemon-champions/pokedex/appletun,2026-09-23T08:35:14.730Z
842,sucker-punch,21.6,https://op.gg/pokemon-champions/pokedex/appletun,2026-09-23T08:35:14.730Z
842,body-press,18.5,https://op.gg/pokemon-champions/pokedex/appletun,2026-09-23T08:35:14.730Z
842,draco-meteor,16.4,https://op.gg/pokemon-champions/pokedex/appletun,2026-09-23T08:35:14.730Z
842,recycle,15.5,https://op.gg/pokemon-champions/pokedex/appletun,2026-09-23T08:35:14.730Z
844,earthquake,74.6,https://op.gg/pokemon-champions/pokedex/sandaconda,2026-09-23T08:35:14.730Z
844,stealth-rock,69,https://op.gg/pokemon-champions/pokedex/sandaconda,2026-09-23T08:35:14.730Z
844,glare,64.5,https://op.gg/pokemon-champions/pokedex/sandaconda,2026-09-23T08:35:14.730Z
844,endeavor,40.9,https://op.gg/pokemon-champions/pokedex/sandaconda,2026-09-23T08:35:14.730Z
844,rock-tomb,23.8,https://op.gg/pokemon-champions/pokedex/sandaconda,2026-09-23T08:35:14.730Z
844,minimize,21.8,https://op.gg/pokemon-champions/pokedex/sandaconda,2026-09-23T08:35:14.730Z
844,coil,19,https://op.gg/pokemon-champions/pokedex/sandaconda,2026-09-23T08:35:14.730Z
844,body-press,12.6,https://op.gg/pokemon-champions/pokedex/sandaconda,2026-09-23T08:35:14.730Z
844,stone-edge,10.7,https://op.gg/pokemon-champions/pokedex/sandaconda,2026-09-23T08:35:14.730Z
844,rest,9.8,https://op.gg/pokemon-champions/pokedex/sandaconda,2026-09-23T08:35:14.730Z
849,boomburst,90.7,https://op.gg/pokemon-champions/pokedex/toxtricity-amped,2026-09-23T08:35:14.730Z
849,overdrive,90,https://op.gg/pokemon-champions/pokedex/toxtricity-amped,2026-09-23T08:35:14.730Z
849,nuzzle,55,https://op.gg/pokemon-champions/pokedex/toxtricity-amped,2026-09-23T08:35:14.730Z
849,sludge-wave,37.8,https://op.gg/pokemon-champions/pokedex/toxtricity-amped,2026-09-23T08:35:14.730Z
849,taunt,22.1,https://op.gg/pokemon-champions/pokedex/toxtricity-amped,2026-09-23T08:35:14.730Z
849,volt-switch,17.6,https://op.gg/pokemon-champions/pokedex/toxtricity-amped,2026-09-23T08:35:14.730Z
849,toxic-spikes,16.8,https://op.gg/pokemon-champions/pokedex/toxtricity-amped,2026-09-23T08:35:14.730Z
849,psychic-noise,11.9,https://op.gg/pokemon-champions/pokedex/toxtricity-amped,2026-09-23T08:35:14.730Z
849,hex,11.3,https://op.gg/pokemon-champions/pokedex/toxtricity-amped,2026-09-23T08:35:14.730Z
849,encore,9.3,https://op.gg/pokemon-champions/pokedex/toxtricity-amped,2026-09-23T08:35:14.730Z
853,storm-throw,94.1,https://op.gg/pokemon-champions/pokedex/grapploct,2026-09-23T08:35:14.730Z
853,mach-punch,90.3,https://op.gg/pokemon-champions/pokedex/grapploct,2026-09-23T08:35:14.730Z
853,sucker-punch,36.2,https://op.gg/pokemon-champions/pokedex/grapploct,2026-09-23T08:35:14.730Z
853,octolock,32.6,https://op.gg/pokemon-champions/pokedex/grapploct,2026-09-23T08:35:14.730Z
853,ice-punch,29.6,https://op.gg/pokemon-champions/pokedex/grapploct,2026-09-23T08:35:14.730Z
853,brutal-swing,23.6,https://op.gg/pokemon-champions/pokedex/grapploct,2026-09-23T08:35:14.730Z
853,circle-throw,17.7,https://op.gg/pokemon-champions/pokedex/grapploct,2026-09-23T08:35:14.730Z
853,stomping-tantrum,16.5,https://op.gg/pokemon-champions/pokedex/grapploct,2026-09-23T08:35:14.730Z
853,payback,15.5,https://op.gg/pokemon-champions/pokedex/grapploct,2026-09-23T08:35:14.730Z
853,bulk-up,11.1,https://op.gg/pokemon-champions/pokedex/grapploct,2026-09-23T08:35:14.730Z
855,shell-smash,97.4,https://op.gg/pokemon-champions/pokedex/polteageist,2026-09-23T08:35:14.730Z
855,shadow-ball,80.9,https://op.gg/pokemon-champions/pokedex/polteageist,2026-09-23T08:35:14.730Z
855,baton-pass,75.5,https://op.gg/pokemon-champions/pokedex/polteageist,2026-09-23T08:35:14.730Z
855,strength-sap,60,https://op.gg/pokemon-champions/pokedex/polteageist,2026-09-23T08:35:14.730Z
855,stored-power,46.5,https://op.gg/pokemon-champions/pokedex/polteageist,2026-09-23T08:35:14.730Z
855,giga-drain,10.7,https://op.gg/pokemon-champions/pokedex/polteageist,2026-09-23T08:35:14.730Z
855,substitute,4.6,https://op.gg/pokemon-champions/pokedex/polteageist,2026-09-23T08:35:14.730Z
855,sucker-punch,4.6,https://op.gg/pokemon-champions/pokedex/polteageist,2026-09-23T08:35:14.730Z
855,will-o-wisp,4.4,https://op.gg/pokemon-champions/pokedex/polteageist,2026-09-23T08:35:14.730Z
855,dark-pulse,2.1,https://op.gg/pokemon-champions/pokedex/polteageist,2026-09-23T08:35:14.730Z
858,mystical-fire,64.3,https://op.gg/pokemon-champions/pokedex/hatterene,2026-09-23T08:35:14.730Z
858,trick-room,63.5,https://op.gg/pokemon-champions/pokedex/hatterene,2026-09-23T08:35:14.730Z
858,psychic,38.9,https://op.gg/pokemon-champions/pokedex/hatterene,2026-09-23T08:35:14.730Z
858,draining-kiss,37.4,https://op.gg/pokemon-champions/pokedex/hatterene,2026-09-23T08:35:14.730Z
858,misty-explosion,31.5,https://op.gg/pokemon-champions/pokedex/hatterene,2026-09-23T08:35:14.730Z
858,dazzling-gleam,30.3,https://op.gg/pokemon-champions/pokedex/hatterene,2026-09-23T08:35:14.730Z
858,calm-mind,25.6,https://op.gg/pokemon-champions/pokedex/hatterene,2026-09-23T08:35:14.730Z
858,giga-drain,16.2,https://op.gg/pokemon-champions/pokedex/hatterene,2026-09-23T08:35:14.730Z
858,psychic-noise,15.4,https://op.gg/pokemon-champions/pokedex/hatterene,2026-09-23T08:35:14.730Z
858,healing-wish,14.4,https://op.gg/pokemon-champions/pokedex/hatterene,2026-09-23T08:35:14.730Z
861,reflect,88.3,https://op.gg/pokemon-champions/pokedex/grimmsnarl,2026-09-23T08:35:14.730Z
861,light-screen,86.8,https://op.gg/pokemon-champions/pokedex/grimmsnarl,2026-09-23T08:35:14.730Z
861,spirit-break,69.9,https://op.gg/pokemon-champions/pokedex/grimmsnarl,2026-09-23T08:35:14.730Z
861,parting-shot,62.9,https://op.gg/pokemon-champions/pokedex/grimmsnarl,2026-09-23T08:35:14.730Z
861,taunt,45.1,https://op.gg/pokemon-champions/pokedex/grimmsnarl,2026-09-23T08:35:14.730Z
861,foul-play,19.8,https://op.gg/pokemon-champions/pokedex/grimmsnarl,2026-09-23T08:35:14.730Z
861,sucker-punch,7.7,https://op.gg/pokemon-champions/pokedex/grimmsnarl,2026-09-23T08:35:14.730Z
861,fake-out,5.2,https://op.gg/pokemon-champions/pokedex/grimmsnarl,2026-09-23T08:35:14.730Z
861,play-rough,2.8,https://op.gg/pokemon-champions/pokedex/grimmsnarl,2026-09-23T08:35:14.730Z
861,bulk-up,1.6,https://op.gg/pokemon-champions/pokedex/grimmsnarl,2026-09-23T08:35:14.730Z
863,iron-head,75.3,https://op.gg/pokemon-champions/pokedex/perrserker,2026-09-23T08:35:14.730Z
863,fake-out,45,https://op.gg/pokemon-champions/pokedex/perrserker,2026-09-23T08:35:14.730Z
863,metal-burst,41.6,https://op.gg/pokemon-champions/pokedex/perrserker,2026-09-23T08:35:14.730Z
863,close-combat,36.8,https://op.gg/pokemon-champions/pokedex/perrserker,2026-09-23T08:35:14.730Z
863,stealth-rock,29.9,https://op.gg/pokemon-champions/pokedex/perrserker,2026-09-23T08:35:14.730Z
863,knock-off,21.9,https://op.gg/pokemon-champions/pokedex/perrserker,2026-09-23T08:35:14.730Z
863,play-rough,16.6,https://op.gg/pokemon-champions/pokedex/perrserker,2026-09-23T08:35:14.730Z
863,gyro-ball,14.6,https://op.gg/pokemon-champions/pokedex/perrserker,2026-09-23T08:35:14.730Z
863,taunt,12.8,https://op.gg/pokemon-champions/pokedex/perrserker,2026-09-23T08:35:14.730Z
863,u-turn,11.7,https://op.gg/pokemon-champions/pokedex/perrserker,2026-09-23T08:35:14.730Z
865,leaf-blade,84.9,https://op.gg/pokemon-champions/pokedex/sirfetchd,2026-09-23T08:35:14.730Z
865,meteor-assault,83.5,https://op.gg/pokemon-champions/pokedex/sirfetchd,2026-09-23T08:35:14.730Z
865,first-impression,57.7,https://op.gg/pokemon-champions/pokedex/sirfetchd,2026-09-23T08:35:14.730Z
865,close-combat,45.7,https://op.gg/pokemon-champions/pokedex/sirfetchd,2026-09-23T08:35:14.730Z
865,night-slash,32.2,https://op.gg/pokemon-champions/pokedex/sirfetchd,2026-09-23T08:35:14.730Z
865,feint,20.2,https://op.gg/pokemon-champions/pokedex/sirfetchd,2026-09-23T08:35:14.730Z
865,quick-attack,16.6,https://op.gg/pokemon-champions/pokedex/sirfetchd,2026-09-23T08:35:14.730Z
865,brave-bird,12.2,https://op.gg/pokemon-champions/pokedex/sirfetchd,2026-09-23T08:35:14.730Z
865,knock-off,8.8,https://op.gg/pokemon-champions/pokedex/sirfetchd,2026-09-23T08:35:14.730Z
865,swords-dance,8.5,https://op.gg/pokemon-champions/pokedex/sirfetchd,2026-09-23T08:35:14.730Z
866,freeze-dry,80.2,https://op.gg/pokemon-champions/pokedex/mr.-rime,2026-09-23T08:35:14.730Z
866,psychic,45.2,https://op.gg/pokemon-champions/pokedex/mr.-rime,2026-09-23T08:35:14.730Z
866,ice-shard,21.8,https://op.gg/pokemon-champions/pokedex/mr.-rime,2026-09-23T08:35:14.730Z
866,sheer-cold,21.4,https://op.gg/pokemon-champions/pokedex/mr.-rime,2026-09-23T08:35:14.730Z
866,ice-beam,18.9,https://op.gg/pokemon-champions/pokedex/mr.-rime,2026-09-23T08:35:14.730Z
866,mirror-coat,18.6,https://op.gg/pokemon-champions/pokedex/mr.-rime,2026-09-23T08:35:14.730Z
866,rapid-spin,18.6,https://op.gg/pokemon-champions/pokedex/mr.-rime,2026-09-23T08:35:14.730Z
866,expanding-force,16.8,https://op.gg/pokemon-champions/pokedex/mr.-rime,2026-09-23T08:35:14.730Z
866,encore,14.9,https://op.gg/pokemon-champions/pokedex/mr.-rime,2026-09-23T08:35:14.730Z
866,trick-room,10.9,https://op.gg/pokemon-champions/pokedex/mr.-rime,2026-09-23T08:35:14.730Z
867,stealth-rock,67.2,https://op.gg/pokemon-champions/pokedex/runerigus,2026-09-23T08:35:14.730Z
867,earthquake,58.5,https://op.gg/pokemon-champions/pokedex/runerigus,2026-09-23T08:35:14.730Z
867,will-o-wisp,54.1,https://op.gg/pokemon-champions/pokedex/runerigus,2026-09-23T08:35:14.730Z
867,trick-room,42.2,https://op.gg/pokemon-champions/pokedex/runerigus,2026-09-23T08:35:14.730Z
867,curse,35.5,https://op.gg/pokemon-champions/pokedex/runerigus,2026-09-23T08:35:14.730Z
867,poltergeist,31.7,https://op.gg/pokemon-champions/pokedex/runerigus,2026-09-23T08:35:14.730Z
867,destiny-bond,21.5,https://op.gg/pokemon-champions/pokedex/runerigus,2026-09-23T08:35:14.730Z
867,memento,18,https://op.gg/pokemon-champions/pokedex/runerigus,2026-09-23T08:35:14.730Z
867,body-press,16.4,https://op.gg/pokemon-champions/pokedex/runerigus,2026-09-23T08:35:14.730Z
867,toxic-spikes,10.9,https://op.gg/pokemon-champions/pokedex/runerigus,2026-09-23T08:35:14.730Z
869,calm-mind,79.1,https://op.gg/pokemon-champions/pokedex/alcremie,2026-09-23T08:35:14.730Z
869,acid-armor,69.3,https://op.gg/pokemon-champions/pokedex/alcremie,2026-09-23T08:35:14.730Z
869,recover,67.7,https://op.gg/pokemon-champions/pokedex/alcremie,2026-09-23T08:35:14.730Z
869,alluring-voice,53.2,https://op.gg/pokemon-champions/pokedex/alcremie,2026-09-23T08:35:14.730Z
869,mystical-fire,33.9,https://op.gg/pokemon-champions/pokedex/alcremie,2026-09-23T08:35:14.730Z
869,draining-kiss,30.5,https://op.gg/pokemon-champions/pokedex/alcremie,2026-09-23T08:35:14.730Z
869,stored-power,13.8,https://op.gg/pokemon-champions/pokedex/alcremie,2026-09-23T08:35:14.730Z
869,giga-drain,7.6,https://op.gg/pokemon-champions/pokedex/alcremie,2026-09-23T08:35:14.730Z
869,dazzling-gleam,7.3,https://op.gg/pokemon-champions/pokedex/alcremie,2026-09-23T08:35:14.730Z
869,encore,5.8,https://op.gg/pokemon-champions/pokedex/alcremie,2026-09-23T08:35:14.730Z
870,close-combat,89.3,https://op.gg/pokemon-champions/pokedex/falinks,2026-09-23T08:35:14.730Z
870,no-retreat,81,https://op.gg/pokemon-champions/pokedex/falinks,2026-09-23T08:35:14.730Z
870,knock-off,43.2,https://op.gg/pokemon-champions/pokedex/falinks,2026-09-23T08:35:14.730Z
870,poison-jab,33.3,https://op.gg/pokemon-champions/pokedex/falinks,2026-09-23T08:35:14.730Z
870,first-impression,24.3,https://op.gg/pokemon-champions/pokedex/falinks,2026-09-23T08:35:14.730Z
870,iron-head,20.7,https://op.gg/pokemon-champions/pokedex/falinks,2026-09-23T08:35:14.730Z
870,rock-slide,19,https://op.gg/pokemon-champions/pokedex/falinks,2026-09-23T08:35:14.730Z
870,high-horsepower,17.6,https://op.gg/pokemon-champions/pokedex/falinks,2026-09-23T08:35:14.730Z
870,throat-chop,15.3,https://op.gg/pokemon-champions/pokedex/falinks,2026-09-23T08:35:14.730Z
870,counter,9.4,https://op.gg/pokemon-champions/pokedex/falinks,2026-09-23T08:35:14.730Z
871,memento,77.4,https://op.gg/pokemon-champions/pokedex/pincurchin,2026-09-23T08:35:14.730Z
871,rising-voltage,72.8,https://op.gg/pokemon-champions/pokedex/pincurchin,2026-09-23T08:35:14.730Z
871,spikes,47.8,https://op.gg/pokemon-champions/pokedex/pincurchin,2026-09-23T08:35:14.730Z
871,toxic-spikes,41.8,https://op.gg/pokemon-champions/pokedex/pincurchin,2026-09-23T08:35:14.730Z
871,sucker-punch,33,https://op.gg/pokemon-champions/pokedex/pincurchin,2026-09-23T08:35:14.730Z
871,scald,26.2,https://op.gg/pokemon-champions/pokedex/pincurchin,2026-09-23T08:35:14.730Z
871,self-destruct,15.7,https://op.gg/pokemon-champions/pokedex/pincurchin,2026-09-23T08:35:14.730Z
871,thunder-wave,13.9,https://op.gg/pokemon-champions/pokedex/pincurchin,2026-09-23T08:35:14.730Z
871,recover,8.2,https://op.gg/pokemon-champions/pokedex/pincurchin,2026-09-23T08:35:14.730Z
871,pain-split,6.7,https://op.gg/pokemon-champions/pokedex/pincurchin,2026-09-23T08:35:14.730Z
876,expanding-force,99.5,https://op.gg/pokemon-champions/pokedex/indeedee-male,2026-09-23T08:35:14.730Z
876,mystical-fire,91.7,https://op.gg/pokemon-champions/pokedex/indeedee-male,2026-09-23T08:35:14.730Z
876,encore,72,https://op.gg/pokemon-champions/pokedex/indeedee-male,2026-09-23T08:35:14.730Z
876,dazzling-gleam,68.3,https://op.gg/pokemon-champions/pokedex/indeedee-male,2026-09-23T08:35:14.730Z
876,healing-wish,18.6,https://op.gg/pokemon-champions/pokedex/indeedee-male,2026-09-23T08:35:14.730Z
876,trick,17.4,https://op.gg/pokemon-champions/pokedex/indeedee-male,2026-09-23T08:35:14.730Z
876,shadow-ball,7.4,https://op.gg/pokemon-champions/pokedex/indeedee-male,2026-09-23T08:35:14.730Z
876,substitute,6.3,https://op.gg/pokemon-champions/pokedex/indeedee-male,2026-09-23T08:35:14.730Z
876,trick-room,4.1,https://op.gg/pokemon-champions/pokedex/indeedee-male,2026-09-23T08:35:14.730Z
876,energy-ball,3,https://op.gg/pokemon-champions/pokedex/indeedee-male,2026-09-23T08:35:14.730Z
877,aura-wheel,99.6,https://op.gg/pokemon-champions/pokedex/morpeko,2026-09-23T08:35:14.730Z
877,protect,53.2,https://op.gg/pokemon-champions/pokedex/morpeko,2026-09-23T08:35:14.730Z
877,endeavor,51.6,https://op.gg/pokemon-champions/pokedex/morpeko,2026-09-23T08:35:14.730Z
877,quick-attack,40.1,https://op.gg/pokemon-champions/pokedex/morpeko,2026-09-23T08:35:14.730Z
877,parting-shot,21.5,https://op.gg/pokemon-champions/pokedex/morpeko,2026-09-23T08:35:14.730Z
877,fake-out,20.7,https://op.gg/pokemon-champions/pokedex/morpeko,2026-09-23T08:35:14.730Z
877,knock-off,17,https://op.gg/pokemon-champions/pokedex/morpeko,2026-09-23T08:35:14.730Z
877,taunt,14.3,https://op.gg/pokemon-champions/pokedex/morpeko,2026-09-23T08:35:14.730Z
877,reversal,13.8,https://op.gg/pokemon-champions/pokedex/morpeko,2026-09-23T08:35:14.730Z
877,ice-fang,8.3,https://op.gg/pokemon-champions/pokedex/morpeko,2026-09-23T08:35:14.730Z
887,dragon-darts,49.5,https://op.gg/pokemon-champions/pokedex/dragapult,2026-09-23T08:35:14.730Z
887,shadow-ball,43.2,https://op.gg/pokemon-champions/pokedex/dragapult,2026-09-23T08:35:14.730Z
887,draco-meteor,38.2,https://op.gg/pokemon-champions/pokedex/dragapult,2026-09-23T08:35:14.730Z
887,u-turn,37,https://op.gg/pokemon-champions/pokedex/dragapult,2026-09-23T08:35:14.730Z
887,flamethrower,29.3,https://op.gg/pokemon-champions/pokedex/dragapult,2026-09-23T08:35:14.730Z
887,phantom-force,28.6,https://op.gg/pokemon-champions/pokedex/dragapult,2026-09-23T08:35:14.730Z
887,sucker-punch,23.3,https://op.gg/pokemon-champions/pokedex/dragapult,2026-09-23T08:35:14.730Z
887,thunderbolt,22.3,https://op.gg/pokemon-champions/pokedex/dragapult,2026-09-23T08:35:14.730Z
887,will-o-wisp,18.7,https://op.gg/pokemon-champions/pokedex/dragapult,2026-09-23T08:35:14.730Z
887,curse,16.2,https://op.gg/pokemon-champions/pokedex/dragapult,2026-09-23T08:35:14.730Z
899,psyshield-bash,79.9,https://op.gg/pokemon-champions/pokedex/wyrdeer,2026-09-23T08:35:14.730Z
899,earthquake,41.4,https://op.gg/pokemon-champions/pokedex/wyrdeer,2026-09-23T08:35:14.730Z
899,thunderbolt,26.3,https://op.gg/pokemon-champions/pokedex/wyrdeer,2026-09-23T08:35:14.730Z
899,trick-room,25.9,https://op.gg/pokemon-champions/pokedex/wyrdeer,2026-09-23T08:35:14.730Z
899,lunge,21,https://op.gg/pokemon-champions/pokedex/wyrdeer,2026-09-23T08:35:14.730Z
899,throat-chop,20.2,https://op.gg/pokemon-champions/pokedex/wyrdeer,2026-09-23T08:35:14.730Z
899,earth-power,15.4,https://op.gg/pokemon-champions/pokedex/wyrdeer,2026-09-23T08:35:14.730Z
899,thunder-wave,14.3,https://op.gg/pokemon-champions/pokedex/wyrdeer,2026-09-23T08:35:14.730Z
899,calm-mind,9.7,https://op.gg/pokemon-champions/pokedex/wyrdeer,2026-09-23T08:35:14.730Z
899,hypnosis,9.7,https://op.gg/pokemon-champions/pokedex/wyrdeer,2026-09-23T08:35:14.730Z
900,stone-axe,99.9,https://op.gg/pokemon-champions/pokedex/kleavor,2026-09-23T08:35:14.730Z
900,x-scissor,71.1,https://op.gg/pokemon-champions/pokedex/kleavor,2026-09-23T08:35:14.730Z
900,close-combat,56.1,https://op.gg/pokemon-champions/pokedex/kleavor,2026-09-23T08:35:14.730Z
900,night-slash,50.9,https://op.gg/pokemon-champions/pokedex/kleavor,2026-09-23T08:35:14.730Z
900,u-turn,28,https://op.gg/pokemon-champions/pokedex/kleavor,2026-09-23T08:35:14.730Z
900,feint,15.7,https://op.gg/pokemon-champions/pokedex/kleavor,2026-09-23T08:35:14.730Z
900,quick-attack,14.4,https://op.gg/pokemon-champions/pokedex/kleavor,2026-09-23T08:35:14.730Z
900,tailwind,13.4,https://op.gg/pokemon-champions/pokedex/kleavor,2026-09-23T08:35:14.730Z
900,brick-break,9.3,https://op.gg/pokemon-champions/pokedex/kleavor,2026-09-23T08:35:14.730Z
900,counter,8.3,https://op.gg/pokemon-champions/pokedex/kleavor,2026-09-23T08:35:14.730Z
902,last-respects,99.8,https://op.gg/pokemon-champions/pokedex/basculegion-male,2026-09-23T08:35:14.730Z
902,wave-crash,95.8,https://op.gg/pokemon-champions/pokedex/basculegion-male,2026-09-23T08:35:14.730Z
902,aqua-jet,89,https://op.gg/pokemon-champions/pokedex/basculegion-male,2026-09-23T08:35:14.730Z
902,flip-turn,77.2,https://op.gg/pokemon-champions/pokedex/basculegion-male,2026-09-23T08:35:14.730Z
902,agility,7.2,https://op.gg/pokemon-champions/pokedex/basculegion-male,2026-09-23T08:35:14.730Z
902,ice-fang,5.8,https://op.gg/pokemon-champions/pokedex/basculegion-male,2026-09-23T08:35:14.730Z
902,psychic-fangs,4.1,https://op.gg/pokemon-champions/pokedex/basculegion-male,2026-09-23T08:35:14.730Z
902,head-smash,3.8,https://op.gg/pokemon-champions/pokedex/basculegion-male,2026-09-23T08:35:14.730Z
902,liquidation,2.6,https://op.gg/pokemon-champions/pokedex/basculegion-male,2026-09-23T08:35:14.730Z
902,protect,2.5,https://op.gg/pokemon-champions/pokedex/basculegion-male,2026-09-23T08:35:14.730Z
903,close-combat,98,https://op.gg/pokemon-champions/pokedex/sneasler,2026-09-23T08:35:14.730Z
903,dire-claw,96.5,https://op.gg/pokemon-champions/pokedex/sneasler,2026-09-23T08:35:14.730Z
903,swords-dance,51.3,https://op.gg/pokemon-champions/pokedex/sneasler,2026-09-23T08:35:14.730Z
903,throat-chop,48.5,https://op.gg/pokemon-champions/pokedex/sneasler,2026-09-23T08:35:14.730Z
903,fake-out,38.8,https://op.gg/pokemon-champions/pokedex/sneasler,2026-09-23T08:35:14.730Z
903,acrobatics,19.2,https://op.gg/pokemon-champions/pokedex/sneasler,2026-09-23T08:35:14.730Z
903,fire-punch,16.4,https://op.gg/pokemon-champions/pokedex/sneasler,2026-09-23T08:35:14.730Z
903,shadow-claw,6.7,https://op.gg/pokemon-champions/pokedex/sneasler,2026-09-23T08:35:14.730Z
903,u-turn,4.8,https://op.gg/pokemon-champions/pokedex/sneasler,2026-09-23T08:35:14.730Z
903,rock-slide,3.7,https://op.gg/pokemon-champions/pokedex/sneasler,2026-09-23T08:35:14.730Z
904,throat-chop,58.4,https://op.gg/pokemon-champions/pokedex/overqwil,2026-09-23T08:35:14.730Z
904,barb-barrage,57.5,https://op.gg/pokemon-champions/pokedex/overqwil,2026-09-23T08:35:14.730Z
904,minimize,47.2,https://op.gg/pokemon-champions/pokedex/overqwil,2026-09-23T08:35:14.730Z
904,substitute,37.1,https://op.gg/pokemon-champions/pokedex/overqwil,2026-09-23T08:35:14.730Z
904,crunch,28.2,https://op.gg/pokemon-champions/pokedex/overqwil,2026-09-23T08:35:14.730Z
904,toxic-spikes,27.5,https://op.gg/pokemon-champions/pokedex/overqwil,2026-09-23T08:35:14.730Z
904,swords-dance,25.5,https://op.gg/pokemon-champions/pokedex/overqwil,2026-09-23T08:35:14.730Z
904,toxic,22.4,https://op.gg/pokemon-champions/pokedex/overqwil,2026-09-23T08:35:14.730Z
904,protect,14.6,https://op.gg/pokemon-champions/pokedex/overqwil,2026-09-23T08:35:14.730Z
904,taunt,14.5,https://op.gg/pokemon-champions/pokedex/overqwil,2026-09-23T08:35:14.730Z
908,flower-trick,97.3,https://op.gg/pokemon-champions/pokedex/meowscarada,2026-09-23T08:35:14.730Z
908,triple-axel,91.2,https://op.gg/pokemon-champions/pokedex/meowscarada,2026-09-23T08:35:14.730Z
908,knock-off,69.4,https://op.gg/pokemon-champions/pokedex/meowscarada,2026-09-23T08:35:14.730Z
908,u-turn,64.5,https://op.gg/pokemon-champions/pokedex/meowscarada,2026-09-23T08:35:14.730Z
908,sucker-punch,22.3,https://op.gg/pokemon-champions/pokedex/meowscarada,2026-09-23T08:35:14.730Z
908,thunder-punch,11.1,https://op.gg/pokemon-champions/pokedex/meowscarada,2026-09-23T08:35:14.730Z
908,toxic-spikes,7.3,https://op.gg/pokemon-champions/pokedex/meowscarada,2026-09-23T08:35:14.730Z
908,play-rough,7.1,https://op.gg/pokemon-champions/pokedex/meowscarada,2026-09-23T08:35:14.730Z
908,low-kick,4,https://op.gg/pokemon-champions/pokedex/meowscarada,2026-09-23T08:35:14.730Z
908,throat-chop,4,https://op.gg/pokemon-champions/pokedex/meowscarada,2026-09-23T08:35:14.730Z
911,torch-song,99.1,https://op.gg/pokemon-champions/pokedex/skeledirge,2026-09-23T08:35:14.730Z
911,slack-off,93.8,https://op.gg/pokemon-champions/pokedex/skeledirge,2026-09-23T08:35:14.730Z
911,will-o-wisp,80.9,https://op.gg/pokemon-champions/pokedex/skeledirge,2026-09-23T08:35:14.730Z
911,shadow-ball,54.4,https://op.gg/pokemon-champions/pokedex/skeledirge,2026-09-23T08:35:14.730Z
911,hex,34.6,https://op.gg/pokemon-champions/pokedex/skeledirge,2026-09-23T08:35:14.730Z
911,yawn,16.7,https://op.gg/pokemon-champions/pokedex/skeledirge,2026-09-23T08:35:14.730Z
911,protect,4,https://op.gg/pokemon-champions/pokedex/skeledirge,2026-09-23T08:35:14.730Z
911,alluring-voice,3.9,https://op.gg/pokemon-champions/pokedex/skeledirge,2026-09-23T08:35:14.730Z
911,earth-power,3.1,https://op.gg/pokemon-champions/pokedex/skeledirge,2026-09-23T08:35:14.730Z
911,burn-up,2.3,https://op.gg/pokemon-champions/pokedex/skeledirge,2026-09-23T08:35:14.730Z
914,aqua-step,96.6,https://op.gg/pokemon-champions/pokedex/quaquaval,2026-09-23T08:35:14.730Z
914,close-combat,83.2,https://op.gg/pokemon-champions/pokedex/quaquaval,2026-09-23T08:35:14.730Z
914,triple-axel,53.2,https://op.gg/pokemon-champions/pokedex/quaquaval,2026-09-23T08:35:14.730Z
914,aqua-jet,38,https://op.gg/pokemon-champions/pokedex/quaquaval,2026-09-23T08:35:14.730Z
914,ice-spinner,28.3,https://op.gg/pokemon-champions/pokedex/quaquaval,2026-09-23T08:35:14.730Z
914,swords-dance,13.9,https://op.gg/pokemon-champions/pokedex/quaquaval,2026-09-23T08:35:14.730Z
914,encore,11.1,https://op.gg/pokemon-champions/pokedex/quaquaval,2026-09-23T08:35:14.730Z
914,rapid-spin,7.9,https://op.gg/pokemon-champions/pokedex/quaquaval,2026-09-23T08:35:14.730Z
914,knock-off,7.2,https://op.gg/pokemon-champions/pokedex/quaquaval,2026-09-23T08:35:14.730Z
914,upper-hand,6.4,https://op.gg/pokemon-champions/pokedex/quaquaval,2026-09-23T08:35:14.730Z
923,double-shock,93.9,https://op.gg/pokemon-champions/pokedex/pawmot,2026-09-23T08:35:14.730Z
923,revival-blessing,88.8,https://op.gg/pokemon-champions/pokedex/pawmot,2026-09-23T08:35:14.730Z
923,ice-punch,68,https://op.gg/pokemon-champions/pokedex/pawmot,2026-09-23T08:35:14.730Z
923,close-combat,59.1,https://op.gg/pokemon-champions/pokedex/pawmot,2026-09-23T08:35:14.730Z
923,mach-punch,53.2,https://op.gg/pokemon-champions/pokedex/pawmot,2026-09-23T08:35:14.730Z
923,nuzzle,14,https://op.gg/pokemon-champions/pokedex/pawmot,2026-09-23T08:35:14.730Z
923,fire-punch,5.5,https://op.gg/pokemon-champions/pokedex/pawmot,2026-09-23T08:35:14.730Z
923,encore,4.2,https://op.gg/pokemon-champions/pokedex/pawmot,2026-09-23T08:35:14.730Z
923,fake-out,4.2,https://op.gg/pokemon-champions/pokedex/pawmot,2026-09-23T08:35:14.730Z
923,thunder-punch,2,https://op.gg/pokemon-champions/pokedex/pawmot,2026-09-23T08:35:14.730Z
930,giga-drain,75.6,https://op.gg/pokemon-champions/pokedex/arboliva,2026-09-23T08:35:14.730Z
930,earth-power,65.1,https://op.gg/pokemon-champions/pokedex/arboliva,2026-09-23T08:35:14.730Z
930,strength-sap,56,https://op.gg/pokemon-champions/pokedex/arboliva,2026-09-23T08:35:14.730Z
930,leech-seed,48.6,https://op.gg/pokemon-champions/pokedex/arboliva,2026-09-23T08:35:14.730Z
930,encore,31.1,https://op.gg/pokemon-champions/pokedex/arboliva,2026-09-23T08:35:14.730Z
930,memento,30.3,https://op.gg/pokemon-champions/pokedex/arboliva,2026-09-23T08:35:14.730Z
930,mirror-coat,24.5,https://op.gg/pokemon-champions/pokedex/arboliva,2026-09-23T08:35:14.730Z
930,alluring-voice,17.7,https://op.gg/pokemon-champions/pokedex/arboliva,2026-09-23T08:35:14.730Z
930,protect,9.9,https://op.gg/pokemon-champions/pokedex/arboliva,2026-09-23T08:35:14.730Z
930,energy-ball,7.3,https://op.gg/pokemon-champions/pokedex/arboliva,2026-09-23T08:35:14.730Z
931,brave-bird,72.1,https://op.gg/pokemon-champions/pokedex/squawkabilly-green-plumage,2026-09-23T08:35:14.730Z
931,final-gambit,68.2,https://op.gg/pokemon-champions/pokedex/squawkabilly-green-plumage,2026-09-23T08:35:14.730Z
931,parting-shot,61.1,https://op.gg/pokemon-champions/pokedex/squawkabilly-green-plumage,2026-09-23T08:35:14.730Z
931,u-turn,54.6,https://op.gg/pokemon-champions/pokedex/squawkabilly-green-plumage,2026-09-23T08:35:14.730Z
931,foul-play,23.7,https://op.gg/pokemon-champions/pokedex/squawkabilly-green-plumage,2026-09-23T08:35:14.730Z
931,tailwind,18.7,https://op.gg/pokemon-champions/pokedex/squawkabilly-green-plumage,2026-09-23T08:35:14.730Z
931,quick-attack,18.1,https://op.gg/pokemon-champions/pokedex/squawkabilly-green-plumage,2026-09-23T08:35:14.730Z
931,taunt,15.4,https://op.gg/pokemon-champions/pokedex/squawkabilly-green-plumage,2026-09-23T08:35:14.730Z
931,double-edge,13.4,https://op.gg/pokemon-champions/pokedex/squawkabilly-green-plumage,2026-09-23T08:35:14.730Z
931,seed-bomb,7.3,https://op.gg/pokemon-champions/pokedex/squawkabilly-green-plumage,2026-09-23T08:35:14.730Z
934,salt-cure,89.1,https://op.gg/pokemon-champions/pokedex/garganacl,2026-09-23T08:35:14.730Z
934,recover,86.1,https://op.gg/pokemon-champions/pokedex/garganacl,2026-09-23T08:35:14.730Z
934,iron-defense,56.1,https://op.gg/pokemon-champions/pokedex/garganacl,2026-09-23T08:35:14.730Z
934,body-press,49.9,https://op.gg/pokemon-champions/pokedex/garganacl,2026-09-23T08:35:14.730Z
934,stealth-rock,22.4,https://op.gg/pokemon-champions/pokedex/garganacl,2026-09-23T08:35:14.730Z
934,protect,21.2,https://op.gg/pokemon-champions/pokedex/garganacl,2026-09-23T08:35:14.730Z
934,fissure,13.9,https://op.gg/pokemon-champions/pokedex/garganacl,2026-09-23T08:35:14.730Z
934,earthquake,8.6,https://op.gg/pokemon-champions/pokedex/garganacl,2026-09-23T08:35:14.730Z
934,explosion,6.7,https://op.gg/pokemon-champions/pokedex/garganacl,2026-09-23T08:35:14.730Z
934,smack-down,4.7,https://op.gg/pokemon-champions/pokedex/garganacl,2026-09-23T08:35:14.730Z
936,armor-cannon,98.3,https://op.gg/pokemon-champions/pokedex/armarouge,2026-09-23T08:35:14.730Z
936,expanding-force,85.5,https://op.gg/pokemon-champions/pokedex/armarouge,2026-09-23T08:35:14.730Z
936,destiny-bond,67.8,https://op.gg/pokemon-champions/pokedex/armarouge,2026-09-23T08:35:14.730Z
936,aura-sphere,30.6,https://op.gg/pokemon-champions/pokedex/armarouge,2026-09-23T08:35:14.730Z
936,endure,29.5,https://op.gg/pokemon-champions/pokedex/armarouge,2026-09-23T08:35:14.730Z
936,psychic-terrain,13.1,https://op.gg/pokemon-champions/pokedex/armarouge,2026-09-23T08:35:14.730Z
936,psychic,11.3,https://op.gg/pokemon-champions/pokedex/armarouge,2026-09-23T08:35:14.730Z
936,calm-mind,10.7,https://op.gg/pokemon-champions/pokedex/armarouge,2026-09-23T08:35:14.730Z
936,energy-ball,10.4,https://op.gg/pokemon-champions/pokedex/armarouge,2026-09-23T08:35:14.730Z
936,shadow-ball,8.4,https://op.gg/pokemon-champions/pokedex/armarouge,2026-09-23T08:35:14.730Z
937,bitter-blade,96.6,https://op.gg/pokemon-champions/pokedex/ceruledge,2026-09-23T08:35:14.730Z
937,shadow-sneak,90.2,https://op.gg/pokemon-champions/pokedex/ceruledge,2026-09-23T08:35:14.730Z
937,poltergeist,80.5,https://op.gg/pokemon-champions/pokedex/ceruledge,2026-09-23T08:35:14.730Z
937,swords-dance,63.6,https://op.gg/pokemon-champions/pokedex/ceruledge,2026-09-23T08:35:14.730Z
937,close-combat,26.9,https://op.gg/pokemon-champions/pokedex/ceruledge,2026-09-23T08:35:14.730Z
937,destiny-bond,12.5,https://op.gg/pokemon-champions/pokedex/ceruledge,2026-09-23T08:35:14.730Z
937,bulk-up,9.2,https://op.gg/pokemon-champions/pokedex/ceruledge,2026-09-23T08:35:14.730Z
937,will-o-wisp,3.5,https://op.gg/pokemon-champions/pokedex/ceruledge,2026-09-23T08:35:14.730Z
937,shadow-claw,2,https://op.gg/pokemon-champions/pokedex/ceruledge,2026-09-23T08:35:14.730Z
937,taunt,1.9,https://op.gg/pokemon-champions/pokedex/ceruledge,2026-09-23T08:35:14.730Z
939,soak,92.4,https://op.gg/pokemon-champions/pokedex/bellibolt,2026-09-23T08:35:14.730Z
939,slack-off,85.5,https://op.gg/pokemon-champions/pokedex/bellibolt,2026-09-23T08:35:14.730Z
939,toxic,73.1,https://op.gg/pokemon-champions/pokedex/bellibolt,2026-09-23T08:35:14.730Z
939,parabolic-charge,70.9,https://op.gg/pokemon-champions/pokedex/bellibolt,2026-09-23T08:35:14.730Z
939,volt-switch,58.6,https://op.gg/pokemon-champions/pokedex/bellibolt,2026-09-23T08:35:14.730Z
939,protect,3.7,https://op.gg/pokemon-champions/pokedex/bellibolt,2026-09-23T08:35:14.730Z
939,sucker-punch,3.1,https://op.gg/pokemon-champions/pokedex/bellibolt,2026-09-23T08:35:14.730Z
939,acid-spray,2.9,https://op.gg/pokemon-champions/pokedex/bellibolt,2026-09-23T08:35:14.730Z
939,thunderbolt,1.6,https://op.gg/pokemon-champions/pokedex/bellibolt,2026-09-23T08:35:14.730Z
939,reflect,1.2,https://op.gg/pokemon-champions/pokedex/bellibolt,2026-09-23T08:35:14.730Z
943,jaw-lock,79.1,https://op.gg/pokemon-champions/pokedex/mabosstiff,2026-09-23T08:35:14.730Z
943,curse,40.6,https://op.gg/pokemon-champions/pokedex/mabosstiff,2026-09-23T08:35:14.730Z
943,destiny-bond,29.3,https://op.gg/pokemon-champions/pokedex/mabosstiff,2026-09-23T08:35:14.730Z
943,taunt,27,https://op.gg/pokemon-champions/pokedex/mabosstiff,2026-09-23T08:35:14.730Z
943,ice-fang,24.9,https://op.gg/pokemon-champions/pokedex/mabosstiff,2026-09-23T08:35:14.730Z
943,play-rough,24.6,https://op.gg/pokemon-champions/pokedex/mabosstiff,2026-09-23T08:35:14.730Z
943,rest,23,https://op.gg/pokemon-champions/pokedex/mabosstiff,2026-09-23T08:35:14.730Z
943,substitute,22.4,https://op.gg/pokemon-champions/pokedex/mabosstiff,2026-09-23T08:35:14.730Z
943,comeuppance,19.4,https://op.gg/pokemon-champions/pokedex/mabosstiff,2026-09-23T08:35:14.730Z
943,psychic-fangs,18.9,https://op.gg/pokemon-champions/pokedex/mabosstiff,2026-09-23T08:35:14.730Z
952,protect,85.4,https://op.gg/pokemon-champions/pokedex/scovillain,2026-09-23T08:35:14.730Z
952,leech-seed,81.8,https://op.gg/pokemon-champions/pokedex/scovillain,2026-09-23T08:35:14.730Z
952,giga-drain,72.9,https://op.gg/pokemon-champions/pokedex/scovillain,2026-09-23T08:35:14.730Z
952,flamethrower,71.8,https://op.gg/pokemon-champions/pokedex/scovillain,2026-09-23T08:35:14.730Z
952,leaf-storm,24.9,https://op.gg/pokemon-champions/pokedex/scovillain,2026-09-23T08:35:14.730Z
952,burning-jealousy,15,https://op.gg/pokemon-champions/pokedex/scovillain,2026-09-23T08:35:14.730Z
952,substitute,12.7,https://op.gg/pokemon-champions/pokedex/scovillain,2026-09-23T08:35:14.730Z
952,overheat,9.3,https://op.gg/pokemon-champions/pokedex/scovillain,2026-09-23T08:35:14.730Z
952,super-fang,4.2,https://op.gg/pokemon-champions/pokedex/scovillain,2026-09-23T08:35:14.730Z
952,fire-spin,3.3,https://op.gg/pokemon-champions/pokedex/scovillain,2026-09-23T08:35:14.730Z
956,protect,77.6,https://op.gg/pokemon-champions/pokedex/espathra,2026-09-23T08:35:14.730Z
956,lumina-crash,74,https://op.gg/pokemon-champions/pokedex/espathra,2026-09-23T08:35:14.730Z
956,baton-pass,70,https://op.gg/pokemon-champions/pokedex/espathra,2026-09-23T08:35:14.730Z
956,calm-mind,68.4,https://op.gg/pokemon-champions/pokedex/espathra,2026-09-23T08:35:14.730Z
956,dazzling-gleam,29.5,https://op.gg/pokemon-champions/pokedex/espathra,2026-09-23T08:35:14.730Z
956,shadow-ball,20.5,https://op.gg/pokemon-champions/pokedex/espathra,2026-09-23T08:35:14.730Z
956,stored-power,18.6,https://op.gg/pokemon-champions/pokedex/espathra,2026-09-23T08:35:14.730Z
956,roost,9.4,https://op.gg/pokemon-champions/pokedex/espathra,2026-09-23T08:35:14.730Z
956,substitute,8.2,https://op.gg/pokemon-champions/pokedex/espathra,2026-09-23T08:35:14.730Z
956,reflect,5.3,https://op.gg/pokemon-champions/pokedex/espathra,2026-09-23T08:35:14.730Z
959,gigaton-hammer,91,https://op.gg/pokemon-champions/pokedex/tinkaton,2026-09-23T08:35:14.730Z
959,encore,69.9,https://op.gg/pokemon-champions/pokedex/tinkaton,2026-09-23T08:35:14.730Z
959,stealth-rock,68.5,https://op.gg/pokemon-champions/pokedex/tinkaton,2026-09-23T08:35:14.730Z
959,thunder-wave,37.9,https://op.gg/pokemon-champions/pokedex/tinkaton,2026-09-23T08:35:14.730Z
959,play-rough,36.2,https://op.gg/pokemon-champions/pokedex/tinkaton,2026-09-23T08:35:14.730Z
959,knock-off,24.6,https://op.gg/pokemon-champions/pokedex/tinkaton,2026-09-23T08:35:14.730Z
959,ice-hammer,11.7,https://op.gg/pokemon-champions/pokedex/tinkaton,2026-09-23T08:35:14.730Z
959,swords-dance,10.2,https://op.gg/pokemon-champions/pokedex/tinkaton,2026-09-23T08:35:14.730Z
959,fake-out,7,https://op.gg/pokemon-champions/pokedex/tinkaton,2026-09-23T08:35:14.730Z
959,rock-tomb,6.7,https://op.gg/pokemon-champions/pokedex/tinkaton,2026-09-23T08:35:14.730Z
964,jet-punch,78.5,https://op.gg/pokemon-champions/pokedex/palafin,2026-09-23T08:35:14.730Z
964,ice-punch,63.8,https://op.gg/pokemon-champions/pokedex/palafin,2026-09-23T08:35:14.730Z
964,wave-crash,63.5,https://op.gg/pokemon-champions/pokedex/palafin,2026-09-23T08:35:14.730Z
964,flip-turn,62.2,https://op.gg/pokemon-champions/pokedex/palafin,2026-09-23T08:35:14.730Z
964,close-combat,41.7,https://op.gg/pokemon-champions/pokedex/palafin,2026-09-23T08:35:14.730Z
964,drain-punch,33.1,https://op.gg/pokemon-champions/pokedex/palafin,2026-09-23T08:35:14.730Z
964,bulk-up,20.7,https://op.gg/pokemon-champions/pokedex/palafin,2026-09-23T08:35:14.730Z
964,substitute,6.2,https://op.gg/pokemon-champions/pokedex/palafin,2026-09-23T08:35:14.730Z
964,taunt,4.6,https://op.gg/pokemon-champions/pokedex/palafin,2026-09-23T08:35:14.730Z
964,encore,3.2,https://op.gg/pokemon-champions/pokedex/palafin,2026-09-23T08:35:14.730Z
968,shed-tail,89,https://op.gg/pokemon-champions/pokedex/orthworm,2026-09-23T08:35:14.730Z
968,body-press,81.1,https://op.gg/pokemon-champions/pokedex/orthworm,2026-09-23T08:35:14.730Z
968,stealth-rock,66.6,https://op.gg/pokemon-champions/pokedex/orthworm,2026-09-23T08:35:14.730Z
968,heavy-slam,40.7,https://op.gg/pokemon-champions/pokedex/orthworm,2026-09-23T08:35:14.730Z
968,iron-defense,39.3,https://op.gg/pokemon-champions/pokedex/orthworm,2026-09-23T08:35:14.730Z
968,metal-burst,29,https://op.gg/pokemon-champions/pokedex/orthworm,2026-09-23T08:35:14.730Z
968,rock-tomb,11.6,https://op.gg/pokemon-champions/pokedex/orthworm,2026-09-23T08:35:14.730Z
968,iron-head,8.4,https://op.gg/pokemon-champions/pokedex/orthworm,2026-09-23T08:35:14.730Z
968,earthquake,7.2,https://op.gg/pokemon-champions/pokedex/orthworm,2026-09-23T08:35:14.730Z
968,rest,6.5,https://op.gg/pokemon-champions/pokedex/orthworm,2026-09-23T08:35:14.730Z
970,power-gem,81,https://op.gg/pokemon-champions/pokedex/glimmora,2026-09-23T08:35:14.730Z
970,stealth-rock,68.1,https://op.gg/pokemon-champions/pokedex/glimmora,2026-09-23T08:35:14.730Z
970,earth-power,62.6,https://op.gg/pokemon-champions/pokedex/glimmora,2026-09-23T08:35:14.730Z
970,sludge-wave,51.8,https://op.gg/pokemon-champions/pokedex/glimmora,2026-09-23T08:35:14.730Z
970,mortal-spin,29,https://op.gg/pokemon-champions/pokedex/glimmora,2026-09-23T08:35:14.730Z
970,energy-ball,25.6,https://op.gg/pokemon-champions/pokedex/glimmora,2026-09-23T08:35:14.730Z
970,mud-shot,16.9,https://op.gg/pokemon-champions/pokedex/glimmora,2026-09-23T08:35:14.730Z
970,sludge-bomb,16.4,https://op.gg/pokemon-champions/pokedex/glimmora,2026-09-23T08:35:14.730Z
970,spiky-shield,9.7,https://op.gg/pokemon-champions/pokedex/glimmora,2026-09-23T08:35:14.730Z
970,toxic,9.4,https://op.gg/pokemon-champions/pokedex/glimmora,2026-09-23T08:35:14.730Z
972,last-respects,82.2,https://op.gg/pokemon-champions/pokedex/houndstone,2026-09-23T08:35:14.730Z
972,shadow-sneak,62.9,https://op.gg/pokemon-champions/pokedex/houndstone,2026-09-23T08:35:14.730Z
972,will-o-wisp,48.8,https://op.gg/pokemon-champions/pokedex/houndstone,2026-09-23T08:35:14.730Z
972,play-rough,43.7,https://op.gg/pokemon-champions/pokedex/houndstone,2026-09-23T08:35:14.730Z
972,pain-split,26.7,https://op.gg/pokemon-champions/pokedex/houndstone,2026-09-23T08:35:14.730Z
972,body-press,18,https://op.gg/pokemon-champions/pokedex/houndstone,2026-09-23T08:35:14.730Z
972,yawn,14.5,https://op.gg/pokemon-champions/pokedex/houndstone,2026-09-23T08:35:14.730Z
972,poltergeist,14.3,https://op.gg/pokemon-champions/pokedex/houndstone,2026-09-23T08:35:14.730Z
972,ice-fang,10.1,https://op.gg/pokemon-champions/pokedex/houndstone,2026-09-23T08:35:14.730Z
972,destiny-bond,9.1,https://op.gg/pokemon-champions/pokedex/houndstone,2026-09-23T08:35:14.730Z
979,rage-fist,95.6,https://op.gg/pokemon-champions/pokedex/annihilape,2026-09-23T08:35:14.730Z
979,drain-punch,83.5,https://op.gg/pokemon-champions/pokedex/annihilape,2026-09-23T08:35:14.730Z
979,bulk-up,72.4,https://op.gg/pokemon-champions/pokedex/annihilape,2026-09-23T08:35:14.730Z
979,taunt,58.8,https://op.gg/pokemon-champions/pokedex/annihilape,2026-09-23T08:35:14.730Z
979,stealth-rock,17.5,https://op.gg/pokemon-champions/pokedex/annihilape,2026-09-23T08:35:14.730Z
979,ice-punch,15.8,https://op.gg/pokemon-champions/pokedex/annihilape,2026-09-23T08:35:14.730Z
979,encore,8.8,https://op.gg/pokemon-champions/pokedex/annihilape,2026-09-23T08:35:14.730Z
979,close-combat,5,https://op.gg/pokemon-champions/pokedex/annihilape,2026-09-23T08:35:14.730Z
979,fire-punch,3.6,https://op.gg/pokemon-champions/pokedex/annihilape,2026-09-23T08:35:14.730Z
979,storm-throw,3.3,https://op.gg/pokemon-champions/pokedex/annihilape,2026-09-23T08:35:14.730Z
981,trick-room,51.3,https://op.gg/pokemon-champions/pokedex/farigiraf,2026-09-23T08:35:14.730Z
981,psychic,39.8,https://op.gg/pokemon-champions/pokedex/farigiraf,2026-09-23T08:35:14.730Z
981,thunderbolt,33.5,https://op.gg/pokemon-champions/pokedex/farigiraf,2026-09-23T08:35:14.730Z
981,dazzling-gleam,32.2,https://op.gg/pokemon-champions/pokedex/farigiraf,2026-09-23T08:35:14.730Z
981,twin-beam,26.4,https://op.gg/pokemon-champions/pokedex/farigiraf,2026-09-23T08:35:14.730Z
981,shadow-ball,21.4,https://op.gg/pokemon-champions/pokedex/farigiraf,2026-09-23T08:35:14.730Z
981,foul-play,14.8,https://op.gg/pokemon-champions/pokedex/farigiraf,2026-09-23T08:35:14.730Z
981,baton-pass,14.4,https://op.gg/pokemon-champions/pokedex/farigiraf,2026-09-23T08:35:14.730Z
981,hyper-voice,13.5,https://op.gg/pokemon-champions/pokedex/farigiraf,2026-09-23T08:35:14.730Z
981,protect,12.5,https://op.gg/pokemon-champions/pokedex/farigiraf,2026-09-23T08:35:14.730Z
983,sucker-punch,98.6,https://op.gg/pokemon-champions/pokedex/kingambit,2026-09-23T08:35:14.730Z
983,kowtow-cleave,96.4,https://op.gg/pokemon-champions/pokedex/kingambit,2026-09-23T08:35:14.730Z
983,iron-head,82.7,https://op.gg/pokemon-champions/pokedex/kingambit,2026-09-23T08:35:14.730Z
983,swords-dance,66.2,https://op.gg/pokemon-champions/pokedex/kingambit,2026-09-23T08:35:14.730Z
983,metal-burst,16.3,https://op.gg/pokemon-champions/pokedex/kingambit,2026-09-23T08:35:14.730Z
983,guillotine,11.7,https://op.gg/pokemon-champions/pokedex/kingambit,2026-09-23T08:35:14.730Z
983,low-kick,8.9,https://op.gg/pokemon-champions/pokedex/kingambit,2026-09-23T08:35:14.730Z
983,brick-break,7.3,https://op.gg/pokemon-champions/pokedex/kingambit,2026-09-23T08:35:14.730Z
983,protect,2,https://op.gg/pokemon-champions/pokedex/kingambit,2026-09-23T08:35:14.730Z
983,taunt,2,https://op.gg/pokemon-champions/pokedex/kingambit,2026-09-23T08:35:14.730Z
998,earthquake,91.2,https://op.gg/pokemon-champions/pokedex/baxcalibur,2026-09-23T08:35:14.730Z
998,ice-shard,91,https://op.gg/pokemon-champions/pokedex/baxcalibur,2026-09-23T08:35:14.730Z
998,glaive-rush,81.8,https://op.gg/pokemon-champions/pokedex/baxcalibur,2026-09-23T08:35:14.730Z
998,icicle-crash,50.4,https://op.gg/pokemon-champions/pokedex/baxcalibur,2026-09-23T08:35:14.730Z
998,swords-dance,30.8,https://op.gg/pokemon-champions/pokedex/baxcalibur,2026-09-23T08:35:14.730Z
998,dragon-dance,26.4,https://op.gg/pokemon-champions/pokedex/baxcalibur,2026-09-23T08:35:14.730Z
998,icicle-spear,15.1,https://op.gg/pokemon-champions/pokedex/baxcalibur,2026-09-23T08:35:14.730Z
998,thunder-fang,3.7,https://op.gg/pokemon-champions/pokedex/baxcalibur,2026-09-23T08:35:14.730Z
998,iron-head,2.7,https://op.gg/pokemon-champions/pokedex/baxcalibur,2026-09-23T08:35:14.730Z
998,scale-shot,1.8,https://op.gg/pokemon-champions/pokedex/baxcalibur,2026-09-23T08:35:14.730Z
1000,shadow-ball,98.7,https://op.gg/pokemon-champions/pokedex/gholdengo,2026-09-23T08:35:14.730Z
1000,make-it-rain,93.1,https://op.gg/pokemon-champions/pokedex/gholdengo,2026-09-23T08:35:14.730Z
1000,nasty-plot,84.3,https://op.gg/pokemon-champions/pokedex/gholdengo,2026-09-23T08:35:14.730Z
1000,recover,63.8,https://op.gg/pokemon-champions/pokedex/gholdengo,2026-09-23T08:35:14.730Z
1000,thunderbolt,29.4,https://op.gg/pokemon-champions/pokedex/gholdengo,2026-09-23T08:35:14.730Z
1000,trick,8.2,https://op.gg/pokemon-champions/pokedex/gholdengo,2026-09-23T08:35:14.730Z
1000,focus-blast,3.8,https://op.gg/pokemon-champions/pokedex/gholdengo,2026-09-23T08:35:14.730Z
1000,power-gem,3.8,https://op.gg/pokemon-champions/pokedex/gholdengo,2026-09-23T08:35:14.730Z
1000,substitute,2.9,https://op.gg/pokemon-champions/pokedex/gholdengo,2026-09-23T08:35:14.730Z
1000,flash-cannon,2.8,https://op.gg/pokemon-champions/pokedex/gholdengo,2026-09-23T08:35:14.730Z
1013,matcha-gotcha,94.5,https://op.gg/pokemon-champions/pokedex/sinistcha,2026-09-23T08:35:14.730Z
1013,strength-sap,89.5,https://op.gg/pokemon-champions/pokedex/sinistcha,2026-09-23T08:35:14.730Z
1013,shadow-ball,75.5,https://op.gg/pokemon-champions/pokedex/sinistcha,2026-09-23T08:35:14.730Z
1013,calm-mind,60.7,https://op.gg/pokemon-champions/pokedex/sinistcha,2026-09-23T08:35:14.730Z
1013,scald,17.7,https://op.gg/pokemon-champions/pokedex/sinistcha,2026-09-23T08:35:14.730Z
1013,trick-room,11.2,https://op.gg/pokemon-champions/pokedex/sinistcha,2026-09-23T08:35:14.730Z
1013,curse,8.1,https://op.gg/pokemon-champions/pokedex/sinistcha,2026-09-23T08:35:14.730Z
1013,protect,5.2,https://op.gg/pokemon-champions/pokedex/sinistcha,2026-09-23T08:35:14.730Z
1013,iron-defense,5,https://op.gg/pokemon-champions/pokedex/sinistcha,2026-09-23T08:35:14.730Z
1013,hex,4.4,https://op.gg/pokemon-champions/pokedex/sinistcha,2026-09-23T08:35:14.730Z
1018,draco-meteor,70.7,https://op.gg/pokemon-champions/pokedex/archaludon,2026-09-23T08:35:14.730Z
1018,flash-cannon,64.2,https://op.gg/pokemon-champions/pokedex/archaludon,2026-09-23T08:35:14.730Z
1018,stealth-rock,62.9,https://op.gg/pokemon-champions/pokedex/archaludon,2026-09-23T08:35:14.730Z
1018,thunderbolt,62.7,https://op.gg/pokemon-champions/pokedex/archaludon,2026-09-23T08:35:14.730Z
1018,roar,28.1,https://op.gg/pokemon-champions/pokedex/archaludon,2026-09-23T08:35:14.730Z
1018,dragon-tail,23.8,https://op.gg/pokemon-champions/pokedex/archaludon,2026-09-23T08:35:14.730Z
1018,aura-sphere,16.2,https://op.gg/pokemon-champions/pokedex/archaludon,2026-09-23T08:35:14.730Z
1018,electro-shot,14.8,https://op.gg/pokemon-champions/pokedex/archaludon,2026-09-23T08:35:14.730Z
1018,dark-pulse,12.3,https://op.gg/pokemon-champions/pokedex/archaludon,2026-09-23T08:35:14.730Z
1018,dragon-pulse,10.1,https://op.gg/pokemon-champions/pokedex/archaludon,2026-09-23T08:35:14.730Z
1019,fickle-beam,88.4,https://op.gg/pokemon-champions/pokedex/hydrapple,2026-09-23T08:35:14.730Z
1019,earth-power,70.7,https://op.gg/pokemon-champions/pokedex/hydrapple,2026-09-23T08:35:14.730Z
1019,giga-drain,43.9,https://op.gg/pokemon-champions/pokedex/hydrapple,2026-09-23T08:35:14.730Z
1019,recover,34.3,https://op.gg/pokemon-champions/pokedex/hydrapple,2026-09-23T08:35:14.730Z
1019,leaf-storm,30.4,https://op.gg/pokemon-champions/pokedex/hydrapple,2026-09-23T08:35:14.730Z
1019,yawn,26.5,https://op.gg/pokemon-champions/pokedex/hydrapple,2026-09-23T08:35:14.730Z
1019,sucker-punch,26,https://op.gg/pokemon-champions/pokedex/hydrapple,2026-09-23T08:35:14.730Z
1019,energy-ball,12,https://op.gg/pokemon-champions/pokedex/hydrapple,2026-09-23T08:35:14.730Z
1019,syrup-bomb,10.3,https://op.gg/pokemon-champions/pokedex/hydrapple,2026-09-23T08:35:14.730Z
1019,hydro-pump,9.7,https://op.gg/pokemon-champions/pokedex/hydrapple,2026-09-23T08:35:14.730Z
10008,overheat,97.8,https://op.gg/pokemon-champions/pokedex/rotom-heat,2026-09-23T08:35:14.730Z
10008,volt-switch,91,https://op.gg/pokemon-champions/pokedex/rotom-heat,2026-09-23T08:35:14.730Z
10008,will-o-wisp,77.5,https://op.gg/pokemon-champions/pokedex/rotom-heat,2026-09-23T08:35:14.730Z
10008,thunderbolt,39.9,https://op.gg/pokemon-champions/pokedex/rotom-heat,2026-09-23T08:35:14.730Z
10008,pain-split,33.7,https://op.gg/pokemon-champions/pokedex/rotom-heat,2026-09-23T08:35:14.730Z
10008,trick,21,https://op.gg/pokemon-champions/pokedex/rotom-heat,2026-09-23T08:35:14.730Z
10008,foul-play,9.5,https://op.gg/pokemon-champions/pokedex/rotom-heat,2026-09-23T08:35:14.730Z
10008,discharge,5.1,https://op.gg/pokemon-champions/pokedex/rotom-heat,2026-09-23T08:35:14.730Z
10008,nasty-plot,5,https://op.gg/pokemon-champions/pokedex/rotom-heat,2026-09-23T08:35:14.730Z
10008,light-screen,3.7,https://op.gg/pokemon-champions/pokedex/rotom-heat,2026-09-23T08:35:14.730Z
10009,hydro-pump,98.1,https://op.gg/pokemon-champions/pokedex/rotom-wash,2026-09-23T08:35:14.730Z
10009,volt-switch,87,https://op.gg/pokemon-champions/pokedex/rotom-wash,2026-09-23T08:35:14.730Z
10009,will-o-wisp,82.4,https://op.gg/pokemon-champions/pokedex/rotom-wash,2026-09-23T08:35:14.730Z
10009,thunderbolt,46.5,https://op.gg/pokemon-champions/pokedex/rotom-wash,2026-09-23T08:35:14.730Z
10009,pain-split,34.4,https://op.gg/pokemon-champions/pokedex/rotom-wash,2026-09-23T08:35:14.730Z
10009,trick,13.2,https://op.gg/pokemon-champions/pokedex/rotom-wash,2026-09-23T08:35:14.730Z
10009,light-screen,8.2,https://op.gg/pokemon-champions/pokedex/rotom-wash,2026-09-23T08:35:14.730Z
10009,discharge,6.9,https://op.gg/pokemon-champions/pokedex/rotom-wash,2026-09-23T08:35:14.730Z
10009,nasty-plot,4.7,https://op.gg/pokemon-champions/pokedex/rotom-wash,2026-09-23T08:35:14.730Z
10009,foul-play,3.9,https://op.gg/pokemon-champions/pokedex/rotom-wash,2026-09-23T08:35:14.730Z
10010,blizzard,94.1,https://op.gg/pokemon-champions/pokedex/rotom-frost,2026-09-23T08:35:14.730Z
10010,volt-switch,65.7,https://op.gg/pokemon-champions/pokedex/rotom-frost,2026-09-23T08:35:14.730Z
10010,thunderbolt,60.4,https://op.gg/pokemon-champions/pokedex/rotom-frost,2026-09-23T08:35:14.730Z
10010,will-o-wisp,53.9,https://op.gg/pokemon-champions/pokedex/rotom-frost,2026-09-23T08:35:14.730Z
10010,trick,29.7,https://op.gg/pokemon-champions/pokedex/rotom-frost,2026-09-23T08:35:14.730Z
10010,shadow-ball,13.9,https://op.gg/pokemon-champions/pokedex/rotom-frost,2026-09-23T08:35:14.730Z
10010,thunder,12.2,https://op.gg/pokemon-champions/pokedex/rotom-frost,2026-09-23T08:35:14.730Z
10010,pain-split,10.5,https://op.gg/pokemon-champions/pokedex/rotom-frost,2026-09-23T08:35:14.730Z
10010,nasty-plot,7.2,https://op.gg/pokemon-champions/pokedex/rotom-frost,2026-09-23T08:35:14.730Z
10010,dark-pulse,6.1,https://op.gg/pokemon-champions/pokedex/rotom-frost,2026-09-23T08:35:14.730Z
10011,air-slash,91.6,https://op.gg/pokemon-champions/pokedex/rotom-fan,2026-09-23T08:35:14.730Z
10011,volt-switch,62.2,https://op.gg/pokemon-champions/pokedex/rotom-fan,2026-09-23T08:35:14.730Z
10011,will-o-wisp,59.9,https://op.gg/pokemon-champions/pokedex/rotom-fan,2026-09-23T08:35:14.730Z
10011,thunderbolt,56.5,https://op.gg/pokemon-champions/pokedex/rotom-fan,2026-09-23T08:35:14.730Z
10011,pain-split,26.3,https://op.gg/pokemon-champions/pokedex/rotom-fan,2026-09-23T08:35:14.730Z
10011,trick,21.5,https://op.gg/pokemon-champions/pokedex/rotom-fan,2026-09-23T08:35:14.730Z
10011,discharge,15.3,https://op.gg/pokemon-champions/pokedex/rotom-fan,2026-09-23T08:35:14.730Z
10011,shadow-ball,11,https://op.gg/pokemon-champions/pokedex/rotom-fan,2026-09-23T08:35:14.730Z
10011,nasty-plot,9.6,https://op.gg/pokemon-champions/pokedex/rotom-fan,2026-09-23T08:35:14.730Z
10011,thunder-wave,8.3,https://op.gg/pokemon-champions/pokedex/rotom-fan,2026-09-23T08:35:14.730Z
10012,leaf-storm,97.5,https://op.gg/pokemon-champions/pokedex/rotom-mow,2026-09-23T08:35:14.730Z
10012,volt-switch,84.9,https://op.gg/pokemon-champions/pokedex/rotom-mow,2026-09-23T08:35:14.730Z
10012,thunderbolt,54.3,https://op.gg/pokemon-champions/pokedex/rotom-mow,2026-09-23T08:35:14.730Z
10012,will-o-wisp,51.5,https://op.gg/pokemon-champions/pokedex/rotom-mow,2026-09-23T08:35:14.730Z
10012,trick,31.6,https://op.gg/pokemon-champions/pokedex/rotom-mow,2026-09-23T08:35:14.730Z
10012,thunder,14.2,https://op.gg/pokemon-champions/pokedex/rotom-mow,2026-09-23T08:35:14.730Z
10012,shadow-ball,11.8,https://op.gg/pokemon-champions/pokedex/rotom-mow,2026-09-23T08:35:14.730Z
10012,pain-split,9.1,https://op.gg/pokemon-champions/pokedex/rotom-mow,2026-09-23T08:35:14.730Z
10012,dark-pulse,8.7,https://op.gg/pokemon-champions/pokedex/rotom-mow,2026-09-23T08:35:14.730Z
10012,thunder-wave,8.1,https://op.gg/pokemon-champions/pokedex/rotom-mow,2026-09-23T08:35:14.730Z
10013,weather-ball,91.3,https://op.gg/pokemon-champions/pokedex/castform,2026-09-23T08:35:14.730Z
10013,thunder,54.8,https://op.gg/pokemon-champions/pokedex/castform,2026-09-23T08:35:14.730Z
10013,shadow-ball,44.4,https://op.gg/pokemon-champions/pokedex/castform,2026-09-23T08:35:14.730Z
10013,future-sight,39.5,https://op.gg/pokemon-champions/pokedex/castform,2026-09-23T08:35:14.730Z
10013,scald,29,https://op.gg/pokemon-champions/pokedex/castform,2026-09-23T08:35:14.730Z
10013,flamethrower,22.5,https://op.gg/pokemon-champions/pokedex/castform,2026-09-23T08:35:14.730Z
10013,thunderbolt,22.5,https://op.gg/pokemon-champions/pokedex/castform,2026-09-23T08:35:14.730Z
10013,ice-beam,17.3,https://op.gg/pokemon-champions/pokedex/castform,2026-09-23T08:35:14.730Z
10013,thunder-wave,12.2,https://op.gg/pokemon-champions/pokedex/castform,2026-09-23T08:35:14.730Z
10013,hurricane,11.7,https://op.gg/pokemon-champions/pokedex/castform,2026-09-23T08:35:14.730Z
10014,weather-ball,91.3,https://op.gg/pokemon-champions/pokedex/castform,2026-09-23T08:35:14.730Z
10014,thunder,54.8,https://op.gg/pokemon-champions/pokedex/castform,2026-09-23T08:35:14.730Z
10014,shadow-ball,44.4,https://op.gg/pokemon-champions/pokedex/castform,2026-09-23T08:35:14.730Z
10014,future-sight,39.5,https://op.gg/pokemon-champions/pokedex/castform,2026-09-23T08:35:14.730Z
10014,scald,29,https://op.gg/pokemon-champions/pokedex/castform,2026-09-23T08:35:14.730Z
10014,flamethrower,22.5,https://op.gg/pokemon-champions/pokedex/castform,2026-09-23T08:35:14.730Z
10014,thunderbolt,22.5,https://op.gg/pokemon-champions/pokedex/castform,2026-09-23T08:35:14.730Z
10014,ice-beam,17.3,https://op.gg/pokemon-champions/pokedex/castform,2026-09-23T08:35:14.730Z
10014,thunder-wave,12.2,https://op.gg/pokemon-champions/pokedex/castform,2026-09-23T08:35:14.730Z
10014,hurricane,11.7,https://op.gg/pokemon-champions/pokedex/castform,2026-09-23T08:35:14.730Z
10015,weather-ball,91.3,https://op.gg/pokemon-champions/pokedex/castform,2026-09-23T08:35:14.730Z
10015,thunder,54.8,https://op.gg/pokemon-champions/pokedex/castform,2026-09-23T08:35:14.730Z
10015,shadow-ball,44.4,https://op.gg/pokemon-champions/pokedex/castform,2026-09-23T08:35:14.730Z
10015,future-sight,39.5,https://op.gg/pokemon-champions/pokedex/castform,2026-09-23T08:35:14.730Z
10015,scald,29,https://op.gg/pokemon-champions/pokedex/castform,2026-09-23T08:35:14.730Z
10015,flamethrower,22.5,https://op.gg/pokemon-champions/pokedex/castform,2026-09-23T08:35:14.730Z
10015,thunderbolt,22.5,https://op.gg/pokemon-champions/pokedex/castform,2026-09-23T08:35:14.730Z
10015,ice-beam,17.3,https://op.gg/pokemon-champions/pokedex/castform,2026-09-23T08:35:14.730Z
10015,thunder-wave,12.2,https://op.gg/pokemon-champions/pokedex/castform,2026-09-23T08:35:14.730Z
10015,hurricane,11.7,https://op.gg/pokemon-champions/pokedex/castform,2026-09-23T08:35:14.730Z
10025,alluring-voice,73.6,https://op.gg/pokemon-champions/pokedex/meowstic-female,2026-09-23T08:35:14.730Z
10025,psychic,58.6,https://op.gg/pokemon-champions/pokedex/meowstic-female,2026-09-23T08:35:14.730Z
10025,thunderbolt,54.5,https://op.gg/pokemon-champions/pokedex/meowstic-female,2026-09-23T08:35:14.730Z
10025,dark-pulse,47.9,https://op.gg/pokemon-champions/pokedex/meowstic-female,2026-09-23T08:35:14.730Z
10025,nasty-plot,36.6,https://op.gg/pokemon-champions/pokedex/meowstic-female,2026-09-23T08:35:14.730Z
10025,expanding-force,33.4,https://op.gg/pokemon-champions/pokedex/meowstic-female,2026-09-23T08:35:14.730Z
10025,shadow-ball,20,https://op.gg/pokemon-champions/pokedex/meowstic-female,2026-09-23T08:35:14.730Z
10025,energy-ball,11.1,https://op.gg/pokemon-champions/pokedex/meowstic-female,2026-09-23T08:35:14.730Z
10025,calm-mind,9.4,https://op.gg/pokemon-champions/pokedex/meowstic-female,2026-09-23T08:35:14.730Z
10025,fake-out,8.6,https://op.gg/pokemon-champions/pokedex/meowstic-female,2026-09-23T08:35:14.730Z
10030,poltergeist,77.8,https://op.gg/pokemon-champions/pokedex/gourgeist-small,2026-09-23T08:35:14.730Z
10030,will-o-wisp,59.8,https://op.gg/pokemon-champions/pokedex/gourgeist-small,2026-09-23T08:35:14.730Z
10030,power-whip,50.9,https://op.gg/pokemon-champions/pokedex/gourgeist-small,2026-09-23T08:35:14.730Z
10030,trick,39.2,https://op.gg/pokemon-champions/pokedex/gourgeist-small,2026-09-23T08:35:14.730Z
10030,destiny-bond,31.1,https://op.gg/pokemon-champions/pokedex/gourgeist-small,2026-09-23T08:35:14.730Z
10030,leech-seed,30.3,https://op.gg/pokemon-champions/pokedex/gourgeist-small,2026-09-23T08:35:14.730Z
10030,protect,18.1,https://op.gg/pokemon-champions/pokedex/gourgeist-small,2026-09-23T08:35:14.730Z
10030,explosion,14.5,https://op.gg/pokemon-champions/pokedex/gourgeist-small,2026-09-23T08:35:14.730Z
10030,trick-room,12.4,https://op.gg/pokemon-champions/pokedex/gourgeist-small,2026-09-23T08:35:14.730Z
10030,shadow-sneak,10.2,https://op.gg/pokemon-champions/pokedex/gourgeist-small,2026-09-23T08:35:14.730Z
10031,poltergeist,52.2,https://op.gg/pokemon-champions/pokedex/gourgeist-large,2026-09-23T08:35:14.730Z
10031,will-o-wisp,52,https://op.gg/pokemon-champions/pokedex/gourgeist-large,2026-09-23T08:35:14.730Z
10031,leech-seed,45,https://op.gg/pokemon-champions/pokedex/gourgeist-large,2026-09-23T08:35:14.730Z
10031,power-whip,43.6,https://op.gg/pokemon-champions/pokedex/gourgeist-large,2026-09-23T08:35:14.730Z
10031,trick-room,35.9,https://op.gg/pokemon-champions/pokedex/gourgeist-large,2026-09-23T08:35:14.730Z
10031,explosion,30.7,https://op.gg/pokemon-champions/pokedex/gourgeist-large,2026-09-23T08:35:14.730Z
10031,protect,24.8,https://op.gg/pokemon-champions/pokedex/gourgeist-large,2026-09-23T08:35:14.730Z
10031,destiny-bond,24.4,https://op.gg/pokemon-champions/pokedex/gourgeist-large,2026-09-23T08:35:14.730Z
10031,curse,20.2,https://op.gg/pokemon-champions/pokedex/gourgeist-large,2026-09-23T08:35:14.730Z
10031,shadow-sneak,7.3,https://op.gg/pokemon-champions/pokedex/gourgeist-large,2026-09-23T08:35:14.730Z
10032,will-o-wisp,57.4,https://op.gg/pokemon-champions/pokedex/gourgeist-super,2026-09-23T08:35:14.730Z
10032,poltergeist,50.4,https://op.gg/pokemon-champions/pokedex/gourgeist-super,2026-09-23T08:35:14.730Z
10032,trick-room,45.9,https://op.gg/pokemon-champions/pokedex/gourgeist-super,2026-09-23T08:35:14.730Z
10032,leech-seed,44.2,https://op.gg/pokemon-champions/pokedex/gourgeist-super,2026-09-23T08:35:14.730Z
10032,power-whip,43.8,https://op.gg/pokemon-champions/pokedex/gourgeist-super,2026-09-23T08:35:14.730Z
10032,explosion,34.2,https://op.gg/pokemon-champions/pokedex/gourgeist-super,2026-09-23T08:35:14.730Z
10032,curse,23.7,https://op.gg/pokemon-champions/pokedex/gourgeist-super,2026-09-23T08:35:14.730Z
10032,shadow-sneak,20.4,https://op.gg/pokemon-champions/pokedex/gourgeist-super,2026-09-23T08:35:14.730Z
10032,protect,19.6,https://op.gg/pokemon-champions/pokedex/gourgeist-super,2026-09-23T08:35:14.730Z
10032,destiny-bond,14.6,https://op.gg/pokemon-champions/pokedex/gourgeist-super,2026-09-23T08:35:14.730Z
10033,earth-power,78.5,https://op.gg/pokemon-champions/pokedex/mega-venusaur,2026-09-23T08:35:14.730Z
10033,giga-drain,63.9,https://op.gg/pokemon-champions/pokedex/mega-venusaur,2026-09-23T08:35:14.730Z
10033,sludge-bomb,55.9,https://op.gg/pokemon-champions/pokedex/mega-venusaur,2026-09-23T08:35:14.730Z
10033,synthesis,54.6,https://op.gg/pokemon-champions/pokedex/mega-venusaur,2026-09-23T08:35:14.730Z
10033,leech-seed,44.1,https://op.gg/pokemon-champions/pokedex/mega-venusaur,2026-09-23T08:35:14.730Z
10033,sludge-wave,26,https://op.gg/pokemon-champions/pokedex/mega-venusaur,2026-09-23T08:35:14.730Z
10033,weather-ball,16.4,https://op.gg/pokemon-champions/pokedex/mega-venusaur,2026-09-23T08:35:14.730Z
10033,sleep-powder,11.6,https://op.gg/pokemon-champions/pokedex/mega-venusaur,2026-09-23T08:35:14.730Z
10033,toxic,10.9,https://op.gg/pokemon-champions/pokedex/mega-venusaur,2026-09-23T08:35:14.730Z
10033,growth,9.8,https://op.gg/pokemon-champions/pokedex/mega-venusaur,2026-09-23T08:35:14.730Z
10034,solar-beam,71.8,https://op.gg/pokemon-champions/pokedex/mega-charizard-x,2026-09-23T08:35:14.730Z
10034,flamethrower,52.9,https://op.gg/pokemon-champions/pokedex/mega-charizard-x,2026-09-23T08:35:14.730Z
10034,air-slash,37,https://op.gg/pokemon-champions/pokedex/mega-charizard-x,2026-09-23T08:35:14.730Z
10034,dragon-pulse,33.5,https://op.gg/pokemon-champions/pokedex/mega-charizard-x,2026-09-23T08:35:14.730Z
10034,roost,28.8,https://op.gg/pokemon-champions/pokedex/mega-charizard-x,2026-09-23T08:35:14.730Z
10034,flare-blitz,23.6,https://op.gg/pokemon-champions/pokedex/mega-charizard-x,2026-09-23T08:35:14.730Z
10034,flame-charge,21.5,https://op.gg/pokemon-champions/pokedex/mega-charizard-x,2026-09-23T08:35:14.730Z
10034,weather-ball,17.9,https://op.gg/pokemon-champions/pokedex/mega-charizard-x,2026-09-23T08:35:14.730Z
10034,overheat,16.8,https://op.gg/pokemon-champions/pokedex/mega-charizard-x,2026-09-23T08:35:14.730Z
10034,dragon-dance,16.7,https://op.gg/pokemon-champions/pokedex/mega-charizard-x,2026-09-23T08:35:14.730Z
10035,solar-beam,71.8,https://op.gg/pokemon-champions/pokedex/mega-charizard-y,2026-09-23T08:35:14.730Z
10035,flamethrower,52.9,https://op.gg/pokemon-champions/pokedex/mega-charizard-y,2026-09-23T08:35:14.730Z
10035,air-slash,37,https://op.gg/pokemon-champions/pokedex/mega-charizard-y,2026-09-23T08:35:14.730Z
10035,dragon-pulse,33.5,https://op.gg/pokemon-champions/pokedex/mega-charizard-y,2026-09-23T08:35:14.730Z
10035,roost,28.8,https://op.gg/pokemon-champions/pokedex/mega-charizard-y,2026-09-23T08:35:14.730Z
10035,flare-blitz,23.6,https://op.gg/pokemon-champions/pokedex/mega-charizard-y,2026-09-23T08:35:14.730Z
10035,flame-charge,21.5,https://op.gg/pokemon-champions/pokedex/mega-charizard-y,2026-09-23T08:35:14.730Z
10035,weather-ball,17.9,https://op.gg/pokemon-champions/pokedex/mega-charizard-y,2026-09-23T08:35:14.730Z
10035,overheat,16.8,https://op.gg/pokemon-champions/pokedex/mega-charizard-y,2026-09-23T08:35:14.730Z
10035,dragon-dance,16.7,https://op.gg/pokemon-champions/pokedex/mega-charizard-y,2026-09-23T08:35:14.730Z
10036,shell-smash,90.9,https://op.gg/pokemon-champions/pokedex/mega-blastoise,2026-09-23T08:35:14.730Z
10036,aura-sphere,86.6,https://op.gg/pokemon-champions/pokedex/mega-blastoise,2026-09-23T08:35:14.730Z
10036,dark-pulse,82.3,https://op.gg/pokemon-champions/pokedex/mega-blastoise,2026-09-23T08:35:14.730Z
10036,terrain-pulse,74.9,https://op.gg/pokemon-champions/pokedex/mega-blastoise,2026-09-23T08:35:14.730Z
10036,water-pulse,22.8,https://op.gg/pokemon-champions/pokedex/mega-blastoise,2026-09-23T08:35:14.730Z
10036,ice-beam,20.9,https://op.gg/pokemon-champions/pokedex/mega-blastoise,2026-09-23T08:35:14.730Z
10036,dragon-pulse,5.4,https://op.gg/pokemon-champions/pokedex/mega-blastoise,2026-09-23T08:35:14.730Z
10036,water-spout,4.1,https://op.gg/pokemon-champions/pokedex/mega-blastoise,2026-09-23T08:35:14.730Z
10036,surf,2.8,https://op.gg/pokemon-champions/pokedex/mega-blastoise,2026-09-23T08:35:14.730Z
10036,aqua-jet,2.3,https://op.gg/pokemon-champions/pokedex/mega-blastoise,2026-09-23T08:35:14.730Z
10037,expanding-force,80.2,https://op.gg/pokemon-champions/pokedex/mega-alakazam,2026-09-23T08:35:14.730Z
10037,shadow-ball,79.3,https://op.gg/pokemon-champions/pokedex/mega-alakazam,2026-09-23T08:35:14.730Z
10037,focus-blast,61.7,https://op.gg/pokemon-champions/pokedex/mega-alakazam,2026-09-23T08:35:14.730Z
10037,dazzling-gleam,45.8,https://op.gg/pokemon-champions/pokedex/mega-alakazam,2026-09-23T08:35:14.730Z
10037,encore,28.3,https://op.gg/pokemon-champions/pokedex/mega-alakazam,2026-09-23T08:35:14.730Z
10037,nasty-plot,26.9,https://op.gg/pokemon-champions/pokedex/mega-alakazam,2026-09-23T08:35:14.730Z
10037,psychic,19.4,https://op.gg/pokemon-champions/pokedex/mega-alakazam,2026-09-23T08:35:14.730Z
10037,calm-mind,17,https://op.gg/pokemon-champions/pokedex/mega-alakazam,2026-09-23T08:35:14.730Z
10037,energy-ball,12.8,https://op.gg/pokemon-champions/pokedex/mega-alakazam,2026-09-23T08:35:14.730Z
10037,substitute,5.3,https://op.gg/pokemon-champions/pokedex/mega-alakazam,2026-09-23T08:35:14.730Z
10038,shadow-ball,85.6,https://op.gg/pokemon-champions/pokedex/mega-gengar,2026-09-23T08:35:14.730Z
10038,sludge-wave,68.9,https://op.gg/pokemon-champions/pokedex/mega-gengar,2026-09-23T08:35:14.730Z
10038,destiny-bond,62.3,https://op.gg/pokemon-champions/pokedex/mega-gengar,2026-09-23T08:35:14.730Z
10038,protect,42.3,https://op.gg/pokemon-champions/pokedex/mega-gengar,2026-09-23T08:35:14.730Z
10038,icy-wind,30.6,https://op.gg/pokemon-champions/pokedex/mega-gengar,2026-09-23T08:35:14.730Z
10038,perish-song,25.2,https://op.gg/pokemon-champions/pokedex/mega-gengar,2026-09-23T08:35:14.730Z
10038,hex,10.3,https://op.gg/pokemon-champions/pokedex/mega-gengar,2026-09-23T08:35:14.730Z
10038,focus-blast,9.9,https://op.gg/pokemon-champions/pokedex/mega-gengar,2026-09-23T08:35:14.730Z
10038,will-o-wisp,9.1,https://op.gg/pokemon-champions/pokedex/mega-gengar,2026-09-23T08:35:14.730Z
10038,sludge-bomb,9,https://op.gg/pokemon-champions/pokedex/mega-gengar,2026-09-23T08:35:14.730Z
10039,ice-punch,65.5,https://op.gg/pokemon-champions/pokedex/mega-kangaskhan,2026-09-23T08:35:14.730Z
10039,earthquake,58.1,https://op.gg/pokemon-champions/pokedex/mega-kangaskhan,2026-09-23T08:35:14.730Z
10039,sucker-punch,54.6,https://op.gg/pokemon-champions/pokedex/mega-kangaskhan,2026-09-23T08:35:14.730Z
10039,fake-out,54.1,https://op.gg/pokemon-champions/pokedex/mega-kangaskhan,2026-09-23T08:35:14.730Z
10039,double-edge,30,https://op.gg/pokemon-champions/pokedex/mega-kangaskhan,2026-09-23T08:35:14.730Z
10039,body-slam,28.5,https://op.gg/pokemon-champions/pokedex/mega-kangaskhan,2026-09-23T08:35:14.730Z
10039,fire-punch,27.9,https://op.gg/pokemon-champions/pokedex/mega-kangaskhan,2026-09-23T08:35:14.730Z
10039,drain-punch,14.6,https://op.gg/pokemon-champions/pokedex/mega-kangaskhan,2026-09-23T08:35:14.730Z
10039,last-resort,11.3,https://op.gg/pokemon-champions/pokedex/mega-kangaskhan,2026-09-23T08:35:14.730Z
10039,thunder-punch,6.9,https://op.gg/pokemon-champions/pokedex/mega-kangaskhan,2026-09-23T08:35:14.730Z
10040,quick-attack,81.8,https://op.gg/pokemon-champions/pokedex/mega-pinsir,2026-09-23T08:35:14.730Z
10040,swords-dance,56.9,https://op.gg/pokemon-champions/pokedex/mega-pinsir,2026-09-23T08:35:14.730Z
10040,storm-throw,55.9,https://op.gg/pokemon-champions/pokedex/mega-pinsir,2026-09-23T08:35:14.730Z
10040,body-slam,43.1,https://op.gg/pokemon-champions/pokedex/mega-pinsir,2026-09-23T08:35:14.730Z
10040,thrash,40.9,https://op.gg/pokemon-champions/pokedex/mega-pinsir,2026-09-23T08:35:14.730Z
10040,earthquake,37.1,https://op.gg/pokemon-champions/pokedex/mega-pinsir,2026-09-23T08:35:14.730Z
10040,guillotine,15.2,https://op.gg/pokemon-champions/pokedex/mega-pinsir,2026-09-23T08:35:14.730Z
10040,bulk-up,12.6,https://op.gg/pokemon-champions/pokedex/mega-pinsir,2026-09-23T08:35:14.730Z
10040,feint,10.1,https://op.gg/pokemon-champions/pokedex/mega-pinsir,2026-09-23T08:35:14.730Z
10040,close-combat,8.3,https://op.gg/pokemon-champions/pokedex/mega-pinsir,2026-09-23T08:35:14.730Z
10041,power-whip,67.1,https://op.gg/pokemon-champions/pokedex/mega-gyarados,2026-09-23T08:35:14.730Z
10041,waterfall,56.6,https://op.gg/pokemon-champions/pokedex/mega-gyarados,2026-09-23T08:35:14.730Z
10041,avalanche,56.3,https://op.gg/pokemon-champions/pokedex/mega-gyarados,2026-09-23T08:35:14.730Z
10041,taunt,52.3,https://op.gg/pokemon-champions/pokedex/mega-gyarados,2026-09-23T08:35:14.730Z
10041,earthquake,45.7,https://op.gg/pokemon-champions/pokedex/mega-gyarados,2026-09-23T08:35:14.730Z
10041,temper-flare,38.4,https://op.gg/pokemon-champions/pokedex/mega-gyarados,2026-09-23T08:35:14.730Z
10041,dragon-dance,30.9,https://op.gg/pokemon-champions/pokedex/mega-gyarados,2026-09-23T08:35:14.730Z
10041,ice-fang,26.5,https://op.gg/pokemon-champions/pokedex/mega-gyarados,2026-09-23T08:35:14.730Z
10041,thunder-wave,7.3,https://op.gg/pokemon-champions/pokedex/mega-gyarados,2026-09-23T08:35:14.730Z
10041,crunch,6,https://op.gg/pokemon-champions/pokedex/mega-gyarados,2026-09-23T08:35:14.730Z
10042,dual-wingbeat,68.2,https://op.gg/pokemon-champions/pokedex/mega-aerodactyl,2026-09-23T08:35:14.730Z
10042,ice-fang,50.4,https://op.gg/pokemon-champions/pokedex/mega-aerodactyl,2026-09-23T08:35:14.730Z
10042,rock-slide,49.2,https://op.gg/pokemon-champions/pokedex/mega-aerodactyl,2026-09-23T08:35:14.730Z
10042,earthquake,48.7,https://op.gg/pokemon-champions/pokedex/mega-aerodactyl,2026-09-23T08:35:14.730Z
10042,taunt,27.1,https://op.gg/pokemon-champions/pokedex/mega-aerodactyl,2026-09-23T08:35:14.730Z
10042,dragon-dance,24.1,https://op.gg/pokemon-champions/pokedex/mega-aerodactyl,2026-09-23T08:35:14.730Z
10042,stone-edge,19.7,https://op.gg/pokemon-champions/pokedex/mega-aerodactyl,2026-09-23T08:35:14.730Z
10042,stealth-rock,18.8,https://op.gg/pokemon-champions/pokedex/mega-aerodactyl,2026-09-23T08:35:14.730Z
10042,fire-fang,12.8,https://op.gg/pokemon-champions/pokedex/mega-aerodactyl,2026-09-23T08:35:14.730Z
10042,tailwind,10.4,https://op.gg/pokemon-champions/pokedex/mega-aerodactyl,2026-09-23T08:35:14.730Z
10045,dragon-pulse,87.8,https://op.gg/pokemon-champions/pokedex/mega-ampharos,2026-09-23T08:35:14.730Z
10045,parabolic-charge,62.8,https://op.gg/pokemon-champions/pokedex/mega-ampharos,2026-09-23T08:35:14.730Z
10045,cotton-guard,56.8,https://op.gg/pokemon-champions/pokedex/mega-ampharos,2026-09-23T08:35:14.730Z
10045,thunderbolt,47.8,https://op.gg/pokemon-champions/pokedex/mega-ampharos,2026-09-23T08:35:14.730Z
10045,power-gem,30.8,https://op.gg/pokemon-champions/pokedex/mega-ampharos,2026-09-23T08:35:14.730Z
10045,focus-blast,29.9,https://op.gg/pokemon-champions/pokedex/mega-ampharos,2026-09-23T08:35:14.730Z
10045,charge,24,https://op.gg/pokemon-champions/pokedex/mega-ampharos,2026-09-23T08:35:14.730Z
10045,volt-switch,15.4,https://op.gg/pokemon-champions/pokedex/mega-ampharos,2026-09-23T08:35:14.730Z
10045,dazzling-gleam,12.1,https://op.gg/pokemon-champions/pokedex/mega-ampharos,2026-09-23T08:35:14.730Z
10045,thunder,3.8,https://op.gg/pokemon-champions/pokedex/mega-ampharos,2026-09-23T08:35:14.730Z
10046,bullet-punch,99.6,https://op.gg/pokemon-champions/pokedex/mega-scizor,2026-09-23T08:35:14.730Z
10046,swords-dance,62.1,https://op.gg/pokemon-champions/pokedex/mega-scizor,2026-09-23T08:35:14.730Z
10046,u-turn,58.4,https://op.gg/pokemon-champions/pokedex/mega-scizor,2026-09-23T08:35:14.730Z
10046,roost,55.5,https://op.gg/pokemon-champions/pokedex/mega-scizor,2026-09-23T08:35:14.730Z
10046,knock-off,36.9,https://op.gg/pokemon-champions/pokedex/mega-scizor,2026-09-23T08:35:14.730Z
10046,close-combat,34.9,https://op.gg/pokemon-champions/pokedex/mega-scizor,2026-09-23T08:35:14.730Z
10046,dual-wingbeat,11.4,https://op.gg/pokemon-champions/pokedex/mega-scizor,2026-09-23T08:35:14.730Z
10046,curse,8.5,https://op.gg/pokemon-champions/pokedex/mega-scizor,2026-09-23T08:35:14.730Z
10046,defog,6.9,https://op.gg/pokemon-champions/pokedex/mega-scizor,2026-09-23T08:35:14.730Z
10046,bug-bite,6.4,https://op.gg/pokemon-champions/pokedex/mega-scizor,2026-09-23T08:35:14.730Z
10047,rock-blast,85.6,https://op.gg/pokemon-champions/pokedex/mega-heracross,2026-09-23T08:35:14.730Z
10047,close-combat,84.1,https://op.gg/pokemon-champions/pokedex/mega-heracross,2026-09-23T08:35:14.730Z
10047,bullet-seed,78,https://op.gg/pokemon-champions/pokedex/mega-heracross,2026-09-23T08:35:14.730Z
10047,pin-missile,65.1,https://op.gg/pokemon-champions/pokedex/mega-heracross,2026-09-23T08:35:14.730Z
10047,earthquake,46.1,https://op.gg/pokemon-champions/pokedex/mega-heracross,2026-09-23T08:35:14.730Z
10047,trailblaze,12.7,https://op.gg/pokemon-champions/pokedex/mega-heracross,2026-09-23T08:35:14.730Z
10047,swords-dance,3.5,https://op.gg/pokemon-champions/pokedex/mega-heracross,2026-09-23T08:35:14.730Z
10047,megahorn,2.9,https://op.gg/pokemon-champions/pokedex/mega-heracross,2026-09-23T08:35:14.730Z
10047,feint,2.5,https://op.gg/pokemon-champions/pokedex/mega-heracross,2026-09-23T08:35:14.730Z
10047,knock-off,2.4,https://op.gg/pokemon-champions/pokedex/mega-heracross,2026-09-23T08:35:14.730Z
10048,dark-pulse,81.6,https://op.gg/pokemon-champions/pokedex/mega-houndoom,2026-09-23T08:35:14.730Z
10048,flamethrower,71.3,https://op.gg/pokemon-champions/pokedex/mega-houndoom,2026-09-23T08:35:14.730Z
10048,destiny-bond,57.4,https://op.gg/pokemon-champions/pokedex/mega-houndoom,2026-09-23T08:35:14.730Z
10048,sucker-punch,40.8,https://op.gg/pokemon-champions/pokedex/mega-houndoom,2026-09-23T08:35:14.730Z
10048,counter,22.2,https://op.gg/pokemon-champions/pokedex/mega-houndoom,2026-09-23T08:35:14.730Z
10048,sludge-bomb,20.1,https://op.gg/pokemon-champions/pokedex/mega-houndoom,2026-09-23T08:35:14.730Z
10048,overheat,17.2,https://op.gg/pokemon-champions/pokedex/mega-houndoom,2026-09-23T08:35:14.730Z
10048,nasty-plot,11.2,https://op.gg/pokemon-champions/pokedex/mega-houndoom,2026-09-23T08:35:14.730Z
10048,solar-beam,10.2,https://op.gg/pokemon-champions/pokedex/mega-houndoom,2026-09-23T08:35:14.730Z
10048,fire-blast,9.6,https://op.gg/pokemon-champions/pokedex/mega-houndoom,2026-09-23T08:35:14.730Z
10049,knock-off,76.4,https://op.gg/pokemon-champions/pokedex/mega-tyranitar,2026-09-23T08:35:14.730Z
10049,stone-edge,45.9,https://op.gg/pokemon-champions/pokedex/mega-tyranitar,2026-09-23T08:35:14.730Z
10049,stealth-rock,44.1,https://op.gg/pokemon-champions/pokedex/mega-tyranitar,2026-09-23T08:35:14.730Z
10049,ice-punch,37.6,https://op.gg/pokemon-champions/pokedex/mega-tyranitar,2026-09-23T08:35:14.730Z
10049,earthquake,35.4,https://op.gg/pokemon-champions/pokedex/mega-tyranitar,2026-09-23T08:35:14.730Z
10049,dragon-dance,18.2,https://op.gg/pokemon-champions/pokedex/mega-tyranitar,2026-09-23T08:35:14.730Z
10049,rock-tomb,18.1,https://op.gg/pokemon-champions/pokedex/mega-tyranitar,2026-09-23T08:35:14.730Z
10049,roar,13.3,https://op.gg/pokemon-champions/pokedex/mega-tyranitar,2026-09-23T08:35:14.730Z
10049,rock-slide,10.9,https://op.gg/pokemon-champions/pokedex/mega-tyranitar,2026-09-23T08:35:14.730Z
10049,superpower,10.5,https://op.gg/pokemon-champions/pokedex/mega-tyranitar,2026-09-23T08:35:14.730Z
10050,flare-blitz,81.5,https://op.gg/pokemon-champions/pokedex/mega-blaziken,2026-09-23T08:35:14.730Z
10050,close-combat,66.4,https://op.gg/pokemon-champions/pokedex/mega-blaziken,2026-09-23T08:35:14.730Z
10050,swords-dance,43.1,https://op.gg/pokemon-champions/pokedex/mega-blaziken,2026-09-23T08:35:14.730Z
10050,thunder-punch,41.8,https://op.gg/pokemon-champions/pokedex/mega-blaziken,2026-09-23T08:35:14.730Z
10050,protect,40.8,https://op.gg/pokemon-champions/pokedex/mega-blaziken,2026-09-23T08:35:14.730Z
10050,detect,34.8,https://op.gg/pokemon-champions/pokedex/mega-blaziken,2026-09-23T08:35:14.730Z
10050,high-jump-kick,17.5,https://op.gg/pokemon-champions/pokedex/mega-blaziken,2026-09-23T08:35:14.730Z
10050,baton-pass,16.1,https://op.gg/pokemon-champions/pokedex/mega-blaziken,2026-09-23T08:35:14.730Z
10050,stone-edge,9.6,https://op.gg/pokemon-champions/pokedex/mega-blaziken,2026-09-23T08:35:14.730Z
10050,earthquake,5.5,https://op.gg/pokemon-champions/pokedex/mega-blaziken,2026-09-23T08:35:14.730Z
10051,hyper-voice,59.4,https://op.gg/pokemon-champions/pokedex/mega-gardevoir,2026-09-23T08:35:14.730Z
10051,mystical-fire,58.7,https://op.gg/pokemon-champions/pokedex/mega-gardevoir,2026-09-23T08:35:14.730Z
10051,vacuum-wave,56.7,https://op.gg/pokemon-champions/pokedex/mega-gardevoir,2026-09-23T08:35:14.730Z
10051,moonblast,38.7,https://op.gg/pokemon-champions/pokedex/mega-gardevoir,2026-09-23T08:35:14.730Z
10051,psychic,33.5,https://op.gg/pokemon-champions/pokedex/mega-gardevoir,2026-09-23T08:35:14.730Z
10051,thunderbolt,24,https://op.gg/pokemon-champions/pokedex/mega-gardevoir,2026-09-23T08:35:14.730Z
10051,psychic-noise,18.2,https://op.gg/pokemon-champions/pokedex/mega-gardevoir,2026-09-23T08:35:14.730Z
10051,psyshock,13.3,https://op.gg/pokemon-champions/pokedex/mega-gardevoir,2026-09-23T08:35:14.730Z
10051,expanding-force,12.5,https://op.gg/pokemon-champions/pokedex/mega-gardevoir,2026-09-23T08:35:14.730Z
10051,calm-mind,11.5,https://op.gg/pokemon-champions/pokedex/mega-gardevoir,2026-09-23T08:35:14.730Z
10052,play-rough,97.7,https://op.gg/pokemon-champions/pokedex/mega-mawile,2026-09-23T08:35:14.730Z
10052,sucker-punch,93.9,https://op.gg/pokemon-champions/pokedex/mega-mawile,2026-09-23T08:35:14.730Z
10052,fire-fang,63.3,https://op.gg/pokemon-champions/pokedex/mega-mawile,2026-09-23T08:35:14.730Z
10052,swords-dance,51.5,https://op.gg/pokemon-champions/pokedex/mega-mawile,2026-09-23T08:35:14.730Z
10052,iron-head,30,https://op.gg/pokemon-champions/pokedex/mega-mawile,2026-09-23T08:35:14.730Z
10052,thunder-punch,17.2,https://op.gg/pokemon-champions/pokedex/mega-mawile,2026-09-23T08:35:14.730Z
10052,ice-punch,16.9,https://op.gg/pokemon-champions/pokedex/mega-mawile,2026-09-23T08:35:14.730Z
10052,knock-off,10.9,https://op.gg/pokemon-champions/pokedex/mega-mawile,2026-09-23T08:35:14.730Z
10052,psychic-fangs,8.6,https://op.gg/pokemon-champions/pokedex/mega-mawile,2026-09-23T08:35:14.730Z
10052,brick-break,2.9,https://op.gg/pokemon-champions/pokedex/mega-mawile,2026-09-23T08:35:14.730Z
10053,body-press,75.8,https://op.gg/pokemon-champions/pokedex/mega-aggron,2026-09-23T08:35:14.730Z
10053,iron-defense,56.9,https://op.gg/pokemon-champions/pokedex/mega-aggron,2026-09-23T08:35:14.730Z
10053,heavy-slam,54.5,https://op.gg/pokemon-champions/pokedex/mega-aggron,2026-09-23T08:35:14.730Z
10053,metal-burst,40,https://op.gg/pokemon-champions/pokedex/mega-aggron,2026-09-23T08:35:14.730Z
10053,earthquake,25.6,https://op.gg/pokemon-champions/pokedex/mega-aggron,2026-09-23T08:35:14.730Z
10053,avalanche,19.8,https://op.gg/pokemon-champions/pokedex/mega-aggron,2026-09-23T08:35:14.730Z
10053,ice-punch,13,https://op.gg/pokemon-champions/pokedex/mega-aggron,2026-09-23T08:35:14.730Z
10053,stealth-rock,12.6,https://op.gg/pokemon-champions/pokedex/mega-aggron,2026-09-23T08:35:14.730Z
10053,iron-head,11.9,https://op.gg/pokemon-champions/pokedex/mega-aggron,2026-09-23T08:35:14.730Z
10053,fire-punch,11.1,https://op.gg/pokemon-champions/pokedex/mega-aggron,2026-09-23T08:35:14.730Z
10054,close-combat,62.1,https://op.gg/pokemon-champions/pokedex/mega-medicham,2026-09-23T08:35:14.730Z
10054,bullet-punch,55.2,https://op.gg/pokemon-champions/pokedex/mega-medicham,2026-09-23T08:35:14.730Z
10054,zen-headbutt,47.5,https://op.gg/pokemon-champions/pokedex/mega-medicham,2026-09-23T08:35:14.730Z
10054,fake-out,40.9,https://op.gg/pokemon-champions/pokedex/mega-medicham,2026-09-23T08:35:14.730Z
10054,ice-punch,34.6,https://op.gg/pokemon-champions/pokedex/mega-medicham,2026-09-23T08:35:14.730Z
10054,high-jump-kick,22,https://op.gg/pokemon-champions/pokedex/mega-medicham,2026-09-23T08:35:14.730Z
10054,thunder-punch,20.3,https://op.gg/pokemon-champions/pokedex/mega-medicham,2026-09-23T08:35:14.730Z
10054,psycho-cut,19.5,https://op.gg/pokemon-champions/pokedex/mega-medicham,2026-09-23T08:35:14.730Z
10054,blaze-kick,17.5,https://op.gg/pokemon-champions/pokedex/mega-medicham,2026-09-23T08:35:14.730Z
10054,poison-jab,14.2,https://op.gg/pokemon-champions/pokedex/mega-medicham,2026-09-23T08:35:14.730Z
10055,thunderbolt,86.4,https://op.gg/pokemon-champions/pokedex/mega-manectric,2026-09-23T08:35:14.730Z
10055,volt-switch,84.1,https://op.gg/pokemon-champions/pokedex/mega-manectric,2026-09-23T08:35:14.730Z
10055,overheat,61.2,https://op.gg/pokemon-champions/pokedex/mega-manectric,2026-09-23T08:35:14.730Z
10055,flamethrower,40.8,https://op.gg/pokemon-champions/pokedex/mega-manectric,2026-09-23T08:35:14.730Z
10055,snarl,31.3,https://op.gg/pokemon-champions/pokedex/mega-manectric,2026-09-23T08:35:14.730Z
10055,protect,15.4,https://op.gg/pokemon-champions/pokedex/mega-manectric,2026-09-23T08:35:14.730Z
10055,quick-attack,12.6,https://op.gg/pokemon-champions/pokedex/mega-manectric,2026-09-23T08:35:14.730Z
10055,hyper-voice,9.6,https://op.gg/pokemon-champions/pokedex/mega-manectric,2026-09-23T08:35:14.730Z
10055,substitute,9.2,https://op.gg/pokemon-champions/pokedex/mega-manectric,2026-09-23T08:35:14.730Z
10055,switcheroo,6.8,https://op.gg/pokemon-champions/pokedex/mega-manectric,2026-09-23T08:35:14.730Z
10056,destiny-bond,99.3,https://op.gg/pokemon-champions/pokedex/mega-banette,2026-09-23T08:35:14.730Z
10056,poltergeist,97,https://op.gg/pokemon-champions/pokedex/mega-banette,2026-09-23T08:35:14.730Z
10056,encore,77.2,https://op.gg/pokemon-champions/pokedex/mega-banette,2026-09-23T08:35:14.730Z
10056,shadow-sneak,62.8,https://op.gg/pokemon-champions/pokedex/mega-banette,2026-09-23T08:35:14.730Z
10056,taunt,28,https://op.gg/pokemon-champions/pokedex/mega-banette,2026-09-23T08:35:14.730Z
10056,will-o-wisp,10.6,https://op.gg/pokemon-champions/pokedex/mega-banette,2026-09-23T08:35:14.730Z
10056,gunk-shot,6.3,https://op.gg/pokemon-champions/pokedex/mega-banette,2026-09-23T08:35:14.730Z
10056,protect,3.1,https://op.gg/pokemon-champions/pokedex/mega-banette,2026-09-23T08:35:14.730Z
10056,sucker-punch,2.9,https://op.gg/pokemon-champions/pokedex/mega-banette,2026-09-23T08:35:14.730Z
10056,trick-room,1.9,https://op.gg/pokemon-champions/pokedex/mega-banette,2026-09-23T08:35:14.730Z
10057,shadow-claw,89.9,https://op.gg/pokemon-champions/pokedex/mega-absol,2026-09-23T08:35:14.730Z
10057,sucker-punch,70.9,https://op.gg/pokemon-champions/pokedex/mega-absol,2026-09-23T08:35:14.730Z
10057,close-combat,65.5,https://op.gg/pokemon-champions/pokedex/mega-absol,2026-09-23T08:35:14.730Z
10057,swords-dance,64.1,https://op.gg/pokemon-champions/pokedex/mega-absol,2026-09-23T08:35:14.730Z
10057,night-slash,37.2,https://op.gg/pokemon-champions/pokedex/mega-absol,2026-09-23T08:35:14.730Z
10057,psycho-cut,16.2,https://op.gg/pokemon-champions/pokedex/mega-absol,2026-09-23T08:35:14.730Z
10057,shadow-sneak,13.3,https://op.gg/pokemon-champions/pokedex/mega-absol,2026-09-23T08:35:14.730Z
10057,play-rough,5.4,https://op.gg/pokemon-champions/pokedex/mega-absol,2026-09-23T08:35:14.730Z
10057,x-scissor,5.4,https://op.gg/pokemon-champions/pokedex/mega-absol,2026-09-23T08:35:14.730Z
10057,focus-energy,3.4,https://op.gg/pokemon-champions/pokedex/mega-absol,2026-09-23T08:35:14.730Z
10058,earthquake,66.5,https://op.gg/pokemon-champions/pokedex/mega-garchomp,2026-09-23T08:35:14.730Z
10058,stealth-rock,39.8,https://op.gg/pokemon-champions/pokedex/mega-garchomp,2026-09-23T08:35:14.730Z
10058,draco-meteor,30.7,https://op.gg/pokemon-champions/pokedex/mega-garchomp,2026-09-23T08:35:14.730Z
10058,flamethrower,28.3,https://op.gg/pokemon-champions/pokedex/mega-garchomp,2026-09-23T08:35:14.730Z
10058,dragon-tail,27.1,https://op.gg/pokemon-champions/pokedex/mega-garchomp,2026-09-23T08:35:14.730Z
10058,earth-power,25.1,https://op.gg/pokemon-champions/pokedex/mega-garchomp,2026-09-23T08:35:14.730Z
10058,outrage,24.9,https://op.gg/pokemon-champions/pokedex/mega-garchomp,2026-09-23T08:35:14.730Z
10058,rock-tomb,19.5,https://op.gg/pokemon-champions/pokedex/mega-garchomp,2026-09-23T08:35:14.730Z
10058,power-gem,18.6,https://op.gg/pokemon-champions/pokedex/mega-garchomp,2026-09-23T08:35:14.730Z
10058,scale-shot,18.2,https://op.gg/pokemon-champions/pokedex/mega-garchomp,2026-09-23T08:35:14.730Z
10059,dark-pulse,78.1,https://op.gg/pokemon-champions/pokedex/mega-lucario,2026-09-23T08:35:14.730Z
10059,nasty-plot,77.8,https://op.gg/pokemon-champions/pokedex/mega-lucario,2026-09-23T08:35:14.730Z
10059,flash-cannon,73.6,https://op.gg/pokemon-champions/pokedex/mega-lucario,2026-09-23T08:35:14.730Z
10059,aura-sphere,72.7,https://op.gg/pokemon-champions/pokedex/mega-lucario,2026-09-23T08:35:14.730Z
10059,vacuum-wave,37.7,https://op.gg/pokemon-champions/pokedex/mega-lucario,2026-09-23T08:35:14.730Z
10059,steel-beam,21,https://op.gg/pokemon-champions/pokedex/mega-lucario,2026-09-23T08:35:14.730Z
10059,close-combat,5.5,https://op.gg/pokemon-champions/pokedex/mega-lucario,2026-09-23T08:35:14.730Z
10059,swords-dance,4.3,https://op.gg/pokemon-champions/pokedex/mega-lucario,2026-09-23T08:35:14.730Z
10059,meteor-mash,4,https://op.gg/pokemon-champions/pokedex/mega-lucario,2026-09-23T08:35:14.730Z
10059,focus-blast,3.9,https://op.gg/pokemon-champions/pokedex/mega-lucario,2026-09-23T08:35:14.730Z
10060,blizzard,88.7,https://op.gg/pokemon-champions/pokedex/mega-abomasnow,2026-09-23T08:35:14.730Z
10060,ice-shard,58.7,https://op.gg/pokemon-champions/pokedex/mega-abomasnow,2026-09-23T08:35:14.730Z
10060,giga-drain,49.8,https://op.gg/pokemon-champions/pokedex/mega-abomasnow,2026-09-23T08:35:14.730Z
10060,earth-power,49.2,https://op.gg/pokemon-champions/pokedex/mega-abomasnow,2026-09-23T08:35:14.730Z
10060,aurora-veil,42.1,https://op.gg/pokemon-champions/pokedex/mega-abomasnow,2026-09-23T08:35:14.730Z
10060,leech-seed,18.8,https://op.gg/pokemon-champions/pokedex/mega-abomasnow,2026-09-23T08:35:14.730Z
10060,leaf-storm,17.7,https://op.gg/pokemon-champions/pokedex/mega-abomasnow,2026-09-23T08:35:14.730Z
10060,sheer-cold,13.1,https://op.gg/pokemon-champions/pokedex/mega-abomasnow,2026-09-23T08:35:14.730Z
10060,energy-ball,11.9,https://op.gg/pokemon-champions/pokedex/mega-abomasnow,2026-09-23T08:35:14.730Z
10060,focus-blast,6.9,https://op.gg/pokemon-champions/pokedex/mega-abomasnow,2026-09-23T08:35:14.730Z
10061,moonblast,90.2,https://op.gg/pokemon-champions/pokedex/floette,2026-09-23T08:35:14.730Z
10061,calm-mind,83.4,https://op.gg/pokemon-champions/pokedex/floette,2026-09-23T08:35:14.730Z
10061,draining-kiss,58.6,https://op.gg/pokemon-champions/pokedex/floette,2026-09-23T08:35:14.730Z
10061,light-of-ruin,43.9,https://op.gg/pokemon-champions/pokedex/floette,2026-09-23T08:35:14.730Z
10061,synthesis,37.4,https://op.gg/pokemon-champions/pokedex/floette,2026-09-23T08:35:14.730Z
10061,psychic,27.5,https://op.gg/pokemon-champions/pokedex/floette,2026-09-23T08:35:14.730Z
10061,charm,17.4,https://op.gg/pokemon-champions/pokedex/floette,2026-09-23T08:35:14.730Z
10061,substitute,14,https://op.gg/pokemon-champions/pokedex/floette,2026-09-23T08:35:14.730Z
10061,trick,7.9,https://op.gg/pokemon-champions/pokedex/floette,2026-09-23T08:35:14.730Z
10061,misty-terrain,3.1,https://op.gg/pokemon-champions/pokedex/floette,2026-09-23T08:35:14.730Z
10064,earthquake,82.3,https://op.gg/pokemon-champions/pokedex/mega-swampert,2026-09-23T08:35:14.730Z
10064,flip-turn,70.4,https://op.gg/pokemon-champions/pokedex/mega-swampert,2026-09-23T08:35:14.730Z
10064,ice-punch,49.2,https://op.gg/pokemon-champions/pokedex/mega-swampert,2026-09-23T08:35:14.730Z
10064,stealth-rock,47.2,https://op.gg/pokemon-champions/pokedex/mega-swampert,2026-09-23T08:35:14.730Z
10064,wave-crash,47,https://op.gg/pokemon-champions/pokedex/mega-swampert,2026-09-23T08:35:14.730Z
10064,yawn,45.4,https://op.gg/pokemon-champions/pokedex/mega-swampert,2026-09-23T08:35:14.730Z
10064,roar,6.5,https://op.gg/pokemon-champions/pokedex/mega-swampert,2026-09-23T08:35:14.730Z
10064,protect,6,https://op.gg/pokemon-champions/pokedex/mega-swampert,2026-09-23T08:35:14.730Z
10064,mirror-coat,4.4,https://op.gg/pokemon-champions/pokedex/mega-swampert,2026-09-23T08:35:14.730Z
10064,bulk-up,3.9,https://op.gg/pokemon-champions/pokedex/mega-swampert,2026-09-23T08:35:14.730Z
10065,dragon-pulse,82.8,https://op.gg/pokemon-champions/pokedex/mega-sceptile,2026-09-23T08:35:14.730Z
10065,earth-power,80.8,https://op.gg/pokemon-champions/pokedex/mega-sceptile,2026-09-23T08:35:14.730Z
10065,leaf-storm,73,https://op.gg/pokemon-champions/pokedex/mega-sceptile,2026-09-23T08:35:14.730Z
10065,shed-tail,50.8,https://op.gg/pokemon-champions/pokedex/mega-sceptile,2026-09-23T08:35:14.730Z
10065,vacuum-wave,30.4,https://op.gg/pokemon-champions/pokedex/mega-sceptile,2026-09-23T08:35:14.730Z
10065,energy-ball,18.9,https://op.gg/pokemon-champions/pokedex/mega-sceptile,2026-09-23T08:35:14.730Z
10065,focus-blast,10.3,https://op.gg/pokemon-champions/pokedex/mega-sceptile,2026-09-23T08:35:14.730Z
10065,endeavor,9.1,https://op.gg/pokemon-champions/pokedex/mega-sceptile,2026-09-23T08:35:14.730Z
10065,substitute,6.4,https://op.gg/pokemon-champions/pokedex/mega-sceptile,2026-09-23T08:35:14.730Z
10065,giga-drain,6,https://op.gg/pokemon-champions/pokedex/mega-sceptile,2026-09-23T08:35:14.730Z
10066,foul-play,72.1,https://op.gg/pokemon-champions/pokedex/mega-sableye,2026-09-23T08:35:14.730Z
10066,encore,66.9,https://op.gg/pokemon-champions/pokedex/mega-sableye,2026-09-23T08:35:14.730Z
10066,will-o-wisp,62.2,https://op.gg/pokemon-champions/pokedex/mega-sableye,2026-09-23T08:35:14.730Z
10066,light-screen,47,https://op.gg/pokemon-champions/pokedex/mega-sableye,2026-09-23T08:35:14.730Z
10066,recover,39.6,https://op.gg/pokemon-champions/pokedex/mega-sableye,2026-09-23T08:35:14.730Z
10066,reflect,39.1,https://op.gg/pokemon-champions/pokedex/mega-sableye,2026-09-23T08:35:14.730Z
10066,taunt,12,https://op.gg/pokemon-champions/pokedex/mega-sableye,2026-09-23T08:35:14.730Z
10066,disable,7.9,https://op.gg/pokemon-champions/pokedex/mega-sableye,2026-09-23T08:35:14.730Z
10066,metal-burst,7.5,https://op.gg/pokemon-champions/pokedex/mega-sableye,2026-09-23T08:35:14.730Z
10066,calm-mind,6.3,https://op.gg/pokemon-champions/pokedex/mega-sableye,2026-09-23T08:35:14.730Z
10067,roost,87.9,https://op.gg/pokemon-champions/pokedex/mega-altaria,2026-09-23T08:35:14.730Z
10067,hyper-voice,75.5,https://op.gg/pokemon-champions/pokedex/mega-altaria,2026-09-23T08:35:14.730Z
10067,cotton-guard,72.9,https://op.gg/pokemon-champions/pokedex/mega-altaria,2026-09-23T08:35:14.730Z
10067,flamethrower,52.7,https://op.gg/pokemon-champions/pokedex/mega-altaria,2026-09-23T08:35:14.730Z
10067,fire-blast,16.9,https://op.gg/pokemon-champions/pokedex/mega-altaria,2026-09-23T08:35:14.730Z
10067,dragon-dance,11.9,https://op.gg/pokemon-champions/pokedex/mega-altaria,2026-09-23T08:35:14.730Z
10067,body-slam,9.4,https://op.gg/pokemon-champions/pokedex/mega-altaria,2026-09-23T08:35:14.730Z
10067,draco-meteor,8.4,https://op.gg/pokemon-champions/pokedex/mega-altaria,2026-09-23T08:35:14.730Z
10067,will-o-wisp,7.3,https://op.gg/pokemon-champions/pokedex/mega-altaria,2026-09-23T08:35:14.730Z
10067,earthquake,6,https://op.gg/pokemon-champions/pokedex/mega-altaria,2026-09-23T08:35:14.730Z
10068,sacred-sword,92.6,https://op.gg/pokemon-champions/pokedex/mega-gallade,2026-09-23T08:35:14.730Z
10068,psycho-cut,79.1,https://op.gg/pokemon-champions/pokedex/mega-gallade,2026-09-23T08:35:14.730Z
10068,leaf-blade,74,https://op.gg/pokemon-champions/pokedex/mega-gallade,2026-09-23T08:35:14.730Z
10068,shadow-sneak,56.7,https://op.gg/pokemon-champions/pokedex/mega-gallade,2026-09-23T08:35:14.730Z
10068,triple-axel,22.8,https://op.gg/pokemon-champions/pokedex/mega-gallade,2026-09-23T08:35:14.730Z
10068,night-slash,20.6,https://op.gg/pokemon-champions/pokedex/mega-gallade,2026-09-23T08:35:14.730Z
10068,shadow-claw,8,https://op.gg/pokemon-champions/pokedex/mega-gallade,2026-09-23T08:35:14.730Z
10068,swords-dance,3.9,https://op.gg/pokemon-champions/pokedex/mega-gallade,2026-09-23T08:35:14.730Z
10068,close-combat,3.7,https://op.gg/pokemon-champions/pokedex/mega-gallade,2026-09-23T08:35:14.730Z
10068,ice-punch,3.2,https://op.gg/pokemon-champions/pokedex/mega-gallade,2026-09-23T08:35:14.730Z
10069,healing-wish,69,https://op.gg/pokemon-champions/pokedex/mega-audino,2026-09-23T08:35:14.730Z
10069,trick-room,60.8,https://op.gg/pokemon-champions/pokedex/mega-audino,2026-09-23T08:35:14.730Z
10069,encore,38.7,https://op.gg/pokemon-champions/pokedex/mega-audino,2026-09-23T08:35:14.730Z
10069,flamethrower,37,https://op.gg/pokemon-champions/pokedex/mega-audino,2026-09-23T08:35:14.730Z
10069,yawn,34.1,https://op.gg/pokemon-champions/pokedex/mega-audino,2026-09-23T08:35:14.730Z
10069,dazzling-gleam,22.6,https://op.gg/pokemon-champions/pokedex/mega-audino,2026-09-23T08:35:14.730Z
10069,ice-beam,19.9,https://op.gg/pokemon-champions/pokedex/mega-audino,2026-09-23T08:35:14.730Z
10069,wish,19.6,https://op.gg/pokemon-champions/pokedex/mega-audino,2026-09-23T08:35:14.730Z
10069,draining-kiss,15.1,https://op.gg/pokemon-champions/pokedex/mega-audino,2026-09-23T08:35:14.730Z
10069,light-screen,12.7,https://op.gg/pokemon-champions/pokedex/mega-audino,2026-09-23T08:35:14.730Z
10070,protect,83.2,https://op.gg/pokemon-champions/pokedex/mega-sharpedo,2026-09-23T08:35:14.730Z
10070,destiny-bond,70.8,https://op.gg/pokemon-champions/pokedex/mega-sharpedo,2026-09-23T08:35:14.730Z
10070,crunch,68.5,https://op.gg/pokemon-champions/pokedex/mega-sharpedo,2026-09-23T08:35:14.730Z
10070,ice-fang,36.5,https://op.gg/pokemon-champions/pokedex/mega-sharpedo,2026-09-23T08:35:14.730Z
10070,close-combat,19.1,https://op.gg/pokemon-champions/pokedex/mega-sharpedo,2026-09-23T08:35:14.730Z
10070,liquidation,15.3,https://op.gg/pokemon-champions/pokedex/mega-sharpedo,2026-09-23T08:35:14.730Z
10070,ice-beam,15.1,https://op.gg/pokemon-champions/pokedex/mega-sharpedo,2026-09-23T08:35:14.730Z
10070,waterfall,12.7,https://op.gg/pokemon-champions/pokedex/mega-sharpedo,2026-09-23T08:35:14.730Z
10070,psychic-fangs,11.7,https://op.gg/pokemon-champions/pokedex/mega-sharpedo,2026-09-23T08:35:14.730Z
10070,avalanche,10.9,https://op.gg/pokemon-champions/pokedex/mega-sharpedo,2026-09-23T08:35:14.730Z
10071,slack-off,84.3,https://op.gg/pokemon-champions/pokedex/mega-slowbro,2026-09-23T08:35:14.730Z
10071,scald,78.7,https://op.gg/pokemon-champions/pokedex/mega-slowbro,2026-09-23T08:35:14.730Z
10071,iron-defense,56.8,https://op.gg/pokemon-champions/pokedex/mega-slowbro,2026-09-23T08:35:14.730Z
10071,ice-beam,42.9,https://op.gg/pokemon-champions/pokedex/mega-slowbro,2026-09-23T08:35:14.730Z
10071,body-press,34.2,https://op.gg/pokemon-champions/pokedex/mega-slowbro,2026-09-23T08:35:14.730Z
10071,calm-mind,19.5,https://op.gg/pokemon-champions/pokedex/mega-slowbro,2026-09-23T08:35:14.730Z
10071,flamethrower,13.6,https://op.gg/pokemon-champions/pokedex/mega-slowbro,2026-09-23T08:35:14.730Z
10071,psychic,9.1,https://op.gg/pokemon-champions/pokedex/mega-slowbro,2026-09-23T08:35:14.730Z
10071,trick-room,8.3,https://op.gg/pokemon-champions/pokedex/mega-slowbro,2026-09-23T08:35:14.730Z
10071,yawn,8.1,https://op.gg/pokemon-champions/pokedex/mega-slowbro,2026-09-23T08:35:14.730Z
10072,earthquake,72.2,https://op.gg/pokemon-champions/pokedex/mega-steelix,2026-09-23T08:35:14.730Z
10072,body-press,64.6,https://op.gg/pokemon-champions/pokedex/mega-steelix,2026-09-23T08:35:14.730Z
10072,heavy-slam,38,https://op.gg/pokemon-champions/pokedex/mega-steelix,2026-09-23T08:35:14.730Z
10072,stealth-rock,36.4,https://op.gg/pokemon-champions/pokedex/mega-steelix,2026-09-23T08:35:14.730Z
10072,iron-defense,30.9,https://op.gg/pokemon-champions/pokedex/mega-steelix,2026-09-23T08:35:14.730Z
10072,dragon-tail,15.6,https://op.gg/pokemon-champions/pokedex/mega-steelix,2026-09-23T08:35:14.730Z
10072,ice-fang,13.9,https://op.gg/pokemon-champions/pokedex/mega-steelix,2026-09-23T08:35:14.730Z
10072,gyro-ball,12.9,https://op.gg/pokemon-champions/pokedex/mega-steelix,2026-09-23T08:35:14.730Z
10072,iron-head,10.4,https://op.gg/pokemon-champions/pokedex/mega-steelix,2026-09-23T08:35:14.730Z
10072,fissure,10.2,https://op.gg/pokemon-champions/pokedex/mega-steelix,2026-09-23T08:35:14.730Z
10073,hurricane,98.4,https://op.gg/pokemon-champions/pokedex/mega-pidgeot,2026-09-23T08:35:14.730Z
10073,heat-wave,97.7,https://op.gg/pokemon-champions/pokedex/mega-pidgeot,2026-09-23T08:35:14.730Z
10073,substitute,46.8,https://op.gg/pokemon-champions/pokedex/mega-pidgeot,2026-09-23T08:35:14.730Z
10073,hyper-beam,45.8,https://op.gg/pokemon-champions/pokedex/mega-pidgeot,2026-09-23T08:35:14.730Z
10073,roost,44,https://op.gg/pokemon-champions/pokedex/mega-pidgeot,2026-09-23T08:35:14.730Z
10073,quick-attack,19.2,https://op.gg/pokemon-champions/pokedex/mega-pidgeot,2026-09-23T08:35:14.730Z
10073,u-turn,12.5,https://op.gg/pokemon-champions/pokedex/mega-pidgeot,2026-09-23T08:35:14.730Z
10073,tailwind,7.7,https://op.gg/pokemon-champions/pokedex/mega-pidgeot,2026-09-23T08:35:14.730Z
10073,whirlwind,6.3,https://op.gg/pokemon-champions/pokedex/mega-pidgeot,2026-09-23T08:35:14.730Z
10073,feather-dance,5.7,https://op.gg/pokemon-champions/pokedex/mega-pidgeot,2026-09-23T08:35:14.730Z
10074,protect,69.1,https://op.gg/pokemon-champions/pokedex/mega-glalie,2026-09-23T08:35:14.730Z
10074,explosion,61.9,https://op.gg/pokemon-champions/pokedex/mega-glalie,2026-09-23T08:35:14.730Z
10074,sheer-cold,44,https://op.gg/pokemon-champions/pokedex/mega-glalie,2026-09-23T08:35:14.730Z
10074,substitute,41.1,https://op.gg/pokemon-champions/pokedex/mega-glalie,2026-09-23T08:35:14.730Z
10074,earthquake,39.7,https://op.gg/pokemon-champions/pokedex/mega-glalie,2026-09-23T08:35:14.730Z
10074,ice-shard,37.1,https://op.gg/pokemon-champions/pokedex/mega-glalie,2026-09-23T08:35:14.730Z
10074,freeze-dry,35.2,https://op.gg/pokemon-champions/pokedex/mega-glalie,2026-09-23T08:35:14.730Z
10074,body-slam,20.2,https://op.gg/pokemon-champions/pokedex/mega-glalie,2026-09-23T08:35:14.730Z
10074,trailblaze,11.8,https://op.gg/pokemon-champions/pokedex/mega-glalie,2026-09-23T08:35:14.730Z
10074,taunt,4.9,https://op.gg/pokemon-champions/pokedex/mega-glalie,2026-09-23T08:35:14.730Z
10076,bullet-punch,88.8,https://op.gg/pokemon-champions/pokedex/mega-metagross,2026-09-23T08:35:14.730Z
10076,psychic-fangs,77,https://op.gg/pokemon-champions/pokedex/mega-metagross,2026-09-23T08:35:14.730Z
10076,ice-punch,72.5,https://op.gg/pokemon-champions/pokedex/mega-metagross,2026-09-23T08:35:14.730Z
10076,earthquake,55.5,https://op.gg/pokemon-champions/pokedex/mega-metagross,2026-09-23T08:35:14.730Z
10076,thunder-punch,24.9,https://op.gg/pokemon-champions/pokedex/mega-metagross,2026-09-23T08:35:14.730Z
10076,iron-head,17.2,https://op.gg/pokemon-champions/pokedex/mega-metagross,2026-09-23T08:35:14.730Z
10076,steel-roller,13,https://op.gg/pokemon-champions/pokedex/mega-metagross,2026-09-23T08:35:14.730Z
10076,body-press,10.7,https://op.gg/pokemon-champions/pokedex/mega-metagross,2026-09-23T08:35:14.730Z
10076,iron-defense,9.6,https://op.gg/pokemon-champions/pokedex/mega-metagross,2026-09-23T08:35:14.730Z
10076,meteor-mash,8.5,https://op.gg/pokemon-champions/pokedex/mega-metagross,2026-09-23T08:35:14.730Z
10087,earth-power,88.6,https://op.gg/pokemon-champions/pokedex/mega-camerupt,2026-09-23T08:35:14.730Z
10087,ancient-power,56.6,https://op.gg/pokemon-champions/pokedex/mega-camerupt,2026-09-23T08:35:14.730Z
10087,flamethrower,54.8,https://op.gg/pokemon-champions/pokedex/mega-camerupt,2026-09-23T08:35:14.730Z
10087,flash-cannon,43,https://op.gg/pokemon-champions/pokedex/mega-camerupt,2026-09-23T08:35:14.730Z
10087,eruption,40.8,https://op.gg/pokemon-champions/pokedex/mega-camerupt,2026-09-23T08:35:14.730Z
10087,fire-blast,13.9,https://op.gg/pokemon-champions/pokedex/mega-camerupt,2026-09-23T08:35:14.730Z
10087,will-o-wisp,11.3,https://op.gg/pokemon-champions/pokedex/mega-camerupt,2026-09-23T08:35:14.730Z
10087,yawn,10.1,https://op.gg/pokemon-champions/pokedex/mega-camerupt,2026-09-23T08:35:14.730Z
10087,overheat,7.3,https://op.gg/pokemon-champions/pokedex/mega-camerupt,2026-09-23T08:35:14.730Z
10087,lava-plume,7,https://op.gg/pokemon-champions/pokedex/mega-camerupt,2026-09-23T08:35:14.730Z
10088,fake-out,68,https://op.gg/pokemon-champions/pokedex/mega-lopunny,2026-09-23T08:35:14.730Z
10088,close-combat,67,https://op.gg/pokemon-champions/pokedex/mega-lopunny,2026-09-23T08:35:14.730Z
10088,triple-axel,65,https://op.gg/pokemon-champions/pokedex/mega-lopunny,2026-09-23T08:35:14.730Z
10088,mach-punch,40.7,https://op.gg/pokemon-champions/pokedex/mega-lopunny,2026-09-23T08:35:14.730Z
10088,high-jump-kick,26.6,https://op.gg/pokemon-champions/pokedex/mega-lopunny,2026-09-23T08:35:14.730Z
10088,swords-dance,25,https://op.gg/pokemon-champions/pokedex/mega-lopunny,2026-09-23T08:35:14.730Z
10088,thunder-punch,20.7,https://op.gg/pokemon-champions/pokedex/mega-lopunny,2026-09-23T08:35:14.730Z
10088,ice-punch,20.1,https://op.gg/pokemon-champions/pokedex/mega-lopunny,2026-09-23T08:35:14.730Z
10088,u-turn,16.7,https://op.gg/pokemon-champions/pokedex/mega-lopunny,2026-09-23T08:35:14.730Z
10088,encore,7.2,https://op.gg/pokemon-champions/pokedex/mega-lopunny,2026-09-23T08:35:14.730Z
10089,double-edge,77.6,https://op.gg/pokemon-champions/pokedex/mega-salamence,2026-09-23T08:35:14.730Z
10089,earthquake,72.6,https://op.gg/pokemon-champions/pokedex/mega-salamence,2026-09-23T08:35:14.730Z
10089,dragon-dance,70.5,https://op.gg/pokemon-champions/pokedex/mega-salamence,2026-09-23T08:35:14.730Z
10089,roost,61.4,https://op.gg/pokemon-champions/pokedex/mega-salamence,2026-09-23T08:35:14.730Z
10089,draco-meteor,29.6,https://op.gg/pokemon-champions/pokedex/mega-salamence,2026-09-23T08:35:14.730Z
10089,fire-blast,19.9,https://op.gg/pokemon-champions/pokedex/mega-salamence,2026-09-23T08:35:14.730Z
10089,flamethrower,15,https://op.gg/pokemon-champions/pokedex/mega-salamence,2026-09-23T08:35:14.730Z
10089,hyper-voice,13.8,https://op.gg/pokemon-champions/pokedex/mega-salamence,2026-09-23T08:35:14.730Z
10089,outrage,7.3,https://op.gg/pokemon-champions/pokedex/mega-salamence,2026-09-23T08:35:14.730Z
10089,temper-flare,6.3,https://op.gg/pokemon-champions/pokedex/mega-salamence,2026-09-23T08:35:14.730Z
10090,poison-jab,93.9,https://op.gg/pokemon-champions/pokedex/mega-beedrill,2026-09-23T08:35:14.730Z
10090,u-turn,75.4,https://op.gg/pokemon-champions/pokedex/mega-beedrill,2026-09-23T08:35:14.730Z
10090,drill-run,74.7,https://op.gg/pokemon-champions/pokedex/mega-beedrill,2026-09-23T08:35:14.730Z
10090,fell-stinger,56.8,https://op.gg/pokemon-champions/pokedex/mega-beedrill,2026-09-23T08:35:14.730Z
10090,knock-off,36.2,https://op.gg/pokemon-champions/pokedex/mega-beedrill,2026-09-23T08:35:14.730Z
10090,lunge,11.7,https://op.gg/pokemon-champions/pokedex/mega-beedrill,2026-09-23T08:35:14.730Z
10090,swords-dance,6.8,https://op.gg/pokemon-champions/pokedex/mega-beedrill,2026-09-23T08:35:14.730Z
10090,pin-missile,5.6,https://op.gg/pokemon-champions/pokedex/mega-beedrill,2026-09-23T08:35:14.730Z
10090,brick-break,5.3,https://op.gg/pokemon-champions/pokedex/mega-beedrill,2026-09-23T08:35:14.730Z
10090,protect,5.3,https://op.gg/pokemon-champions/pokedex/mega-beedrill,2026-09-23T08:35:14.730Z
10100,rising-voltage,75.4,https://op.gg/pokemon-champions/pokedex/raichu-alolan,2026-09-23T08:35:14.730Z
10100,psychic,60.5,https://op.gg/pokemon-champions/pokedex/raichu-alolan,2026-09-23T08:35:14.730Z
10100,nasty-plot,32.3,https://op.gg/pokemon-champions/pokedex/raichu-alolan,2026-09-23T08:35:14.730Z
10100,alluring-voice,30.6,https://op.gg/pokemon-champions/pokedex/raichu-alolan,2026-09-23T08:35:14.730Z
10100,grass-knot,23.2,https://op.gg/pokemon-champions/pokedex/raichu-alolan,2026-09-23T08:35:14.730Z
10100,surf,23.1,https://op.gg/pokemon-champions/pokedex/raichu-alolan,2026-09-23T08:35:14.730Z
10100,encore,20.4,https://op.gg/pokemon-champions/pokedex/raichu-alolan,2026-09-23T08:35:14.730Z
10100,thunderbolt,17.4,https://op.gg/pokemon-champions/pokedex/raichu-alolan,2026-09-23T08:35:14.730Z
10100,electric-terrain,16.6,https://op.gg/pokemon-champions/pokedex/raichu-alolan,2026-09-23T08:35:14.730Z
10100,dazzling-gleam,11.5,https://op.gg/pokemon-champions/pokedex/raichu-alolan,2026-09-23T08:35:14.730Z
10104,aurora-veil,97.4,https://op.gg/pokemon-champions/pokedex/ninetales-alolan,2026-09-23T08:35:14.730Z
10104,freeze-dry,73,https://op.gg/pokemon-champions/pokedex/ninetales-alolan,2026-09-23T08:35:14.730Z
10104,encore,71.4,https://op.gg/pokemon-champions/pokedex/ninetales-alolan,2026-09-23T08:35:14.730Z
10104,blizzard,63.4,https://op.gg/pokemon-champions/pokedex/ninetales-alolan,2026-09-23T08:35:14.730Z
10104,moonblast,53.8,https://op.gg/pokemon-champions/pokedex/ninetales-alolan,2026-09-23T08:35:14.730Z
10104,misty-terrain,16.6,https://op.gg/pokemon-champions/pokedex/ninetales-alolan,2026-09-23T08:35:14.730Z
10104,pain-split,3.9,https://op.gg/pokemon-champions/pokedex/ninetales-alolan,2026-09-23T08:35:14.730Z
10104,nasty-plot,2.6,https://op.gg/pokemon-champions/pokedex/ninetales-alolan,2026-09-23T08:35:14.730Z
10104,ice-shard,2.5,https://op.gg/pokemon-champions/pokedex/ninetales-alolan,2026-09-23T08:35:14.730Z
10104,foul-play,1.7,https://op.gg/pokemon-champions/pokedex/ninetales-alolan,2026-09-23T08:35:14.730Z
10108,foul-play,96.1,https://op.gg/pokemon-champions/pokedex/persian-alolan,2026-09-23T08:35:14.730Z
10108,parting-shot,88.3,https://op.gg/pokemon-champions/pokedex/persian-alolan,2026-09-23T08:35:14.730Z
10108,switcheroo,53.8,https://op.gg/pokemon-champions/pokedex/persian-alolan,2026-09-23T08:35:14.730Z
10108,thunder-wave,42.5,https://op.gg/pokemon-champions/pokedex/persian-alolan,2026-09-23T08:35:14.730Z
10108,taunt,35.3,https://op.gg/pokemon-champions/pokedex/persian-alolan,2026-09-23T08:35:14.730Z
10108,hypnosis,10.9,https://op.gg/pokemon-champions/pokedex/persian-alolan,2026-09-23T08:35:14.730Z
10108,u-turn,10.3,https://op.gg/pokemon-champions/pokedex/persian-alolan,2026-09-23T08:35:14.730Z
10108,icy-wind,9.5,https://op.gg/pokemon-champions/pokedex/persian-alolan,2026-09-23T08:35:14.730Z
10108,knock-off,7.4,https://op.gg/pokemon-champions/pokedex/persian-alolan,2026-09-23T08:35:14.730Z
10108,fake-out,7.2,https://op.gg/pokemon-champions/pokedex/persian-alolan,2026-09-23T08:35:14.730Z
10126,stone-edge,76,https://op.gg/pokemon-champions/pokedex/lycanroc-midnight,2026-09-23T08:35:14.730Z
10126,sucker-punch,60.9,https://op.gg/pokemon-champions/pokedex/lycanroc-midnight,2026-09-23T08:35:14.730Z
10126,counter,38.6,https://op.gg/pokemon-champions/pokedex/lycanroc-midnight,2026-09-23T08:35:14.730Z
10126,endeavor,37.7,https://op.gg/pokemon-champions/pokedex/lycanroc-midnight,2026-09-23T08:35:14.730Z
10126,stealth-rock,26.8,https://op.gg/pokemon-champions/pokedex/lycanroc-midnight,2026-09-23T08:35:14.730Z
10126,iron-tail,20.7,https://op.gg/pokemon-champions/pokedex/lycanroc-midnight,2026-09-23T08:35:14.730Z
10126,close-combat,20.1,https://op.gg/pokemon-champions/pokedex/lycanroc-midnight,2026-09-23T08:35:14.730Z
10126,taunt,20.1,https://op.gg/pokemon-champions/pokedex/lycanroc-midnight,2026-09-23T08:35:14.730Z
10126,play-rough,14,https://op.gg/pokemon-champions/pokedex/lycanroc-midnight,2026-09-23T08:35:14.730Z
10126,fire-punch,10.4,https://op.gg/pokemon-champions/pokedex/lycanroc-midnight,2026-09-23T08:35:14.730Z
10152,accelerock,92.5,https://op.gg/pokemon-champions/pokedex/lycanroc-dusk,2026-09-23T08:35:14.730Z
10152,close-combat,56.3,https://op.gg/pokemon-champions/pokedex/lycanroc-dusk,2026-09-23T08:35:14.730Z
10152,endeavor,39.8,https://op.gg/pokemon-champions/pokedex/lycanroc-dusk,2026-09-23T08:35:14.730Z
10152,stealth-rock,39.4,https://op.gg/pokemon-champions/pokedex/lycanroc-dusk,2026-09-23T08:35:14.730Z
10152,counter,24,https://op.gg/pokemon-champions/pokedex/lycanroc-dusk,2026-09-23T08:35:14.730Z
10152,taunt,16.8,https://op.gg/pokemon-champions/pokedex/lycanroc-dusk,2026-09-23T08:35:14.730Z
10152,drill-run,16.2,https://op.gg/pokemon-champions/pokedex/lycanroc-dusk,2026-09-23T08:35:14.730Z
10152,psychic-fangs,14.2,https://op.gg/pokemon-champions/pokedex/lycanroc-dusk,2026-09-23T08:35:14.730Z
10152,swords-dance,12,https://op.gg/pokemon-champions/pokedex/lycanroc-dusk,2026-09-23T08:35:14.730Z
10152,reversal,11.6,https://op.gg/pokemon-champions/pokedex/lycanroc-dusk,2026-09-23T08:35:14.730Z
10165,ice-beam,88,https://op.gg/pokemon-champions/pokedex/slowbro-galarian,2026-09-23T08:35:14.730Z
10165,shell-side-arm,72.9,https://op.gg/pokemon-champions/pokedex/slowbro-galarian,2026-09-23T08:35:14.730Z
10165,flamethrower,58.5,https://op.gg/pokemon-champions/pokedex/slowbro-galarian,2026-09-23T08:35:14.730Z
10165,psychic,55.9,https://op.gg/pokemon-champions/pokedex/slowbro-galarian,2026-09-23T08:35:14.730Z
10165,fire-blast,25.9,https://op.gg/pokemon-champions/pokedex/slowbro-galarian,2026-09-23T08:35:14.730Z
10165,slack-off,20,https://op.gg/pokemon-champions/pokedex/slowbro-galarian,2026-09-23T08:35:14.730Z
10165,sludge-wave,16,https://op.gg/pokemon-champions/pokedex/slowbro-galarian,2026-09-23T08:35:14.730Z
10165,power-gem,8.1,https://op.gg/pokemon-champions/pokedex/slowbro-galarian,2026-09-23T08:35:14.730Z
10165,sludge-bomb,5.7,https://op.gg/pokemon-champions/pokedex/slowbro-galarian,2026-09-23T08:35:14.730Z
10165,psyshock,5.5,https://op.gg/pokemon-champions/pokedex/slowbro-galarian,2026-09-23T08:35:14.730Z
10172,chilly-reception,73.6,https://op.gg/pokemon-champions/pokedex/slowking-galarian,2026-09-23T08:35:14.730Z
10172,flamethrower,60.1,https://op.gg/pokemon-champions/pokedex/slowking-galarian,2026-09-23T08:35:14.730Z
10172,sludge-bomb,47.6,https://op.gg/pokemon-champions/pokedex/slowking-galarian,2026-09-23T08:35:14.730Z
10172,slack-off,43.2,https://op.gg/pokemon-champions/pokedex/slowking-galarian,2026-09-23T08:35:14.730Z
10172,toxic,23.6,https://op.gg/pokemon-champions/pokedex/slowking-galarian,2026-09-23T08:35:14.730Z
10172,sludge-wave,18,https://op.gg/pokemon-champions/pokedex/slowking-galarian,2026-09-23T08:35:14.730Z
10172,ice-beam,17.7,https://op.gg/pokemon-champions/pokedex/slowking-galarian,2026-09-23T08:35:14.730Z
10172,yawn,16.7,https://op.gg/pokemon-champions/pokedex/slowking-galarian,2026-09-23T08:35:14.730Z
10172,psychic,15.5,https://op.gg/pokemon-champions/pokedex/slowking-galarian,2026-09-23T08:35:14.730Z
10172,trick-room,13.7,https://op.gg/pokemon-champions/pokedex/slowking-galarian,2026-09-23T08:35:14.730Z
10180,yawn,81.5,https://op.gg/pokemon-champions/pokedex/stunfisk-galarian,2026-09-23T08:35:14.730Z
10180,snap-trap,75.7,https://op.gg/pokemon-champions/pokedex/stunfisk-galarian,2026-09-23T08:35:14.730Z
10180,stealth-rock,62.8,https://op.gg/pokemon-champions/pokedex/stunfisk-galarian,2026-09-23T08:35:14.730Z
10180,fissure,46.3,https://op.gg/pokemon-champions/pokedex/stunfisk-galarian,2026-09-23T08:35:14.730Z
10180,counter,25.6,https://op.gg/pokemon-champions/pokedex/stunfisk-galarian,2026-09-23T08:35:14.730Z
10180,protect,22.3,https://op.gg/pokemon-champions/pokedex/stunfisk-galarian,2026-09-23T08:35:14.730Z
10180,earthquake,14.4,https://op.gg/pokemon-champions/pokedex/stunfisk-galarian,2026-09-23T08:35:14.730Z
10180,foul-play,11.9,https://op.gg/pokemon-champions/pokedex/stunfisk-galarian,2026-09-23T08:35:14.730Z
10180,sucker-punch,8.7,https://op.gg/pokemon-champions/pokedex/stunfisk-galarian,2026-09-23T08:35:14.730Z
10180,pain-split,5.3,https://op.gg/pokemon-champions/pokedex/stunfisk-galarian,2026-09-23T08:35:14.730Z
10184,overdrive,90.1,https://op.gg/pokemon-champions/pokedex/toxtricity-low-key,2026-09-23T08:35:14.730Z
10184,boomburst,90,https://op.gg/pokemon-champions/pokedex/toxtricity-low-key,2026-09-23T08:35:14.730Z
10184,nuzzle,55.2,https://op.gg/pokemon-champions/pokedex/toxtricity-low-key,2026-09-23T08:35:14.730Z
10184,sludge-wave,35.5,https://op.gg/pokemon-champions/pokedex/toxtricity-low-key,2026-09-23T08:35:14.730Z
10184,taunt,21.9,https://op.gg/pokemon-champions/pokedex/toxtricity-low-key,2026-09-23T08:35:14.730Z
10184,toxic-spikes,19.7,https://op.gg/pokemon-champions/pokedex/toxtricity-low-key,2026-09-23T08:35:14.730Z
10184,volt-switch,15.7,https://op.gg/pokemon-champions/pokedex/toxtricity-low-key,2026-09-23T08:35:14.730Z
10184,psychic-noise,11.7,https://op.gg/pokemon-champions/pokedex/toxtricity-low-key,2026-09-23T08:35:14.730Z
10184,encore,10.8,https://op.gg/pokemon-champions/pokedex/toxtricity-low-key,2026-09-23T08:35:14.730Z
10184,hex,10.2,https://op.gg/pokemon-champions/pokedex/toxtricity-low-key,2026-09-23T08:35:14.730Z
10186,mystical-fire,62.2,https://op.gg/pokemon-champions/pokedex/indeedee-female,2026-09-23T08:35:14.730Z
10186,terrain-pulse,50.3,https://op.gg/pokemon-champions/pokedex/indeedee-female,2026-09-23T08:35:14.730Z
10186,healing-wish,49.2,https://op.gg/pokemon-champions/pokedex/indeedee-female,2026-09-23T08:35:14.730Z
10186,psychic,42.7,https://op.gg/pokemon-champions/pokedex/indeedee-female,2026-09-23T08:35:14.730Z
10186,trick-room,36.6,https://op.gg/pokemon-champions/pokedex/indeedee-female,2026-09-23T08:35:14.730Z
10186,alluring-voice,29.2,https://op.gg/pokemon-champions/pokedex/indeedee-female,2026-09-23T08:35:14.730Z
10186,reflect,23.9,https://op.gg/pokemon-champions/pokedex/indeedee-female,2026-09-23T08:35:14.730Z
10186,light-screen,16.4,https://op.gg/pokemon-champions/pokedex/indeedee-female,2026-09-23T08:35:14.730Z
10186,dazzling-gleam,14.4,https://op.gg/pokemon-champions/pokedex/indeedee-female,2026-09-23T08:35:14.730Z
10186,baton-pass,9.2,https://op.gg/pokemon-champions/pokedex/indeedee-female,2026-09-23T08:35:14.730Z
10187,aura-wheel,99.6,https://op.gg/pokemon-champions/pokedex/morpeko,2026-09-23T08:35:14.730Z
10187,protect,53.2,https://op.gg/pokemon-champions/pokedex/morpeko,2026-09-23T08:35:14.730Z
10187,endeavor,51.6,https://op.gg/pokemon-champions/pokedex/morpeko,2026-09-23T08:35:14.730Z
10187,quick-attack,40.1,https://op.gg/pokemon-champions/pokedex/morpeko,2026-09-23T08:35:14.730Z
10187,parting-shot,21.5,https://op.gg/pokemon-champions/pokedex/morpeko,2026-09-23T08:35:14.730Z
10187,fake-out,20.7,https://op.gg/pokemon-champions/pokedex/morpeko,2026-09-23T08:35:14.730Z
10187,knock-off,17,https://op.gg/pokemon-champions/pokedex/morpeko,2026-09-23T08:35:14.730Z
10187,taunt,14.3,https://op.gg/pokemon-champions/pokedex/morpeko,2026-09-23T08:35:14.730Z
10187,reversal,13.8,https://op.gg/pokemon-champions/pokedex/morpeko,2026-09-23T08:35:14.730Z
10187,ice-fang,8.3,https://op.gg/pokemon-champions/pokedex/morpeko,2026-09-23T08:35:14.730Z
10230,flare-blitz,96.6,https://op.gg/pokemon-champions/pokedex/arcanine-hisui,2026-09-23T08:35:14.730Z
10230,head-smash,93,https://op.gg/pokemon-champions/pokedex/arcanine-hisui,2026-09-23T08:35:14.730Z
10230,extreme-speed,69.5,https://op.gg/pokemon-champions/pokedex/arcanine-hisui,2026-09-23T08:35:14.730Z
10230,wild-charge,50,https://op.gg/pokemon-champions/pokedex/arcanine-hisui,2026-09-23T08:35:14.730Z
10230,close-combat,28,https://op.gg/pokemon-champions/pokedex/arcanine-hisui,2026-09-23T08:35:14.730Z
10230,stealth-rock,13.2,https://op.gg/pokemon-champions/pokedex/arcanine-hisui,2026-09-23T08:35:14.730Z
10230,will-o-wisp,6.9,https://op.gg/pokemon-champions/pokedex/arcanine-hisui,2026-09-23T08:35:14.730Z
10230,outrage,6.4,https://op.gg/pokemon-champions/pokedex/arcanine-hisui,2026-09-23T08:35:14.730Z
10230,psychic-fangs,4.6,https://op.gg/pokemon-champions/pokedex/arcanine-hisui,2026-09-23T08:35:14.730Z
10230,double-edge,3.4,https://op.gg/pokemon-champions/pokedex/arcanine-hisui,2026-09-23T08:35:14.730Z
10233,eruption,76.6,https://op.gg/pokemon-champions/pokedex/typhlosion-hisui,2026-09-23T08:35:14.730Z
10233,infernal-parade,64.7,https://op.gg/pokemon-champions/pokedex/typhlosion-hisui,2026-09-23T08:35:14.730Z
10233,shadow-ball,48,https://op.gg/pokemon-champions/pokedex/typhlosion-hisui,2026-09-23T08:35:14.730Z
10233,focus-blast,39.8,https://op.gg/pokemon-champions/pokedex/typhlosion-hisui,2026-09-23T08:35:14.730Z
10233,flamethrower,26.8,https://op.gg/pokemon-champions/pokedex/typhlosion-hisui,2026-09-23T08:35:14.730Z
10233,will-o-wisp,18.7,https://op.gg/pokemon-champions/pokedex/typhlosion-hisui,2026-09-23T08:35:14.730Z
10233,burn-up,18.1,https://op.gg/pokemon-champions/pokedex/typhlosion-hisui,2026-09-23T08:35:14.730Z
10233,extrasensory,17.4,https://op.gg/pokemon-champions/pokedex/typhlosion-hisui,2026-09-23T08:35:14.730Z
10233,overheat,13.1,https://op.gg/pokemon-champions/pokedex/typhlosion-hisui,2026-09-23T08:35:14.730Z
10233,curse,10.4,https://op.gg/pokemon-champions/pokedex/typhlosion-hisui,2026-09-23T08:35:14.730Z
10236,ceaseless-edge,98.6,https://op.gg/pokemon-champions/pokedex/samurott-hisui,2026-09-23T08:35:14.730Z
10236,sacred-sword,90,https://op.gg/pokemon-champions/pokedex/samurott-hisui,2026-09-23T08:35:14.730Z
10236,sucker-punch,68.3,https://op.gg/pokemon-champions/pokedex/samurott-hisui,2026-09-23T08:35:14.730Z
10236,razor-shell,49,https://op.gg/pokemon-champions/pokedex/samurott-hisui,2026-09-23T08:35:14.730Z
10236,aqua-cutter,21.3,https://op.gg/pokemon-champions/pokedex/samurott-hisui,2026-09-23T08:35:14.730Z
10236,flip-turn,20.8,https://op.gg/pokemon-champions/pokedex/samurott-hisui,2026-09-23T08:35:14.730Z
10236,swords-dance,13.4,https://op.gg/pokemon-champions/pokedex/samurott-hisui,2026-09-23T08:35:14.730Z
10236,encore,13.3,https://op.gg/pokemon-champions/pokedex/samurott-hisui,2026-09-23T08:35:14.730Z
10236,aqua-jet,6,https://op.gg/pokemon-champions/pokedex/samurott-hisui,2026-09-23T08:35:14.730Z
10236,ice-beam,5.3,https://op.gg/pokemon-champions/pokedex/samurott-hisui,2026-09-23T08:35:14.730Z
10239,bitter-malice,70.3,https://op.gg/pokemon-champions/pokedex/zoroark-hisui,2026-09-23T08:35:14.730Z
10239,flamethrower,63.4,https://op.gg/pokemon-champions/pokedex/zoroark-hisui,2026-09-23T08:35:14.730Z
10239,icy-wind,59,https://op.gg/pokemon-champions/pokedex/zoroark-hisui,2026-09-23T08:35:14.730Z
10239,shadow-ball,26.2,https://op.gg/pokemon-champions/pokedex/zoroark-hisui,2026-09-23T08:35:14.730Z
10239,taunt,22,https://op.gg/pokemon-champions/pokedex/zoroark-hisui,2026-09-23T08:35:14.730Z
10239,focus-blast,18.8,https://op.gg/pokemon-champions/pokedex/zoroark-hisui,2026-09-23T08:35:14.730Z
10239,memento,15.5,https://op.gg/pokemon-champions/pokedex/zoroark-hisui,2026-09-23T08:35:14.730Z
10239,sludge-bomb,14,https://op.gg/pokemon-champions/pokedex/zoroark-hisui,2026-09-23T08:35:14.730Z
10239,shadow-sneak,13.8,https://op.gg/pokemon-champions/pokedex/zoroark-hisui,2026-09-23T08:35:14.730Z
10239,will-o-wisp,12.3,https://op.gg/pokemon-champions/pokedex/zoroark-hisui,2026-09-23T08:35:14.730Z
10242,flash-cannon,60.6,https://op.gg/pokemon-champions/pokedex/goodra-hisui,2026-09-23T08:35:14.730Z
10242,ice-beam,57,https://op.gg/pokemon-champions/pokedex/goodra-hisui,2026-09-23T08:35:14.730Z
10242,flamethrower,55.8,https://op.gg/pokemon-champions/pokedex/goodra-hisui,2026-09-23T08:35:14.730Z
10242,thunderbolt,47.8,https://op.gg/pokemon-champions/pokedex/goodra-hisui,2026-09-23T08:35:14.730Z
10242,draco-meteor,42,https://op.gg/pokemon-champions/pokedex/goodra-hisui,2026-09-23T08:35:14.730Z
10242,fire-blast,26.2,https://op.gg/pokemon-champions/pokedex/goodra-hisui,2026-09-23T08:35:14.730Z
10242,shelter,15.4,https://op.gg/pokemon-champions/pokedex/goodra-hisui,2026-09-23T08:35:14.730Z
10242,acid-spray,14.4,https://op.gg/pokemon-champions/pokedex/goodra-hisui,2026-09-23T08:35:14.730Z
10242,body-press,12.9,https://op.gg/pokemon-champions/pokedex/goodra-hisui,2026-09-23T08:35:14.730Z
10242,heavy-slam,8.9,https://op.gg/pokemon-champions/pokedex/goodra-hisui,2026-09-23T08:35:14.730Z
10243,mirror-coat,69.7,https://op.gg/pokemon-champions/pokedex/avalugg-hisui,2026-09-23T08:35:14.730Z
10243,mountain-gale,68,https://op.gg/pokemon-champions/pokedex/avalugg-hisui,2026-09-23T08:35:14.730Z
10243,earthquake,50.7,https://op.gg/pokemon-champions/pokedex/avalugg-hisui,2026-09-23T08:35:14.730Z
10243,stone-edge,34.4,https://op.gg/pokemon-champions/pokedex/avalugg-hisui,2026-09-23T08:35:14.730Z
10243,body-press,28.3,https://op.gg/pokemon-champions/pokedex/avalugg-hisui,2026-09-23T08:35:14.730Z
10243,rock-blast,21.3,https://op.gg/pokemon-champions/pokedex/avalugg-hisui,2026-09-23T08:35:14.730Z
10243,recover,20.2,https://op.gg/pokemon-champions/pokedex/avalugg-hisui,2026-09-23T08:35:14.730Z
10243,rapid-spin,18,https://op.gg/pokemon-champions/pokedex/avalugg-hisui,2026-09-23T08:35:14.730Z
10243,stealth-rock,16.1,https://op.gg/pokemon-champions/pokedex/avalugg-hisui,2026-09-23T08:35:14.730Z
10243,avalanche,11.9,https://op.gg/pokemon-champions/pokedex/avalugg-hisui,2026-09-23T08:35:14.730Z
10244,triple-arrows,98.1,https://op.gg/pokemon-champions/pokedex/decidueye-hisui,2026-09-23T08:35:14.730Z
10244,leaf-blade,88.7,https://op.gg/pokemon-champions/pokedex/decidueye-hisui,2026-09-23T08:35:14.730Z
10244,sucker-punch,60.9,https://op.gg/pokemon-champions/pokedex/decidueye-hisui,2026-09-23T08:35:14.730Z
10244,u-turn,28.2,https://op.gg/pokemon-champions/pokedex/decidueye-hisui,2026-09-23T08:35:14.730Z
10244,shadow-sneak,17.5,https://op.gg/pokemon-champions/pokedex/decidueye-hisui,2026-09-23T08:35:14.730Z
10244,rock-tomb,16.2,https://op.gg/pokemon-champions/pokedex/decidueye-hisui,2026-09-23T08:35:14.730Z
10244,upper-hand,13.6,https://op.gg/pokemon-champions/pokedex/decidueye-hisui,2026-09-23T08:35:14.730Z
10244,brave-bird,11.6,https://op.gg/pokemon-champions/pokedex/decidueye-hisui,2026-09-23T08:35:14.730Z
10244,swords-dance,9.8,https://op.gg/pokemon-champions/pokedex/decidueye-hisui,2026-09-23T08:35:14.730Z
10244,taunt,9,https://op.gg/pokemon-champions/pokedex/decidueye-hisui,2026-09-23T08:35:14.730Z
10248,shadow-ball,81.9,https://op.gg/pokemon-champions/pokedex/basculegion-female,2026-09-23T08:35:14.730Z
10248,ice-beam,74.5,https://op.gg/pokemon-champions/pokedex/basculegion-female,2026-09-23T08:35:14.730Z
10248,aqua-jet,68.5,https://op.gg/pokemon-champions/pokedex/basculegion-female,2026-09-23T08:35:14.730Z
10248,surf,61.8,https://op.gg/pokemon-champions/pokedex/basculegion-female,2026-09-23T08:35:14.730Z
10248,flip-turn,28.1,https://op.gg/pokemon-champions/pokedex/basculegion-female,2026-09-23T08:35:14.730Z
10248,hydro-pump,21.7,https://op.gg/pokemon-champions/pokedex/basculegion-female,2026-09-23T08:35:14.730Z
10248,last-respects,19.3,https://op.gg/pokemon-champions/pokedex/basculegion-female,2026-09-23T08:35:14.730Z
10248,wave-crash,14.4,https://op.gg/pokemon-champions/pokedex/basculegion-female,2026-09-23T08:35:14.730Z
10248,blizzard,4.9,https://op.gg/pokemon-champions/pokedex/basculegion-female,2026-09-23T08:35:14.730Z
10248,agility,4.7,https://op.gg/pokemon-champions/pokedex/basculegion-female,2026-09-23T08:35:14.730Z
10250,raging-bull,71,https://op.gg/pokemon-champions/pokedex/tauros-paldean-combat,2026-09-23T08:35:14.730Z
10250,earthquake,65.4,https://op.gg/pokemon-champions/pokedex/tauros-paldean-combat,2026-09-23T08:35:14.730Z
10250,close-combat,50.3,https://op.gg/pokemon-champions/pokedex/tauros-paldean-combat,2026-09-23T08:35:14.730Z
10250,wild-charge,33.8,https://op.gg/pokemon-champions/pokedex/tauros-paldean-combat,2026-09-23T08:35:14.730Z
10250,stone-edge,33.7,https://op.gg/pokemon-champions/pokedex/tauros-paldean-combat,2026-09-23T08:35:14.730Z
10250,iron-head,23,https://op.gg/pokemon-champions/pokedex/tauros-paldean-combat,2026-09-23T08:35:14.730Z
10250,rock-tomb,17.8,https://op.gg/pokemon-champions/pokedex/tauros-paldean-combat,2026-09-23T08:35:14.730Z
10250,outrage,14.7,https://op.gg/pokemon-champions/pokedex/tauros-paldean-combat,2026-09-23T08:35:14.730Z
10250,bulk-up,14.2,https://op.gg/pokemon-champions/pokedex/tauros-paldean-combat,2026-09-23T08:35:14.730Z
10250,reversal,11.8,https://op.gg/pokemon-champions/pokedex/tauros-paldean-combat,2026-09-23T08:35:14.730Z
10251,close-combat,93.7,https://op.gg/pokemon-champions/pokedex/tauros-paldean-blaze,2026-09-23T08:35:14.730Z
10251,raging-bull,79.7,https://op.gg/pokemon-champions/pokedex/tauros-paldean-blaze,2026-09-23T08:35:14.730Z
10251,wild-charge,48.9,https://op.gg/pokemon-champions/pokedex/tauros-paldean-blaze,2026-09-23T08:35:14.730Z
10251,earthquake,46.1,https://op.gg/pokemon-champions/pokedex/tauros-paldean-blaze,2026-09-23T08:35:14.730Z
10251,flare-blitz,41.2,https://op.gg/pokemon-champions/pokedex/tauros-paldean-blaze,2026-09-23T08:35:14.730Z
10251,stone-edge,33.6,https://op.gg/pokemon-champions/pokedex/tauros-paldean-blaze,2026-09-23T08:35:14.730Z
10251,will-o-wisp,11.1,https://op.gg/pokemon-champions/pokedex/tauros-paldean-blaze,2026-09-23T08:35:14.730Z
10251,rock-tomb,8.5,https://op.gg/pokemon-champions/pokedex/tauros-paldean-blaze,2026-09-23T08:35:14.730Z
10251,flame-charge,7.6,https://op.gg/pokemon-champions/pokedex/tauros-paldean-blaze,2026-09-23T08:35:14.730Z
10251,rock-slide,6.5,https://op.gg/pokemon-champions/pokedex/tauros-paldean-blaze,2026-09-23T08:35:14.730Z
10252,close-combat,87.4,https://op.gg/pokemon-champions/pokedex/tauros-paldean-aqua,2026-09-23T08:35:14.730Z
10252,raging-bull,86.8,https://op.gg/pokemon-champions/pokedex/tauros-paldean-aqua,2026-09-23T08:35:14.730Z
10252,aqua-jet,56.2,https://op.gg/pokemon-champions/pokedex/tauros-paldean-aqua,2026-09-23T08:35:14.730Z
10252,wild-charge,41.6,https://op.gg/pokemon-champions/pokedex/tauros-paldean-aqua,2026-09-23T08:35:14.730Z
10252,earthquake,31.3,https://op.gg/pokemon-champions/pokedex/tauros-paldean-aqua,2026-09-23T08:35:14.730Z
10252,wave-crash,18.5,https://op.gg/pokemon-champions/pokedex/tauros-paldean-aqua,2026-09-23T08:35:14.730Z
10252,bulk-up,14,https://op.gg/pokemon-champions/pokedex/tauros-paldean-aqua,2026-09-23T08:35:14.730Z
10252,rock-tomb,10.1,https://op.gg/pokemon-champions/pokedex/tauros-paldean-aqua,2026-09-23T08:35:14.730Z
10252,outrage,7.5,https://op.gg/pokemon-champions/pokedex/tauros-paldean-aqua,2026-09-23T08:35:14.730Z
10252,stone-edge,6,https://op.gg/pokemon-champions/pokedex/tauros-paldean-aqua,2026-09-23T08:35:14.730Z
10257,population-bomb,98.3,https://op.gg/pokemon-champions/pokedex/maushold-family-of-three,2026-09-23T08:35:14.730Z
10257,tidy-up,86.2,https://op.gg/pokemon-champions/pokedex/maushold-family-of-three,2026-09-23T08:35:14.730Z
10257,encore,65.7,https://op.gg/pokemon-champions/pokedex/maushold-family-of-three,2026-09-23T08:35:14.730Z
10257,bite,53.7,https://op.gg/pokemon-champions/pokedex/maushold-family-of-three,2026-09-23T08:35:14.730Z
10257,bullet-seed,20.6,https://op.gg/pokemon-champions/pokedex/maushold-family-of-three,2026-09-23T08:35:14.730Z
10257,baton-pass,14.1,https://op.gg/pokemon-champions/pokedex/maushold-family-of-three,2026-09-23T08:35:14.730Z
10257,play-rough,6.7,https://op.gg/pokemon-champions/pokedex/maushold-family-of-three,2026-09-23T08:35:14.730Z
10257,crunch,6.3,https://op.gg/pokemon-champions/pokedex/maushold-family-of-three,2026-09-23T08:35:14.730Z
10257,taunt,5.9,https://op.gg/pokemon-champions/pokedex/maushold-family-of-three,2026-09-23T08:35:14.730Z
10257,u-turn,5.4,https://op.gg/pokemon-champions/pokedex/maushold-family-of-three,2026-09-23T08:35:14.730Z
10261,final-gambit,77.4,https://op.gg/pokemon-champions/pokedex/squawkabilly-yellow-plumage,2026-09-23T08:35:14.730Z
10261,brave-bird,71.5,https://op.gg/pokemon-champions/pokedex/squawkabilly-yellow-plumage,2026-09-23T08:35:14.730Z
10261,parting-shot,66.5,https://op.gg/pokemon-champions/pokedex/squawkabilly-yellow-plumage,2026-09-23T08:35:14.730Z
10261,u-turn,56,https://op.gg/pokemon-champions/pokedex/squawkabilly-yellow-plumage,2026-09-23T08:35:14.730Z
10261,taunt,18.1,https://op.gg/pokemon-champions/pokedex/squawkabilly-yellow-plumage,2026-09-23T08:35:14.730Z
10261,foul-play,17.3,https://op.gg/pokemon-champions/pokedex/squawkabilly-yellow-plumage,2026-09-23T08:35:14.730Z
10261,tailwind,14.4,https://op.gg/pokemon-champions/pokedex/squawkabilly-yellow-plumage,2026-09-23T08:35:14.730Z
10261,quick-attack,14.2,https://op.gg/pokemon-champions/pokedex/squawkabilly-yellow-plumage,2026-09-23T08:35:14.730Z
10261,double-edge,13.9,https://op.gg/pokemon-champions/pokedex/squawkabilly-yellow-plumage,2026-09-23T08:35:14.730Z
10261,endeavor,8.4,https://op.gg/pokemon-champions/pokedex/squawkabilly-yellow-plumage,2026-09-23T08:35:14.730Z
10278,moonlight,81.3,https://op.gg/pokemon-champions/pokedex/mega-clefable,2026-09-23T08:35:14.730Z
10278,moonblast,80.5,https://op.gg/pokemon-champions/pokedex/mega-clefable,2026-09-23T08:35:14.730Z
10278,cosmic-power,51.3,https://op.gg/pokemon-champions/pokedex/mega-clefable,2026-09-23T08:35:14.730Z
10278,flamethrower,47.1,https://op.gg/pokemon-champions/pokedex/mega-clefable,2026-09-23T08:35:14.730Z
10278,calm-mind,33.4,https://op.gg/pokemon-champions/pokedex/mega-clefable,2026-09-23T08:35:14.730Z
10278,stored-power,29.8,https://op.gg/pokemon-champions/pokedex/mega-clefable,2026-09-23T08:35:14.730Z
10278,baton-pass,9.8,https://op.gg/pokemon-champions/pokedex/mega-clefable,2026-09-23T08:35:14.730Z
10278,mystical-fire,9.8,https://op.gg/pokemon-champions/pokedex/mega-clefable,2026-09-23T08:35:14.730Z
10278,stealth-rock,8.7,https://op.gg/pokemon-champions/pokedex/mega-clefable,2026-09-23T08:35:14.730Z
10278,encore,6,https://op.gg/pokemon-champions/pokedex/mega-clefable,2026-09-23T08:35:14.730Z
10279,strength-sap,93.9,https://op.gg/pokemon-champions/pokedex/mega-victreebel,2026-09-23T08:35:14.730Z
10279,giga-drain,75.2,https://op.gg/pokemon-champions/pokedex/mega-victreebel,2026-09-23T08:35:14.730Z
10279,sucker-punch,75,https://op.gg/pokemon-champions/pokedex/mega-victreebel,2026-09-23T08:35:14.730Z
10279,sludge-bomb,55.6,https://op.gg/pokemon-champions/pokedex/mega-victreebel,2026-09-23T08:35:14.730Z
10279,sludge-wave,20.1,https://op.gg/pokemon-champions/pokedex/mega-victreebel,2026-09-23T08:35:14.730Z
10279,encore,13.5,https://op.gg/pokemon-champions/pokedex/mega-victreebel,2026-09-23T08:35:14.730Z
10279,knock-off,11.8,https://op.gg/pokemon-champions/pokedex/mega-victreebel,2026-09-23T08:35:14.730Z
10279,leaf-storm,9.9,https://op.gg/pokemon-champions/pokedex/mega-victreebel,2026-09-23T08:35:14.730Z
10279,poison-jab,9.9,https://op.gg/pokemon-champions/pokedex/mega-victreebel,2026-09-23T08:35:14.730Z
10279,toxic,5.9,https://op.gg/pokemon-champions/pokedex/mega-victreebel,2026-09-23T08:35:14.730Z
10280,aqua-jet,80,https://op.gg/pokemon-champions/pokedex/mega-starmie,2026-09-23T08:35:14.730Z
10280,ice-spinner,77,https://op.gg/pokemon-champions/pokedex/mega-starmie,2026-09-23T08:35:14.730Z
10280,liquidation,75.3,https://op.gg/pokemon-champions/pokedex/mega-starmie,2026-09-23T08:35:14.730Z
10280,flip-turn,48,https://op.gg/pokemon-champions/pokedex/mega-starmie,2026-09-23T08:35:14.730Z
10280,psycho-cut,29.7,https://op.gg/pokemon-champions/pokedex/mega-starmie,2026-09-23T08:35:14.730Z
10280,zen-headbutt,27.9,https://op.gg/pokemon-champions/pokedex/mega-starmie,2026-09-23T08:35:14.730Z
10280,ice-beam,6.6,https://op.gg/pokemon-champions/pokedex/mega-starmie,2026-09-23T08:35:14.730Z
10280,rapid-spin,6.2,https://op.gg/pokemon-champions/pokedex/mega-starmie,2026-09-23T08:35:14.730Z
10280,waterfall,5.9,https://op.gg/pokemon-champions/pokedex/mega-starmie,2026-09-23T08:35:14.730Z
10280,minimize,5.4,https://op.gg/pokemon-champions/pokedex/mega-starmie,2026-09-23T08:35:14.730Z
10281,flamethrower,55.2,https://op.gg/pokemon-champions/pokedex/mega-dragonite,2026-09-23T08:35:14.730Z
10281,roost,50.9,https://op.gg/pokemon-champions/pokedex/mega-dragonite,2026-09-23T08:35:14.730Z
10281,extreme-speed,48.4,https://op.gg/pokemon-champions/pokedex/mega-dragonite,2026-09-23T08:35:14.730Z
10281,draco-meteor,45.8,https://op.gg/pokemon-champions/pokedex/mega-dragonite,2026-09-23T08:35:14.730Z
10281,thunderbolt,33.4,https://op.gg/pokemon-champions/pokedex/mega-dragonite,2026-09-23T08:35:14.730Z
10281,air-slash,30,https://op.gg/pokemon-champions/pokedex/mega-dragonite,2026-09-23T08:35:14.730Z
10281,earthquake,23,https://op.gg/pokemon-champions/pokedex/mega-dragonite,2026-09-23T08:35:14.730Z
10281,ice-beam,16.9,https://op.gg/pokemon-champions/pokedex/mega-dragonite,2026-09-23T08:35:14.730Z
10281,dragon-pulse,15.7,https://op.gg/pokemon-champions/pokedex/mega-dragonite,2026-09-23T08:35:14.730Z
10281,dragon-tail,13.9,https://op.gg/pokemon-champions/pokedex/mega-dragonite,2026-09-23T08:35:14.730Z
10282,weather-ball,97.7,https://op.gg/pokemon-champions/pokedex/mega-meganium,2026-09-23T08:35:14.730Z
10282,dazzling-gleam,90.4,https://op.gg/pokemon-champions/pokedex/mega-meganium,2026-09-23T08:35:14.730Z
10282,solar-beam,86.8,https://op.gg/pokemon-champions/pokedex/mega-meganium,2026-09-23T08:35:14.730Z
10282,synthesis,63.1,https://op.gg/pokemon-champions/pokedex/mega-meganium,2026-09-23T08:35:14.730Z
10282,substitute,22.3,https://op.gg/pokemon-champions/pokedex/mega-meganium,2026-09-23T08:35:14.730Z
10282,earth-power,14.5,https://op.gg/pokemon-champions/pokedex/mega-meganium,2026-09-23T08:35:14.730Z
10282,trailblaze,10.3,https://op.gg/pokemon-champions/pokedex/mega-meganium,2026-09-23T08:35:14.730Z
10282,protect,3.3,https://op.gg/pokemon-champions/pokedex/mega-meganium,2026-09-23T08:35:14.730Z
10282,ancient-power,2.7,https://op.gg/pokemon-champions/pokedex/mega-meganium,2026-09-23T08:35:14.730Z
10282,leech-seed,2.3,https://op.gg/pokemon-champions/pokedex/mega-meganium,2026-09-23T08:35:14.730Z
10283,liquidation,77.7,https://op.gg/pokemon-champions/pokedex/mega-feraligatr,2026-09-23T08:35:14.730Z
10283,dragon-dance,54.9,https://op.gg/pokemon-champions/pokedex/mega-feraligatr,2026-09-23T08:35:14.730Z
10283,aqua-jet,47.4,https://op.gg/pokemon-champions/pokedex/mega-feraligatr,2026-09-23T08:35:14.730Z
10283,ice-punch,46.9,https://op.gg/pokemon-champions/pokedex/mega-feraligatr,2026-09-23T08:35:14.730Z
10283,earthquake,34.5,https://op.gg/pokemon-champions/pokedex/mega-feraligatr,2026-09-23T08:35:14.730Z
10283,double-edge,23.1,https://op.gg/pokemon-champions/pokedex/mega-feraligatr,2026-09-23T08:35:14.730Z
10283,body-slam,17.1,https://op.gg/pokemon-champions/pokedex/mega-feraligatr,2026-09-23T08:35:14.730Z
10283,swords-dance,12.7,https://op.gg/pokemon-champions/pokedex/mega-feraligatr,2026-09-23T08:35:14.730Z
10283,crunch,10.5,https://op.gg/pokemon-champions/pokedex/mega-feraligatr,2026-09-23T08:35:14.730Z
10283,waterfall,9.6,https://op.gg/pokemon-champions/pokedex/mega-feraligatr,2026-09-23T08:35:14.730Z
10284,roost,74.1,https://op.gg/pokemon-champions/pokedex/mega-skarmory,2026-09-23T08:35:14.730Z
10284,stealth-rock,70.7,https://op.gg/pokemon-champions/pokedex/mega-skarmory,2026-09-23T08:35:14.730Z
10284,whirlwind,58,https://op.gg/pokemon-champions/pokedex/mega-skarmory,2026-09-23T08:35:14.730Z
10284,body-press,39.3,https://op.gg/pokemon-champions/pokedex/mega-skarmory,2026-09-23T08:35:14.730Z
10284,iron-defense,25.3,https://op.gg/pokemon-champions/pokedex/mega-skarmory,2026-09-23T08:35:14.730Z
10284,taunt,24.9,https://op.gg/pokemon-champions/pokedex/mega-skarmory,2026-09-23T08:35:14.730Z
10284,spikes,22.1,https://op.gg/pokemon-champions/pokedex/mega-skarmory,2026-09-23T08:35:14.730Z
10284,iron-head,21.4,https://op.gg/pokemon-champions/pokedex/mega-skarmory,2026-09-23T08:35:14.730Z
10284,brave-bird,20.2,https://op.gg/pokemon-champions/pokedex/mega-skarmory,2026-09-23T08:35:14.730Z
10284,swords-dance,10.3,https://op.gg/pokemon-champions/pokedex/mega-skarmory,2026-09-23T08:35:14.730Z
10285,blizzard,95.4,https://op.gg/pokemon-champions/pokedex/mega-froslass,2026-09-23T08:35:14.730Z
10285,shadow-ball,79.1,https://op.gg/pokemon-champions/pokedex/mega-froslass,2026-09-23T08:35:14.730Z
10285,aurora-veil,54.7,https://op.gg/pokemon-champions/pokedex/mega-froslass,2026-09-23T08:35:14.730Z
10285,thunderbolt,49.7,https://op.gg/pokemon-champions/pokedex/mega-froslass,2026-09-23T08:35:14.730Z
10285,destiny-bond,29,https://op.gg/pokemon-champions/pokedex/mega-froslass,2026-09-23T08:35:14.730Z
10285,will-o-wisp,19.9,https://op.gg/pokemon-champions/pokedex/mega-froslass,2026-09-23T08:35:14.730Z
10285,ice-shard,13.5,https://op.gg/pokemon-champions/pokedex/mega-froslass,2026-09-23T08:35:14.730Z
10285,taunt,11.2,https://op.gg/pokemon-champions/pokedex/mega-froslass,2026-09-23T08:35:14.730Z
10285,hex,10.6,https://op.gg/pokemon-champions/pokedex/mega-froslass,2026-09-23T08:35:14.730Z
10285,nasty-plot,9.8,https://op.gg/pokemon-champions/pokedex/mega-froslass,2026-09-23T08:35:14.730Z
10286,flare-blitz,85.6,https://op.gg/pokemon-champions/pokedex/mega-emboar,2026-09-23T08:35:14.730Z
10286,sucker-punch,54.5,https://op.gg/pokemon-champions/pokedex/mega-emboar,2026-09-23T08:35:14.730Z
10286,close-combat,47.1,https://op.gg/pokemon-champions/pokedex/mega-emboar,2026-09-23T08:35:14.730Z
10286,earthquake,33.9,https://op.gg/pokemon-champions/pokedex/mega-emboar,2026-09-23T08:35:14.730Z
10286,wild-charge,32.6,https://op.gg/pokemon-champions/pokedex/mega-emboar,2026-09-23T08:35:14.730Z
10286,drain-punch,28.1,https://op.gg/pokemon-champions/pokedex/mega-emboar,2026-09-23T08:35:14.730Z
10286,head-smash,26.1,https://op.gg/pokemon-champions/pokedex/mega-emboar,2026-09-23T08:35:14.730Z
10286,storm-throw,12.9,https://op.gg/pokemon-champions/pokedex/mega-emboar,2026-09-23T08:35:14.730Z
10286,bulk-up,12.6,https://op.gg/pokemon-champions/pokedex/mega-emboar,2026-09-23T08:35:14.730Z
10286,flame-charge,6.7,https://op.gg/pokemon-champions/pokedex/mega-emboar,2026-09-23T08:35:14.730Z
10287,earthquake,97.6,https://op.gg/pokemon-champions/pokedex/mega-excadrill,2026-09-23T08:35:14.730Z
10287,iron-head,96.9,https://op.gg/pokemon-champions/pokedex/mega-excadrill,2026-09-23T08:35:14.730Z
10287,rock-slide,70.3,https://op.gg/pokemon-champions/pokedex/mega-excadrill,2026-09-23T08:35:14.730Z
10287,horn-drill,33.8,https://op.gg/pokemon-champions/pokedex/mega-excadrill,2026-09-23T08:35:14.730Z
10287,swords-dance,28.1,https://op.gg/pokemon-champions/pokedex/mega-excadrill,2026-09-23T08:35:14.730Z
10287,rapid-spin,11.6,https://op.gg/pokemon-champions/pokedex/mega-excadrill,2026-09-23T08:35:14.730Z
10287,rock-tomb,11.6,https://op.gg/pokemon-champions/pokedex/mega-excadrill,2026-09-23T08:35:14.730Z
10287,brick-break,8.9,https://op.gg/pokemon-champions/pokedex/mega-excadrill,2026-09-23T08:35:14.730Z
10287,poison-jab,7.5,https://op.gg/pokemon-champions/pokedex/mega-excadrill,2026-09-23T08:35:14.730Z
10287,stealth-rock,7.2,https://op.gg/pokemon-champions/pokedex/mega-excadrill,2026-09-23T08:35:14.730Z
10288,swords-dance,67.8,https://op.gg/pokemon-champions/pokedex/mega-scolipede,2026-09-23T08:35:14.730Z
10288,earthquake,57.3,https://op.gg/pokemon-champions/pokedex/mega-scolipede,2026-09-23T08:35:14.730Z
10288,leech-life,53.4,https://op.gg/pokemon-champions/pokedex/mega-scolipede,2026-09-23T08:35:14.730Z
10288,baton-pass,48.1,https://op.gg/pokemon-champions/pokedex/mega-scolipede,2026-09-23T08:35:14.730Z
10288,protect,44.9,https://op.gg/pokemon-champions/pokedex/mega-scolipede,2026-09-23T08:35:14.730Z
10288,poison-jab,33.9,https://op.gg/pokemon-champions/pokedex/mega-scolipede,2026-09-23T08:35:14.730Z
10288,iron-defense,32.3,https://op.gg/pokemon-champions/pokedex/mega-scolipede,2026-09-23T08:35:14.730Z
10288,substitute,17.4,https://op.gg/pokemon-champions/pokedex/mega-scolipede,2026-09-23T08:35:14.730Z
10288,gunk-shot,15.1,https://op.gg/pokemon-champions/pokedex/mega-scolipede,2026-09-23T08:35:14.730Z
10288,rock-slide,8.8,https://op.gg/pokemon-champions/pokedex/mega-scolipede,2026-09-23T08:35:14.730Z
10289,drain-punch,83.1,https://op.gg/pokemon-champions/pokedex/mega-scrafty,2026-09-23T08:35:14.730Z
10289,knock-off,69.8,https://op.gg/pokemon-champions/pokedex/mega-scrafty,2026-09-23T08:35:14.730Z
10289,dragon-dance,43.8,https://op.gg/pokemon-champions/pokedex/mega-scrafty,2026-09-23T08:35:14.730Z
10289,ice-punch,41.3,https://op.gg/pokemon-champions/pokedex/mega-scrafty,2026-09-23T08:35:14.730Z
10289,bulk-up,28.5,https://op.gg/pokemon-champions/pokedex/mega-scrafty,2026-09-23T08:35:14.730Z
10289,poison-jab,19,https://op.gg/pokemon-champions/pokedex/mega-scrafty,2026-09-23T08:35:14.730Z
10289,taunt,17.6,https://op.gg/pokemon-champions/pokedex/mega-scrafty,2026-09-23T08:35:14.730Z
10289,throat-chop,11.1,https://op.gg/pokemon-champions/pokedex/mega-scrafty,2026-09-23T08:35:14.730Z
10289,high-jump-kick,9.9,https://op.gg/pokemon-champions/pokedex/mega-scrafty,2026-09-23T08:35:14.730Z
10289,fire-punch,9.3,https://op.gg/pokemon-champions/pokedex/mega-scrafty,2026-09-23T08:35:14.730Z
10290,flamethrower,59.2,https://op.gg/pokemon-champions/pokedex/mega-eelektross,2026-09-23T08:35:14.730Z
10290,thunderbolt,50.7,https://op.gg/pokemon-champions/pokedex/mega-eelektross,2026-09-23T08:35:14.730Z
10290,dragon-pulse,47,https://op.gg/pokemon-champions/pokedex/mega-eelektross,2026-09-23T08:35:14.730Z
10290,giga-drain,41.1,https://op.gg/pokemon-champions/pokedex/mega-eelektross,2026-09-23T08:35:14.730Z
10290,supercell-slam,30.5,https://op.gg/pokemon-champions/pokedex/mega-eelektross,2026-09-23T08:35:14.730Z
10290,drain-punch,26.5,https://op.gg/pokemon-champions/pokedex/mega-eelektross,2026-09-23T08:35:14.730Z
10290,coil,24.4,https://op.gg/pokemon-champions/pokedex/mega-eelektross,2026-09-23T08:35:14.730Z
10290,grass-knot,13,https://op.gg/pokemon-champions/pokedex/mega-eelektross,2026-09-23T08:35:14.730Z
10290,liquidation,9.9,https://op.gg/pokemon-champions/pokedex/mega-eelektross,2026-09-23T08:35:14.730Z
10290,volt-switch,8.7,https://op.gg/pokemon-champions/pokedex/mega-eelektross,2026-09-23T08:35:14.730Z
10291,shadow-ball,91,https://op.gg/pokemon-champions/pokedex/mega-chandelure,2026-09-23T08:35:14.730Z
10291,flamethrower,69.6,https://op.gg/pokemon-champions/pokedex/mega-chandelure,2026-09-23T08:35:14.730Z
10291,energy-ball,62.9,https://op.gg/pokemon-champions/pokedex/mega-chandelure,2026-09-23T08:35:14.730Z
10291,overheat,38.2,https://op.gg/pokemon-champions/pokedex/mega-chandelure,2026-09-23T08:35:14.730Z
10291,trick,17.3,https://op.gg/pokemon-champions/pokedex/mega-chandelure,2026-09-23T08:35:14.730Z
10291,psychic,14.3,https://op.gg/pokemon-champions/pokedex/mega-chandelure,2026-09-23T08:35:14.730Z
10291,will-o-wisp,13.8,https://op.gg/pokemon-champions/pokedex/mega-chandelure,2026-09-23T08:35:14.730Z
10291,minimize,12.7,https://op.gg/pokemon-champions/pokedex/mega-chandelure,2026-09-23T08:35:14.730Z
10291,substitute,10.4,https://op.gg/pokemon-champions/pokedex/mega-chandelure,2026-09-23T08:35:14.730Z
10291,trick-room,8.9,https://op.gg/pokemon-champions/pokedex/mega-chandelure,2026-09-23T08:35:14.730Z
10292,body-press,83.6,https://op.gg/pokemon-champions/pokedex/mega-chesnaught,2026-09-23T08:35:14.730Z
10292,iron-defense,71.7,https://op.gg/pokemon-champions/pokedex/mega-chesnaught,2026-09-23T08:35:14.730Z
10292,synthesis,70.8,https://op.gg/pokemon-champions/pokedex/mega-chesnaught,2026-09-23T08:35:14.730Z
10292,earthquake,40,https://op.gg/pokemon-champions/pokedex/mega-chesnaught,2026-09-23T08:35:14.730Z
10292,leech-seed,30.1,https://op.gg/pokemon-champions/pokedex/mega-chesnaught,2026-09-23T08:35:14.730Z
10292,spiky-shield,19.1,https://op.gg/pokemon-champions/pokedex/mega-chesnaught,2026-09-23T08:35:14.730Z
10292,wood-hammer,17.3,https://op.gg/pokemon-champions/pokedex/mega-chesnaught,2026-09-23T08:35:14.730Z
10292,knock-off,10.8,https://op.gg/pokemon-champions/pokedex/mega-chesnaught,2026-09-23T08:35:14.730Z
10292,drain-punch,10.1,https://op.gg/pokemon-champions/pokedex/mega-chesnaught,2026-09-23T08:35:14.730Z
10292,seed-bomb,4.9,https://op.gg/pokemon-champions/pokedex/mega-chesnaught,2026-09-23T08:35:14.730Z
10293,flamethrower,69.6,https://op.gg/pokemon-champions/pokedex/mega-delphox,2026-09-23T08:35:14.730Z
10293,psychic,55.7,https://op.gg/pokemon-champions/pokedex/mega-delphox,2026-09-23T08:35:14.730Z
10293,nasty-plot,50.6,https://op.gg/pokemon-champions/pokedex/mega-delphox,2026-09-23T08:35:14.730Z
10293,dazzling-gleam,45.1,https://op.gg/pokemon-champions/pokedex/mega-delphox,2026-09-23T08:35:14.730Z
10293,substitute,33.9,https://op.gg/pokemon-champions/pokedex/mega-delphox,2026-09-23T08:35:14.730Z
10293,psyshock,31,https://op.gg/pokemon-champions/pokedex/mega-delphox,2026-09-23T08:35:14.730Z
10293,encore,23.5,https://op.gg/pokemon-champions/pokedex/mega-delphox,2026-09-23T08:35:14.730Z
10293,mystical-fire,15.8,https://op.gg/pokemon-champions/pokedex/mega-delphox,2026-09-23T08:35:14.730Z
10293,protect,12.8,https://op.gg/pokemon-champions/pokedex/mega-delphox,2026-09-23T08:35:14.730Z
10293,overheat,10.4,https://op.gg/pokemon-champions/pokedex/mega-delphox,2026-09-23T08:35:14.730Z
10294,ice-beam,95.1,https://op.gg/pokemon-champions/pokedex/mega-greninja,2026-09-23T08:35:14.730Z
10294,dark-pulse,83,https://op.gg/pokemon-champions/pokedex/mega-greninja,2026-09-23T08:35:14.730Z
10294,sludge-wave,78.5,https://op.gg/pokemon-champions/pokedex/mega-greninja,2026-09-23T08:35:14.730Z
10294,water-shuriken,41.3,https://op.gg/pokemon-champions/pokedex/mega-greninja,2026-09-23T08:35:14.730Z
10294,surf,38.4,https://op.gg/pokemon-champions/pokedex/mega-greninja,2026-09-23T08:35:14.730Z
10294,grass-knot,13.8,https://op.gg/pokemon-champions/pokedex/mega-greninja,2026-09-23T08:35:14.730Z
10294,mud-shot,9.9,https://op.gg/pokemon-champions/pokedex/mega-greninja,2026-09-23T08:35:14.730Z
10294,hydro-pump,8.3,https://op.gg/pokemon-champions/pokedex/mega-greninja,2026-09-23T08:35:14.730Z
10294,toxic-spikes,7,https://op.gg/pokemon-champions/pokedex/mega-greninja,2026-09-23T08:35:14.730Z
10294,u-turn,4.6,https://op.gg/pokemon-champions/pokedex/mega-greninja,2026-09-23T08:35:14.730Z
10295,flamethrower,93.8,https://op.gg/pokemon-champions/pokedex/mega-pyroar,2026-09-23T08:35:14.730Z
10295,overheat,79.3,https://op.gg/pokemon-champions/pokedex/mega-pyroar,2026-09-23T08:35:14.730Z
10295,yawn,59.9,https://op.gg/pokemon-champions/pokedex/mega-pyroar,2026-09-23T08:35:14.730Z
10295,protect,35.8,https://op.gg/pokemon-champions/pokedex/mega-pyroar,2026-09-23T08:35:14.730Z
10295,hyper-voice,33.9,https://op.gg/pokemon-champions/pokedex/mega-pyroar,2026-09-23T08:35:14.730Z
10295,scorching-sands,17.8,https://op.gg/pokemon-champions/pokedex/mega-pyroar,2026-09-23T08:35:14.730Z
10295,flame-charge,11.1,https://op.gg/pokemon-champions/pokedex/mega-pyroar,2026-09-23T08:35:14.730Z
10295,substitute,10.5,https://op.gg/pokemon-champions/pokedex/mega-pyroar,2026-09-23T08:35:14.730Z
10295,dark-pulse,10.3,https://op.gg/pokemon-champions/pokedex/mega-pyroar,2026-09-23T08:35:14.730Z
10295,will-o-wisp,9.4,https://op.gg/pokemon-champions/pokedex/mega-pyroar,2026-09-23T08:35:14.730Z
10296,moonblast,90.2,https://op.gg/pokemon-champions/pokedex/mega-floette,2026-09-23T08:35:14.730Z
10296,calm-mind,83.4,https://op.gg/pokemon-champions/pokedex/mega-floette,2026-09-23T08:35:14.730Z
10296,draining-kiss,58.6,https://op.gg/pokemon-champions/pokedex/mega-floette,2026-09-23T08:35:14.730Z
10296,light-of-ruin,43.9,https://op.gg/pokemon-champions/pokedex/mega-floette,2026-09-23T08:35:14.730Z
10296,synthesis,37.4,https://op.gg/pokemon-champions/pokedex/mega-floette,2026-09-23T08:35:14.730Z
10296,psychic,27.5,https://op.gg/pokemon-champions/pokedex/mega-floette,2026-09-23T08:35:14.730Z
10296,charm,17.4,https://op.gg/pokemon-champions/pokedex/mega-floette,2026-09-23T08:35:14.730Z
10296,substitute,14,https://op.gg/pokemon-champions/pokedex/mega-floette,2026-09-23T08:35:14.730Z
10296,trick,7.9,https://op.gg/pokemon-champions/pokedex/mega-floette,2026-09-23T08:35:14.730Z
10296,misty-terrain,3.1,https://op.gg/pokemon-champions/pokedex/mega-floette,2026-09-23T08:35:14.730Z
10297,superpower,60.2,https://op.gg/pokemon-champions/pokedex/mega-malamar,2026-09-23T08:35:14.730Z
10297,baton-pass,46.6,https://op.gg/pokemon-champions/pokedex/mega-malamar,2026-09-23T08:35:14.730Z
10297,knock-off,38.2,https://op.gg/pokemon-champions/pokedex/mega-malamar,2026-09-23T08:35:14.730Z
10297,stored-power,23.2,https://op.gg/pokemon-champions/pokedex/mega-malamar,2026-09-23T08:35:14.730Z
10297,taunt,22.7,https://op.gg/pokemon-champions/pokedex/mega-malamar,2026-09-23T08:35:14.730Z
10297,substitute,22.2,https://op.gg/pokemon-champions/pokedex/mega-malamar,2026-09-23T08:35:14.730Z
10297,topsy-turvy,21.6,https://op.gg/pokemon-champions/pokedex/mega-malamar,2026-09-23T08:35:14.730Z
10297,calm-mind,17.7,https://op.gg/pokemon-champions/pokedex/mega-malamar,2026-09-23T08:35:14.730Z
10297,dark-pulse,17.3,https://op.gg/pokemon-champions/pokedex/mega-malamar,2026-09-23T08:35:14.730Z
10297,psycho-cut,16.8,https://op.gg/pokemon-champions/pokedex/mega-malamar,2026-09-23T08:35:14.730Z
10298,shell-smash,91.2,https://op.gg/pokemon-champions/pokedex/mega-barbaracle,2026-09-23T08:35:14.730Z
10298,close-combat,88.5,https://op.gg/pokemon-champions/pokedex/mega-barbaracle,2026-09-23T08:35:14.730Z
10298,rock-blast,56.3,https://op.gg/pokemon-champions/pokedex/mega-barbaracle,2026-09-23T08:35:14.730Z
10298,liquidation,36.8,https://op.gg/pokemon-champions/pokedex/mega-barbaracle,2026-09-23T08:35:14.730Z
10298,earthquake,27.1,https://op.gg/pokemon-champions/pokedex/mega-barbaracle,2026-09-23T08:35:14.730Z
10298,shadow-claw,19.1,https://op.gg/pokemon-champions/pokedex/mega-barbaracle,2026-09-23T08:35:14.730Z
10298,poison-jab,16.2,https://op.gg/pokemon-champions/pokedex/mega-barbaracle,2026-09-23T08:35:14.730Z
10298,stone-edge,15.4,https://op.gg/pokemon-champions/pokedex/mega-barbaracle,2026-09-23T08:35:14.730Z
10298,rock-slide,11.7,https://op.gg/pokemon-champions/pokedex/mega-barbaracle,2026-09-23T08:35:14.730Z
10298,night-slash,7.8,https://op.gg/pokemon-champions/pokedex/mega-barbaracle,2026-09-23T08:35:14.730Z
10299,draco-meteor,87.8,https://op.gg/pokemon-champions/pokedex/mega-dragalge,2026-09-23T08:35:14.730Z
10299,flip-turn,84.8,https://op.gg/pokemon-champions/pokedex/mega-dragalge,2026-09-23T08:35:14.730Z
10299,toxic,50.9,https://op.gg/pokemon-champions/pokedex/mega-dragalge,2026-09-23T08:35:14.730Z
10299,sludge-wave,36.9,https://op.gg/pokemon-champions/pokedex/mega-dragalge,2026-09-23T08:35:14.730Z
10299,toxic-spikes,27.2,https://op.gg/pokemon-champions/pokedex/mega-dragalge,2026-09-23T08:35:14.730Z
10299,sludge-bomb,26.5,https://op.gg/pokemon-champions/pokedex/mega-dragalge,2026-09-23T08:35:14.730Z
10299,thunderbolt,23.7,https://op.gg/pokemon-champions/pokedex/mega-dragalge,2026-09-23T08:35:14.730Z
10299,scald,9.1,https://op.gg/pokemon-champions/pokedex/mega-dragalge,2026-09-23T08:35:14.730Z
10299,shadow-ball,9,https://op.gg/pokemon-champions/pokedex/mega-dragalge,2026-09-23T08:35:14.730Z
10299,focus-blast,7.9,https://op.gg/pokemon-champions/pokedex/mega-dragalge,2026-09-23T08:35:14.730Z
10300,swords-dance,59.8,https://op.gg/pokemon-champions/pokedex/mega-hawlucha,2026-09-23T08:35:14.730Z
10300,acrobatics,56.8,https://op.gg/pokemon-champions/pokedex/mega-hawlucha,2026-09-23T08:35:14.730Z
10300,close-combat,38.9,https://op.gg/pokemon-champions/pokedex/mega-hawlucha,2026-09-23T08:35:14.730Z
10300,high-jump-kick,35.4,https://op.gg/pokemon-champions/pokedex/mega-hawlucha,2026-09-23T08:35:14.730Z
10300,encore,32,https://op.gg/pokemon-champions/pokedex/mega-hawlucha,2026-09-23T08:35:14.730Z
10300,brave-bird,27.3,https://op.gg/pokemon-champions/pokedex/mega-hawlucha,2026-09-23T08:35:14.730Z
10300,stone-edge,21,https://op.gg/pokemon-champions/pokedex/mega-hawlucha,2026-09-23T08:35:14.730Z
10300,taunt,11.5,https://op.gg/pokemon-champions/pokedex/mega-hawlucha,2026-09-23T08:35:14.730Z
10300,bulk-up,10.1,https://op.gg/pokemon-champions/pokedex/mega-hawlucha,2026-09-23T08:35:14.730Z
10300,flying-press,9.9,https://op.gg/pokemon-champions/pokedex/mega-hawlucha,2026-09-23T08:35:14.730Z
10302,flamethrower,64,https://op.gg/pokemon-champions/pokedex/mega-drampa,2026-09-23T08:35:14.730Z
10302,draco-meteor,52.4,https://op.gg/pokemon-champions/pokedex/mega-drampa,2026-09-23T08:35:14.730Z
10302,thunderbolt,47.2,https://op.gg/pokemon-champions/pokedex/mega-drampa,2026-09-23T08:35:14.730Z
10302,hyper-voice,35.7,https://op.gg/pokemon-champions/pokedex/mega-drampa,2026-09-23T08:35:14.730Z
10302,roost,30.8,https://op.gg/pokemon-champions/pokedex/mega-drampa,2026-09-23T08:35:14.730Z
10302,dragon-pulse,29.3,https://op.gg/pokemon-champions/pokedex/mega-drampa,2026-09-23T08:35:14.730Z
10302,earth-power,23.7,https://op.gg/pokemon-champions/pokedex/mega-drampa,2026-09-23T08:35:14.730Z
10302,ice-beam,22.8,https://op.gg/pokemon-champions/pokedex/mega-drampa,2026-09-23T08:35:14.730Z
10302,calm-mind,12.1,https://op.gg/pokemon-champions/pokedex/mega-drampa,2026-09-23T08:35:14.730Z
10302,fire-blast,12.1,https://op.gg/pokemon-champions/pokedex/mega-drampa,2026-09-23T08:35:14.730Z
10303,close-combat,89.3,https://op.gg/pokemon-champions/pokedex/mega-falinks,2026-09-23T08:35:14.730Z
10303,no-retreat,81,https://op.gg/pokemon-champions/pokedex/mega-falinks,2026-09-23T08:35:14.730Z
10303,knock-off,43.2,https://op.gg/pokemon-champions/pokedex/mega-falinks,2026-09-23T08:35:14.730Z
10303,poison-jab,33.3,https://op.gg/pokemon-champions/pokedex/mega-falinks,2026-09-23T08:35:14.730Z
10303,first-impression,24.3,https://op.gg/pokemon-champions/pokedex/mega-falinks,2026-09-23T08:35:14.730Z
10303,iron-head,20.7,https://op.gg/pokemon-champions/pokedex/mega-falinks,2026-09-23T08:35:14.730Z
10303,rock-slide,19,https://op.gg/pokemon-champions/pokedex/mega-falinks,2026-09-23T08:35:14.730Z
10303,high-horsepower,17.6,https://op.gg/pokemon-champions/pokedex/mega-falinks,2026-09-23T08:35:14.730Z
10303,throat-chop,15.3,https://op.gg/pokemon-champions/pokedex/mega-falinks,2026-09-23T08:35:14.730Z
10303,counter,9.4,https://op.gg/pokemon-champions/pokedex/mega-falinks,2026-09-23T08:35:14.730Z
10304,zap-cannon,92.5,https://op.gg/pokemon-champions/pokedex/mega-raichu-x,2026-09-23T08:35:14.730Z
10304,focus-blast,92.1,https://op.gg/pokemon-champions/pokedex/mega-raichu-x,2026-09-23T08:35:14.730Z
10304,grass-knot,62.6,https://op.gg/pokemon-champions/pokedex/mega-raichu-x,2026-09-23T08:35:14.730Z
10304,substitute,24.8,https://op.gg/pokemon-champions/pokedex/mega-raichu-x,2026-09-23T08:35:14.730Z
10304,volt-switch,21.1,https://op.gg/pokemon-champions/pokedex/mega-raichu-x,2026-09-23T08:35:14.730Z
10304,nasty-plot,18.8,https://op.gg/pokemon-champions/pokedex/mega-raichu-x,2026-09-23T08:35:14.730Z
10304,fake-out,16.3,https://op.gg/pokemon-champions/pokedex/mega-raichu-x,2026-09-23T08:35:14.730Z
10304,encore,14.5,https://op.gg/pokemon-champions/pokedex/mega-raichu-x,2026-09-23T08:35:14.730Z
10304,alluring-voice,12.3,https://op.gg/pokemon-champions/pokedex/mega-raichu-x,2026-09-23T08:35:14.730Z
10304,protect,5.2,https://op.gg/pokemon-champions/pokedex/mega-raichu-x,2026-09-23T08:35:14.730Z
10305,zap-cannon,92.5,https://op.gg/pokemon-champions/pokedex/mega-raichu-y,2026-09-23T08:35:14.730Z
10305,focus-blast,92.1,https://op.gg/pokemon-champions/pokedex/mega-raichu-y,2026-09-23T08:35:14.730Z
10305,grass-knot,62.6,https://op.gg/pokemon-champions/pokedex/mega-raichu-y,2026-09-23T08:35:14.730Z
10305,substitute,24.8,https://op.gg/pokemon-champions/pokedex/mega-raichu-y,2026-09-23T08:35:14.730Z
10305,volt-switch,21.1,https://op.gg/pokemon-champions/pokedex/mega-raichu-y,2026-09-23T08:35:14.730Z
10305,nasty-plot,18.8,https://op.gg/pokemon-champions/pokedex/mega-raichu-y,2026-09-23T08:35:14.730Z
10305,fake-out,16.3,https://op.gg/pokemon-champions/pokedex/mega-raichu-y,2026-09-23T08:35:14.730Z
10305,encore,14.5,https://op.gg/pokemon-champions/pokedex/mega-raichu-y,2026-09-23T08:35:14.730Z
10305,alluring-voice,12.3,https://op.gg/pokemon-champions/pokedex/mega-raichu-y,2026-09-23T08:35:14.730Z
10305,protect,5.2,https://op.gg/pokemon-champions/pokedex/mega-raichu-y,2026-09-23T08:35:14.730Z
10306,recover,85.5,https://op.gg/pokemon-champions/pokedex/mega-chimecho,2026-09-23T08:35:14.730Z
10306,cosmic-power,55.8,https://op.gg/pokemon-champions/pokedex/mega-chimecho,2026-09-23T08:35:14.730Z
10306,stored-power,52,https://op.gg/pokemon-champions/pokedex/mega-chimecho,2026-09-23T08:35:14.730Z
10306,calm-mind,31.2,https://op.gg/pokemon-champions/pokedex/mega-chimecho,2026-09-23T08:35:14.730Z
10306,flash-cannon,26.3,https://op.gg/pokemon-champions/pokedex/mega-chimecho,2026-09-23T08:35:14.730Z
10306,boomburst,20,https://op.gg/pokemon-champions/pokedex/mega-chimecho,2026-09-23T08:35:14.730Z
10306,psychic-noise,18,https://op.gg/pokemon-champions/pokedex/mega-chimecho,2026-09-23T08:35:14.730Z
10306,psychic,11.4,https://op.gg/pokemon-champions/pokedex/mega-chimecho,2026-09-23T08:35:14.730Z
10306,dazzling-gleam,11.2,https://op.gg/pokemon-champions/pokedex/mega-chimecho,2026-09-23T08:35:14.730Z
10306,shadow-ball,11.2,https://op.gg/pokemon-champions/pokedex/mega-chimecho,2026-09-23T08:35:14.730Z
10307,shadow-claw,89.9,https://op.gg/pokemon-champions/pokedex/mega-absol-z,2026-09-23T08:35:14.730Z
10307,sucker-punch,70.9,https://op.gg/pokemon-champions/pokedex/mega-absol-z,2026-09-23T08:35:14.730Z
10307,close-combat,65.5,https://op.gg/pokemon-champions/pokedex/mega-absol-z,2026-09-23T08:35:14.730Z
10307,swords-dance,64.1,https://op.gg/pokemon-champions/pokedex/mega-absol-z,2026-09-23T08:35:14.730Z
10307,night-slash,37.2,https://op.gg/pokemon-champions/pokedex/mega-absol-z,2026-09-23T08:35:14.730Z
10307,psycho-cut,16.2,https://op.gg/pokemon-champions/pokedex/mega-absol-z,2026-09-23T08:35:14.730Z
10307,shadow-sneak,13.3,https://op.gg/pokemon-champions/pokedex/mega-absol-z,2026-09-23T08:35:14.730Z
10307,play-rough,5.4,https://op.gg/pokemon-champions/pokedex/mega-absol-z,2026-09-23T08:35:14.730Z
10307,x-scissor,5.4,https://op.gg/pokemon-champions/pokedex/mega-absol-z,2026-09-23T08:35:14.730Z
10307,focus-energy,3.4,https://op.gg/pokemon-champions/pokedex/mega-absol-z,2026-09-23T08:35:14.730Z
10308,close-combat,94.4,https://op.gg/pokemon-champions/pokedex/mega-staraptor,2026-09-23T08:35:14.730Z
10308,brave-bird,90.9,https://op.gg/pokemon-champions/pokedex/mega-staraptor,2026-09-23T08:35:14.730Z
10308,roost,79.1,https://op.gg/pokemon-champions/pokedex/mega-staraptor,2026-09-23T08:35:14.730Z
10308,blaze-kick,46.3,https://op.gg/pokemon-champions/pokedex/mega-staraptor,2026-09-23T08:35:14.730Z
10308,u-turn,19.4,https://op.gg/pokemon-champions/pokedex/mega-staraptor,2026-09-23T08:35:14.730Z
10308,final-gambit,14.1,https://op.gg/pokemon-champions/pokedex/mega-staraptor,2026-09-23T08:35:14.730Z
10308,substitute,12.3,https://op.gg/pokemon-champions/pokedex/mega-staraptor,2026-09-23T08:35:14.730Z
10308,whirlwind,7.2,https://op.gg/pokemon-champions/pokedex/mega-staraptor,2026-09-23T08:35:14.730Z
10308,double-edge,6.5,https://op.gg/pokemon-champions/pokedex/mega-staraptor,2026-09-23T08:35:14.730Z
10308,quick-attack,6.3,https://op.gg/pokemon-champions/pokedex/mega-staraptor,2026-09-23T08:35:14.730Z
10309,earthquake,66.5,https://op.gg/pokemon-champions/pokedex/mega-garchomp-z,2026-09-23T08:35:14.730Z
10309,stealth-rock,39.8,https://op.gg/pokemon-champions/pokedex/mega-garchomp-z,2026-09-23T08:35:14.730Z
10309,draco-meteor,30.7,https://op.gg/pokemon-champions/pokedex/mega-garchomp-z,2026-09-23T08:35:14.730Z
10309,flamethrower,28.3,https://op.gg/pokemon-champions/pokedex/mega-garchomp-z,2026-09-23T08:35:14.730Z
10309,dragon-tail,27.1,https://op.gg/pokemon-champions/pokedex/mega-garchomp-z,2026-09-23T08:35:14.730Z
10309,earth-power,25.1,https://op.gg/pokemon-champions/pokedex/mega-garchomp-z,2026-09-23T08:35:14.730Z
10309,outrage,24.9,https://op.gg/pokemon-champions/pokedex/mega-garchomp-z,2026-09-23T08:35:14.730Z
10309,rock-tomb,19.5,https://op.gg/pokemon-champions/pokedex/mega-garchomp-z,2026-09-23T08:35:14.730Z
10309,power-gem,18.6,https://op.gg/pokemon-champions/pokedex/mega-garchomp-z,2026-09-23T08:35:14.730Z
10309,scale-shot,18.2,https://op.gg/pokemon-champions/pokedex/mega-garchomp-z,2026-09-23T08:35:14.730Z
10310,dark-pulse,78.1,https://op.gg/pokemon-champions/pokedex/mega-lucario-z,2026-09-23T08:35:14.730Z
10310,nasty-plot,77.8,https://op.gg/pokemon-champions/pokedex/mega-lucario-z,2026-09-23T08:35:14.730Z
10310,flash-cannon,73.6,https://op.gg/pokemon-champions/pokedex/mega-lucario-z,2026-09-23T08:35:14.730Z
10310,aura-sphere,72.7,https://op.gg/pokemon-champions/pokedex/mega-lucario-z,2026-09-23T08:35:14.730Z
10310,vacuum-wave,37.7,https://op.gg/pokemon-champions/pokedex/mega-lucario-z,2026-09-23T08:35:14.730Z
10310,steel-beam,21,https://op.gg/pokemon-champions/pokedex/mega-lucario-z,2026-09-23T08:35:14.730Z
10310,close-combat,5.5,https://op.gg/pokemon-champions/pokedex/mega-lucario-z,2026-09-23T08:35:14.730Z
10310,swords-dance,4.3,https://op.gg/pokemon-champions/pokedex/mega-lucario-z,2026-09-23T08:35:14.730Z
10310,meteor-mash,4,https://op.gg/pokemon-champions/pokedex/mega-lucario-z,2026-09-23T08:35:14.730Z
10310,focus-blast,3.9,https://op.gg/pokemon-champions/pokedex/mega-lucario-z,2026-09-23T08:35:14.730Z
10313,poltergeist,74.8,https://op.gg/pokemon-champions/pokedex/mega-golurk,2026-09-23T08:35:14.730Z
10313,ice-punch,65.8,https://op.gg/pokemon-champions/pokedex/mega-golurk,2026-09-23T08:35:14.730Z
10313,headlong-rush,61,https://op.gg/pokemon-champions/pokedex/mega-golurk,2026-09-23T08:35:14.730Z
10313,earthquake,30.3,https://op.gg/pokemon-champions/pokedex/mega-golurk,2026-09-23T08:35:14.730Z
10313,fire-punch,23.7,https://op.gg/pokemon-champions/pokedex/mega-golurk,2026-09-23T08:35:14.730Z
10313,drain-punch,20.7,https://op.gg/pokemon-champions/pokedex/mega-golurk,2026-09-23T08:35:14.730Z
10313,dynamic-punch,17.1,https://op.gg/pokemon-champions/pokedex/mega-golurk,2026-09-23T08:35:14.730Z
10313,stone-edge,14.7,https://op.gg/pokemon-champions/pokedex/mega-golurk,2026-09-23T08:35:14.730Z
10313,thunder-punch,13.1,https://op.gg/pokemon-champions/pokedex/mega-golurk,2026-09-23T08:35:14.730Z
10313,close-combat,12.9,https://op.gg/pokemon-champions/pokedex/mega-golurk,2026-09-23T08:35:14.730Z
10314,reflect,60.5,https://op.gg/pokemon-champions/pokedex/mega-meowstic,2026-09-23T08:35:14.730Z
10314,light-screen,57.7,https://op.gg/pokemon-champions/pokedex/mega-meowstic,2026-09-23T08:35:14.730Z
10314,yawn,41.3,https://op.gg/pokemon-champions/pokedex/mega-meowstic,2026-09-23T08:35:14.730Z
10314,psychic,35.6,https://op.gg/pokemon-champions/pokedex/mega-meowstic,2026-09-23T08:35:14.730Z
10314,alluring-voice,30,https://op.gg/pokemon-champions/pokedex/mega-meowstic,2026-09-23T08:35:14.730Z
10314,expanding-force,18.1,https://op.gg/pokemon-champions/pokedex/mega-meowstic,2026-09-23T08:35:14.730Z
10314,psychic-terrain,14.5,https://op.gg/pokemon-champions/pokedex/mega-meowstic,2026-09-23T08:35:14.730Z
10314,thunderbolt,12.2,https://op.gg/pokemon-champions/pokedex/mega-meowstic,2026-09-23T08:35:14.730Z
10314,calm-mind,11.2,https://op.gg/pokemon-champions/pokedex/mega-meowstic,2026-09-23T08:35:14.730Z
10314,wish,10.9,https://op.gg/pokemon-champions/pokedex/mega-meowstic,2026-09-23T08:35:14.730Z
10315,ice-hammer,84.1,https://op.gg/pokemon-champions/pokedex/mega-crabominable,2026-09-23T08:35:14.730Z
10315,mach-punch,83.8,https://op.gg/pokemon-champions/pokedex/mega-crabominable,2026-09-23T08:35:14.730Z
10315,drain-punch,81,https://op.gg/pokemon-champions/pokedex/mega-crabominable,2026-09-23T08:35:14.730Z
10315,thunder-punch,67.7,https://op.gg/pokemon-champions/pokedex/mega-crabominable,2026-09-23T08:35:14.730Z
10315,earthquake,17.9,https://op.gg/pokemon-champions/pokedex/mega-crabominable,2026-09-23T08:35:14.730Z
10315,close-combat,15,https://op.gg/pokemon-champions/pokedex/mega-crabominable,2026-09-23T08:35:14.730Z
10315,ice-punch,13.6,https://op.gg/pokemon-champions/pokedex/mega-crabominable,2026-09-23T08:35:14.730Z
10315,bulk-up,7.6,https://op.gg/pokemon-champions/pokedex/mega-crabominable,2026-09-23T08:35:14.730Z
10315,crabhammer,6.8,https://op.gg/pokemon-champions/pokedex/mega-crabominable,2026-09-23T08:35:14.730Z
10315,knock-off,6.8,https://op.gg/pokemon-champions/pokedex/mega-crabominable,2026-09-23T08:35:14.730Z
10316,iron-head,74.9,https://op.gg/pokemon-champions/pokedex/mega-golisopod,2026-09-23T08:35:14.730Z
10316,first-impression,65.1,https://op.gg/pokemon-champions/pokedex/mega-golisopod,2026-09-23T08:35:14.730Z
10316,sucker-punch,61.9,https://op.gg/pokemon-champions/pokedex/mega-golisopod,2026-09-23T08:35:14.730Z
10316,leech-life,40,https://op.gg/pokemon-champions/pokedex/mega-golisopod,2026-09-23T08:35:14.730Z
10316,u-turn,37.3,https://op.gg/pokemon-champions/pokedex/mega-golisopod,2026-09-23T08:35:14.730Z
10316,drill-run,30,https://op.gg/pokemon-champions/pokedex/mega-golisopod,2026-09-23T08:35:14.730Z
10316,swords-dance,24.5,https://op.gg/pokemon-champions/pokedex/mega-golisopod,2026-09-23T08:35:14.730Z
10316,close-combat,20.5,https://op.gg/pokemon-champions/pokedex/mega-golisopod,2026-09-23T08:35:14.730Z
10316,aqua-jet,17,https://op.gg/pokemon-champions/pokedex/mega-golisopod,2026-09-23T08:35:14.730Z
10316,bulk-up,12.7,https://op.gg/pokemon-champions/pokedex/mega-golisopod,2026-09-23T08:35:14.730Z
10320,protect,85.4,https://op.gg/pokemon-champions/pokedex/mega-scovillain,2026-09-23T08:35:14.730Z
10320,leech-seed,81.8,https://op.gg/pokemon-champions/pokedex/mega-scovillain,2026-09-23T08:35:14.730Z
10320,giga-drain,72.9,https://op.gg/pokemon-champions/pokedex/mega-scovillain,2026-09-23T08:35:14.730Z
10320,flamethrower,71.8,https://op.gg/pokemon-champions/pokedex/mega-scovillain,2026-09-23T08:35:14.730Z
10320,leaf-storm,24.9,https://op.gg/pokemon-champions/pokedex/mega-scovillain,2026-09-23T08:35:14.730Z
10320,burning-jealousy,15,https://op.gg/pokemon-champions/pokedex/mega-scovillain,2026-09-23T08:35:14.730Z
10320,substitute,12.7,https://op.gg/pokemon-champions/pokedex/mega-scovillain,2026-09-23T08:35:14.730Z
10320,overheat,9.3,https://op.gg/pokemon-champions/pokedex/mega-scovillain,2026-09-23T08:35:14.730Z
10320,super-fang,4.2,https://op.gg/pokemon-champions/pokedex/mega-scovillain,2026-09-23T08:35:14.730Z
10320,fire-spin,3.3,https://op.gg/pokemon-champions/pokedex/mega-scovillain,2026-09-23T08:35:14.730Z
10321,power-gem,81,https://op.gg/pokemon-champions/pokedex/mega-glimmora,2026-09-23T08:35:14.730Z
10321,stealth-rock,68.1,https://op.gg/pokemon-champions/pokedex/mega-glimmora,2026-09-23T08:35:14.730Z
10321,earth-power,62.6,https://op.gg/pokemon-champions/pokedex/mega-glimmora,2026-09-23T08:35:14.730Z
10321,sludge-wave,51.8,https://op.gg/pokemon-champions/pokedex/mega-glimmora,2026-09-23T08:35:14.730Z
10321,mortal-spin,29,https://op.gg/pokemon-champions/pokedex/mega-glimmora,2026-09-23T08:35:14.730Z
10321,energy-ball,25.6,https://op.gg/pokemon-champions/pokedex/mega-glimmora,2026-09-23T08:35:14.730Z
10321,mud-shot,16.9,https://op.gg/pokemon-champions/pokedex/mega-glimmora,2026-09-23T08:35:14.730Z
10321,sludge-bomb,16.4,https://op.gg/pokemon-champions/pokedex/mega-glimmora,2026-09-23T08:35:14.730Z
10321,spiky-shield,9.7,https://op.gg/pokemon-champions/pokedex/mega-glimmora,2026-09-23T08:35:14.730Z
10321,toxic,9.4,https://op.gg/pokemon-champions/pokedex/mega-glimmora,2026-09-23T08:35:14.730Z
10325,earthquake,91.2,https://op.gg/pokemon-champions/pokedex/mega-baxcalibur,2026-09-23T08:35:14.730Z
10325,ice-shard,91,https://op.gg/pokemon-champions/pokedex/mega-baxcalibur,2026-09-23T08:35:14.730Z
10325,glaive-rush,81.8,https://op.gg/pokemon-champions/pokedex/mega-baxcalibur,2026-09-23T08:35:14.730Z
10325,icicle-crash,50.4,https://op.gg/pokemon-champions/pokedex/mega-baxcalibur,2026-09-23T08:35:14.730Z
10325,swords-dance,30.8,https://op.gg/pokemon-champions/pokedex/mega-baxcalibur,2026-09-23T08:35:14.730Z
10325,dragon-dance,26.4,https://op.gg/pokemon-champions/pokedex/mega-baxcalibur,2026-09-23T08:35:14.730Z
10325,icicle-spear,15.1,https://op.gg/pokemon-champions/pokedex/mega-baxcalibur,2026-09-23T08:35:14.730Z
10325,thunder-fang,3.7,https://op.gg/pokemon-champions/pokedex/mega-baxcalibur,2026-09-23T08:35:14.730Z
10325,iron-head,2.7,https://op.gg/pokemon-champions/pokedex/mega-baxcalibur,2026-09-23T08:35:14.730Z
10325,scale-shot,1.8,https://op.gg/pokemon-champions/pokedex/mega-baxcalibur,2026-09-23T08:35:14.730Z
